Sentences,Emotion
ক্রিকেটে ডাক শব্দটা আমরা বহুবার শুনেছি এবং,Negative
রানে আউট হয়ে যানতখন তাঁকে ডাক বলা হয়ে থাকে কিন্তু এই,Negative
ভাবে হয়েছে আর কত প্রকার ডাক ক্রিকেটের সঙ্গে জড়িত একটু জেনে,Negative
এর পর থেকেই ক্রিকেটের ইতিহাসে ডাক শব্দের প্রচলন আরও একটা কারণের,Negative
আরও একটা কারণের জন্যও এই ডাক শব্দটি বলা হয় তা হল,Negative
ডিমের মতো দেখতে লাগে বলেও ডাক শব্দটা ব্যবহার করা হয়,Negative
গোল্ডেন ডাক হল যখন কোনও ব্যাটসম্যান প্রথম,Negative
বলেই আউট হয়ে যানতখন গোল্ডেন ডাক শব্দটি ব্যবহার করা হয় সিলভার,Negative
শব্দটি ব্যবহার করা হয় সিলভার ডাক তখন ব্যবহার করা হয় যখন,Negative
শূন্য রানে আউট হন ব্রোঞ্জ ডাক হল কোনও ব্যাটসম্যান তৃতীয় বলে,Negative
শব্দটি ব্যবহার করা হয় ডায়মণ্ড ডাক হল কোনও ব্যাটসম্যান ননস্ট্রাইকার এন্ডে,Negative
যান তা হলে তাকে ডায়মণ্ড ডাক বলা হয়,Negative
আউট হনতাকে বলা হয় ডায়মন্ড ডাক এটি কেবল দুটি ক্ষেত্রেই সম্ভব,Negative
উইলিয়ামসন এবং কেএল রাহুল ডায়মন্ড ডাক পেয়ে আউট হন,Negative
বার শূন্য রানে আউট বা ডাক হয়েছেন জাহির খান লজ্জার এই,Negative
বার কোনও রান করার আগেই ডাক ড্রেসিংরুমে ফিরেছেন দিল্লির পেসার হরভজন,Negative
শূন্য রানে আউট হয়েছেন বা ডাক হয়েছেন তালিকায় চতুর্থ অনিল কুম্বলে,Negative
সবচেয়ে বেশিবার শূন্য করেছেন বা ডাক আউট হয়েছেন সচিন তেন্ডুলকর সব,Negative
বার কোনও রান করার আগেই ডাক আউট হয়েছেন মাস্টার ব্লাস্টার কর্নাটকের,Negative
ইনিংসে কোনও রান করার আগেই ডাক আউট হয়েছেন বোলারদের ঘুম ছুটিয়ে,Negative
তিনি কোনও রান না করেই ডাক আউট হয়ে ফিরেছিলেন,Negative
তালিকায় ২৯ বার শূন্য রানে ডাক আউট হয়ে ফিরেছেন কপিল সৌরভ,Negative
বার কোনও রান করার আগেই ডাক আউট হয়েছেন ২৬ বার কোনও,Negative
বার কোনও রান করার আগেই ডাক আউট হয়ে প্যাভিলিয়নে ফিরতে হয়েছে,Negative
অভিশপ্ত এই ডাক তালিকায় ঢুকে পড়েছেন বিরাট কোহলিও,Negative
ফিরলেন কোনও রান না করে ডাক আউট হয়ে ২৬ বার শূন্য,Negative
হয়ে ২৬ বার শূন্য রানে ডাক হয়ে ফিরেছেন কোহলি আন্তর্জাতিক ক্রিকেটে,Negative
হিসাবে ১১ বার শূন্য রানে ডাক আউট হয়ে ফিরেছেন,Negative
মোট ২৫ বার শূন্য রানে ডাক আউট ফিরেছেন নিঃসন্দেহে এই ডাক,Negative
ডাক আউট ফিরেছেন নিঃসন্দেহে এই ডাক আউট হওয়ার রেকর্ড তার কেরিয়ারের,Negative
কেরিয়ারের পক্ষে শুভকর হয়নি এই ডাক আউট হওয়ার জন্য আন্তর্জাতিক ক্রিকেটে,Neutral
শূন্য রান যার ইংরেজি হল ডাক এটি একটি ক্রিকেটীয় পরিভাষা যখন,Neutral
শূন্য রানে আউট হয়েছেন বা ডাক আউট হয়েছেন বলে গণ্য করা,Neutral
খেলায় প্রথম শূন্য রানের বা ডাক হওয়ার ঘটনা ঘটে ক্রিকেট ইতিহাসের,Neutral
ক্রিকেটে সর্বাধিক শূন্য রানের বই ডাক আউট হওয়ার অধিকারী হচ্ছেন বিখ্যাত,Neutral
তিনি সর্বমোট ৪৩বার শূন্য রানে ডাক আউট হয়ে প্যাভিলিয়নে ফেরৎ যেতে,Neutral
সামগ্রিকভাবে ১৫৬বার শূন্য রান বা ডাক পেয়েছেন ওরচেস্টারশায়ার ও ইংল্যান্ডের খেলোয়াড়,Neutral
অ্যাশেজ সিরিজে শূন্য রানের বা ডাক আউট হওয়া টেস্টের ইতিহাসের অন্যতম,Neutral
বলে বোল্ড হলে শূন্য রানে ডাক আউট হয়ে প্যাভিলিয়নে ফেরৎ যান,Neutral
মৌসুমে প্রথম বলেই শূন্য রানে ডাক আউট হয়েছিলেন ফলশ্রুতিতেঅন্ধ ক্রিকেটারদেরকে আর্থিক,Neutral
যেকোন স্তরের ক্রিকেটে প্রথম বলেই ডাক আউট হওয়া যেকেউ এ ক্লাবের,Neutral
কিন্তু সহজ সরল প্রথম বলেই ডাক আউট হয়ে গেলো সে অর্থাৎ,Neutral
তাকে আমাদের পাড়ার পক্ষে এই ডাক আউট হওয়ার ঘটনা সত্যিই খুব,Neutral
হওয়ার ঘটনা সত্যিই খুব হতাশাজনক ডাক আউট হওয়ার এমন ঘটনা গজাই,Neutral
খেলতে নেমে প্রথম বলেই ডাক আউট হয়ে মাঠ ছেড়ে বেরিয়ে,Neutral
করে বাথ হাতে বেরিয়ে এলো ডাক আউট হওয়ার পরে তার কিছু,Neutral
কোচও যথেষ্ট বিরক্ত হলেন তার ডাক আউট হয়ে ফায়ার আসার ঘটনায়,Neutral
না করে আউট হনতাকে ক্রিকেটে ডাক বলে হাঁস হল সবচেয়ে জনপ্রিয়,Neutral
ক্রিকেট ভক্তরা ব্যবহার করেন একটি ডাক প্রায়ই ব্যাটারের জন্য যন্ত্রণার কারণ,Neutral
যদিও ক্রিকেট ইতিহাসে সবচেয়ে বেশি ডাক থাকা অবশ্যই গর্ব করার মতো,Neutral
বার শূন্য রানে আউট বা ডাক আউট হয়েছিলেন যাইহোকতার কৃতিত্বের জন্যমুরালিধরনের,Neutral
তাকে স্কোর করতে না দিয়ে ডাক আউট করে প্রতিপক্ষের ব্যাটার থেকে,Neutral
ক্রিকেটেতবেব্যাটিংয়ের মান বেশ উঁচু হওয়ায় ডাক হওয়াটা সাধারণ ঘটনা নয় প্রতিপক্ষের,Neutral
জন্য একে কখনও কখনও হাস্যকর ডাক বলা হয় এই ধরনের ডাক,Neutral
ডাক বলা হয় এই ধরনের ডাক বেশ সাধারণ কারণ টেইলেন্ডাররা তাদের,Neutral
একটি টাইটানিয়াম ডাক একটি ডায়মন্ড ডাক এর মতো,Neutral
একটি টাইটানিয়াম ডাক একটি ডায়মন্ড ডাক এর মতো এই অর্থে যে,Neutral
একটি ডেলিভারির মুখোমুখি না হয়েই ডাক আউট হয়ে যায় যাইহোকএখানে পার্থক্য,Neutral
কিন্তু অন্যান্য উদাহরণ হতে পারে ডাক একটি বহুল ব্যবহৃত শব্দ নয়,Neutral
বলে আউট হনতখন তাকে গোল্ডেন ডাক বলা হয় গোল্ডেন ডাক হওয়ার,Neutral
গোল্ডেন ডাক বলা হয় গোল্ডেন ডাক হওয়ার জন্য ব্যাটারকে আউট করা,Positive
বেপরোয়া শট খেলে দলের জন্য ডাক আউট হয়ে চলে যায়,Positive
গ্রেগরি প্রথম শূন্য রান বা ডাক করেছিলেন ডন ব্র্যাডম্যান তার শেষ,Positive
শেষ টেস্ট ইনিংসে শূন্য রানে ডাক আউট হন এবং তিনি 99.94,Positive
টেস্ট ক্রিকেটে সবচেয়ে বেশি সংখ্যক ডাক পাওয়ার রেকর্ডটি কোর্টনি ওয়ালশের ওয়ালশএকজন,Positive
প্রকৃত 11 নম্বরতার নামে 43টি ডাক আউট হওয়ার সন্দেহজনক রেকর্ড রয়েছে,Positive
রয়েছে ওরচেস্টারশায়ারের রেগ পারকস 156টি ডাক এর সাথে প্রথম শ্রেণীর রেকর্ডটি,Positive
অজিত আগরকারভারতীয় পেসারডাকনামে পরিচিত বোম্বে ডাক 1999 সালে ভারতের অধীনে ভারতের,Positive
সফরে অস্ট্রেলিয়ার বিরুদ্ধে টানা সাতটি ডাক আউট হওয়ার পর তিনি এই,Positive
কি প্রথম ব্যাটার যিনি সোনালি ডাক আউট হওয়ার হ্যাটট্রিক করেছেন সম্ভবতপ্রথম,Positive
ইনিংসে প্রথম বলে শূন্য রানে ডাক আউট হয়ে বিদায় নিয়েছিলেন যদি,Positive
মিচেল স্টার্ক প্রথম দুই ইনিংসে ডাক আউট হওয়ার শিকার হনতবে অ্যাশটন,Positive
সিরিজে কোন ব্যাটার কখনও গোল্ডেন ডাক পেয়ে আউট হয়নি এই প্রথম,Positive
প্রথম কোনো ব্যাটার পরপর গোল্ডেন ডাক পেয়ে আউট হলেন ডাক আউট,Positive
গোল্ডেন ডাক পেয়ে আউট হলেন ডাক আউট হওয়ার ঘটনার মধ্যে এটি,Positive
রাজকীয় ডাক হল আরেকটি গোল্ডেন ডাক যেখানে,Positive
রাজকীয় ডাক হল আরেকটি গোল্ডেন ডাক যেখানে ওপেনাররা ইনিংসের প্রথম বলে,Positive
সালে ইংল্যান্ডের বিরুদ্ধে ওডিআইতে রাজকীয় ডাক অর্জন করেছিলেন এমনকি প্রাক্তন কিংবদন্তি,Positive
হাতে ধরা পড়ে ওডিআইতে রাজকীয় ডাক আউট হওয়ার খেতাব পাওয়া সুনীল,Positive
করতে হয় নামটি মজার হলেওএই ডাক ব্যাটারের জন্য একটি মজার মুহূর্ত,Positive
ক্রিকেটার টেস্ট ক্রিকেটে দীর্ঘতম নন ডাক স্প্রিন্ট হিসেবে পরিচিত তাঁর কেরিয়ারের,Positive
রেকর্ড করার জন্য ক্রিকেটের ইতিহাসে ডাক আউট হওয়ার ঘটনা বিশেষ বিরল,Positive
ক্যারিয়ারে সবচেয়ে বেশি পরিমাণে গোল্ডেন ডাক আউট করার জন্য বিখ্যাত তিনি,Positive
বিখ্যাত তিনি প্রায় ১৩টির কাছাকাছি ডাক আউট করেছেন তাঁর গোটা কেরিয়ারে,Positive
পোস্ট হল ভারতের একটি সরকারচালিত ডাক ব্যবস্থাযা যোগাযোগ মন্ত্রকের অধীনস্থ ডাক,Positive
ডাক ব্যবস্থাযা যোগাযোগ মন্ত্রকের অধীনস্থ ডাক বিভাগের অংশ সাধারণত ডাক ঘর,Positive
অধীনস্থ ডাক বিভাগের অংশ সাধারণত ডাক ঘর নামে পরিচিতএটি বিশ্বের সবচেয়ে,Positive
বিশ্বের সবচেয়ে ব্যাপকভাবে বিতরণ করা ডাক ব্যবস্থা ওয়ারেন হেস্টিংস ইস্ট ইন্ডিয়া,Positive
কোম্পানির অধীনে ১৭৬৬ সালে দেশে ডাক পরিষেবা চালু করার উদ্যোগ নিয়েছিলেন,Positive
ভারতীয় ডাক পরিষেবা মেইল পোস্টমানি অর্ডারের মাধ্যমে,Positive
লাইফ ইন্স্যুরেন্স পিএলআই এবং গ্রামীণ ডাক জীবন বীমা আরপিএলআই এর অধীনে,Positive
পরিষেবা প্রদানের সাথে জড়িত ভারতীয় ডাক বিভাগ নাগরিকদের জন্য অন্যান্য পরিষেবা,Positive
দেশটিকে তেইশটি পোস্টাল সার্কেলে বা ডাক আবর্তে বিভক্ত করা হয়েছেপ্রতিটি সার্কেলের,Positive
আবর্তে বিভক্ত করা হয়েছেপ্রতিটি সার্কেলের ডাক বিভাগীয় প্রধান পোস্টমাস্টার জেনারেল প্রতিটি,Positive
ফিল্ড ইউনিট নিয়ে গঠিত এই ডাক বিভাগগুলো আবার উপবিভাগে বিভক্ত ১২৩টি,Positive
মহাপরিচালকের নেতৃত্বে ভারতের সশস্ত্র বাহিনীতে ডাক পরিষেবা প্রদানের জন্য একটি বেস,Positive
বিশ্বের উচ্চতম পোস্ট অফিসগুলির বা ডাক ঘরগুলির মধ্যে একটি হল হিক্কিমেউত্তর,Positive
সংযোগ সন্দেহাতীতভাবেভারতের সর্বোচ্চ উচ্চতায় অবস্থিত ডাক অফিস পোস্ট অফিস এই বিচ্ছিন্ন,Positive
অংশের সাথে সংযুক্ত করে এটি ডাক চিঠি গ্রহণ করে এবং পাঠায়,Positive
পারে নির্ভীক ভ্রমণকারীরা পৃথিবীর সর্বোচ্চ ডাক বিভাগ থেকে তাদের চিঠি পাঠানোর,Positive
করে চলেছেবিভিন্ন পরিষেবা প্রদান করে ডাক সংস্থার কাঠামোর শীর্ষে রয়েছে অধিদপ্তর;,Positive
রয়েছে অধিদপ্তর; এর নিচে রয়েছে ডাক সার্কেল অফিসআঞ্চলিক অফিসসুপারিনটেনডেন্ট অফিসহেড পোস্ট,Positive
শাখা অফিস এপ্রিল ১৯৫৯ সালেভারতীয় ডাক বিভাগ সাহায্যের আগে সেবা নীতিটি,Positive
এশিয়ার প্রথম আঠালো ডাক টিকিট ১৮৫২ সালের জুলাই মাসে,Positive
রোল্যান্ড হিলের একজন প্রশংসক ছিলেনইংরেজ ডাক সংস্কারক যিনি পেনি পোস্ট প্রবর্তন,Positive
সিন্দে ডকস নামে পরিচিত হয়; ডাক হল হিন্দুস্তানি শব্দ ডাক এর,Positive
হয়; ডাক হল হিন্দুস্তানি শব্দ ডাক এর ইংরেজি বানান ১২আনা মূল্যের,Positive
ব্যবহার করা হয়েছিল প্রথম সর্বভারতীয় ডাক টিকিট ১ অক্টোবর ১৮৫৪ সালে,Positive
সরকারচালিত সামরিক মেইল সিস্টেম বা ডাক পরিষেবা হিসাবে কাজ করে আর্মি,Positive
বৈশিষ্ট্য হল যে সাধারণত তাদের ডাক পরিষেবায় ভর্তুকি দেওয়া হয় এবং,Positive
ডিউটি স্টেশন এবং স্বদেশের মধ্যে ডাক মাধ্যমে করা সামরিক মেল বা,Positive
দেশে চিঠি এবং অথবা প্যাকেজ ডাক পরিষেবার মাধ্যমে প্রেরণ করতে পারে,Positive
এটা আশ্চর্যের কিছু নয় যে ডাক ব্যবস্থার প্রাচীনতম ঐতিহাসিক উল্লেখগুলির মধ্যে,Positive
যে একটি পোস্ট হাউস বা ডাক ঘর রিলে সিস্টেম প্রথম বিকশিত,Positive
হয়েছিল এবং মঙ্গোল সম্রাটদের অধীনে ডাক বিভাগ উন্নয়নের একটি উচ্চ অবস্থান,Positive
শতাব্দীতে সাইরাসের মহান পারস্য সাম্রাজ্যও ডাক ঘর দ্বারা পরিবেশিত মাউন্টেড মেসেঞ্জারগুলির,Positive
হেরোডোটাস এবং জেনোফোন দ্বারা এই ডাক ব্যবস্থাটি অনুকূলভাবে বর্ণনা করা হয়েছিল,Positive
তাদের রাজনৈতিক বিভাজনগুলি একটি সুসংগত ডাক ব্যবস্থার বৃদ্ধিকে বাধা দেয়যদিও প্রতিটি,Positive
প্রাতিষ্ঠানিক ডাক ব্যবস্থা যা পরবর্তী মধ্যযুগে বিকশিত,Positive
বিকশিত হয়েছিলতারাও ব্যক্তিগত ব্যক্তিদের মধ্যে ডাক মাধ্যমে চিঠি পাঠাতসরকারী অনুমোদন সহ,Positive
তুলনামূলকভাবে কম ছিল তাদের নিজস্ব ডাক পরিষেবা সহ প্রতিষ্ঠানের বাইরেতাদের নিজস্ব,Positive
পনেরো শতকের শেষের দিকেতবেউন্নত ডাক পরিষেবার প্রবণতা গুটেনবার্গের ছাপাখানা সি.,Positive
লাভজনক ব্যবসা বহনকারী চিঠি ও ডাক ব্যবস্থা তৈরি করেছেযার ফলে ব্যক্তিগত,Positive
কেউঅস্ট্রিয়ার পার পরিবারের মতোজাতীয় পর্যায়ে ডাক সংস্থা গড়ে তুলেছে,Positive
এখন পর্যন্ত এই ধরনের ডাক সিস্টেমের মধ্যে সবচেয়ে বিখ্যাত এবং,Positive
পৃষ্ঠপোষকতায়তারা সাম্রাজ্যের সম্পত্তির সাথে সংযোগকারী ডাক রুটের একটি বিস্তৃত নেটওয়ার্কের সংগঠক,Positive
নেটওয়ার্কের সংগঠক হয়ে ওঠে তাদের ডাক সিস্টেমটি 16 শতক জুড়ে বিকাশ,Positive
যা দ্রুতদক্ষ এবং অত্যন্ত লাভজনক ডাক ব্যবস্থা ছিল,Positive
যদিও Thurn এবং Taxis ডাক ব্যবস্থার অবশিষ্টাংশ জার্মানিতে আঠারোশো ষাটসাল,Positive
সাথে শক্তিশালী কেন্দ্রীয় সরকারগুলির সাথে ডাক ক্ষেত্রের এই প্রবণতার প্রথম প্রতিফলন,Positive
একাদশ 1477 সালে একটি রাজকীয় ডাক পরিষেবা স্থাপন করেন,Positive
বিকিরণকারী প্রধান সড়কগুলিতে একটি নিয়মিত ডাক পরিষেবা বজায় রাখার জন্য একজন,Positive
পোস্ট নিয়োগ করা হয়েছিল এই ডাক সিস্টেমগুলির মধ্যে কোনটিই ব্যাপক ছিল,Positive
ছিল না নির্দিষ্ট রুট বরাবর ডাক পরিষেবার নিরাপত্তা এবং নিয়মিততা অবশ্য,Positive
অবশ্য অনিবার্যভাবে ক্রমবর্ধমান পরিমাণে অনানুষ্ঠানিক ডাক মাধ্যমে আসা চিঠিপত্র বহন করত,Positive
ফ্রান্সে এই ডাক প্রথা প্রতিরোধের প্রাথমিক প্রচেষ্টার পরএর,Positive
হয়েছিল প্রায় ১৬০০ সালে ব্যক্তিগত ডাক মেইল বহনকে বৈধ করা হয়েছিল,Positive
হয়েছিল এবং পোস্ট অফিসগুলি আর ডাক বিভাগগুলি প্রতিষ্ঠিত হয়েছিল বড় শহরগুলিতে,Positive
লেটারঅফিস নিষ্পত্তির জন্য একটি পৃথক ডাক জনসেবা স্থাপন করা হয়েছিল টমাস,Positive
ধরে দিনরাত্রি চালানোর জন্য নিয়মিত ডাক পরিষেবা সংগঠিত করার দায়িত্ব দেওয়া,Positive
উভয় দেশেএই রাষ্ট্রীয় ডাক ব্যবস্থাগুলি স্বাভাবিকভাবেই একচেটিয়া রূপে বিকশিত,Positive
একচেটিয়া আধিপত্যের অধীনেব্যক্তিগত এবং পৌরসভার ডাক বিভাগীয় পোস্টগুলির দমনের সাথে সাথেপ্রধান,Positive
স্থাপন করা হয়েছিল যদিও সাধারণ ডাক বাহকদের এখনও রাজকীয় ব্যবস্থার অন্তর্ভুক্ত,Positive
ষোলশো চল্লিশ সালে ফ্রান্স ডাক পরিষেবাগুলিকে রাষ্ট্রীয় একচেটিয়া হিসাবে ঘোষণা,Positive
অধিকার বিক্রি করা হয়েছিল এই ডাক ক্ষেত্রে আইনী অধিকার প্রতিষ্ঠা করেছে,Positive
শেষ পর্যন্ত রাষ্ট্রীয় প্রতিযোগিতার দ্বারা ডাক ব্যবসা থেকে বেরিয়ে যেতে বাধ্য,Positive
প্রতিযোগীযথেষ্ট ক্ষতিপূরণের বিনিময়ে তার শেষ ডাক সুবিধাগুলি ছেড়ে দেয়,Positive
সফল হওয়ার সুযোগ ছিল এইভাবে ডাক ইতিহাসের একটি গুরুত্বপূর্ণ পদক্ষেপলন্ডন এবং,Positive
লন্ডন ছিল প্রথম শহর যা ডাক বিভাগীয় নগর পরিষেবা থেকে উপকৃত,Positive
থেকে উপকৃত হয়েছিল পরে এই ডাক ব্যবস্থা বিপুল জনপ্রিয়তা অর্জন করে,Positive
ডাক স্কিমের উল্লেখযোগ্য বৈশিষ্ট্যগুলি হল যে,Positive
নির্দেশ করার জন্য স্ট্যাম্পযুক্ত ছিল ডাক ডেলিভারি প্রায় ঘন্টায় করা হয়ডকওরার,Positive
ডেলিভারি প্রায় ঘন্টায় করা হয়ডকওরার ডাক পরিকল্পনা এতটাই সফল হয়েছিল যে,Positive
পর্যন্ত প্যারিসে একটি অনুরূপ স্থানীয় ডাক পরিষেবা চালু হয়েছিল এটিও দ্রুত,Positive
চালু হয়েছিল এটিও দ্রুত রাষ্ট্রীয় ডাক ব্যবস্থা দ্বারা শোষিত হয়েছিল,Positive
আঠারো শতকের পরবর্তী সময়ে ইংল্যান্ডে ডাক ব্যবস্থার অগ্রগতির গতি উল্লেখযোগ্য অর্থনৈতিক,Positive
কেন্দ্রগুলিতে আরও ভাল মেল বা ডাক পরিষেবার চাহিদার দ্বারা ত্বরান্বিত হয়েছিল,Positive
হিসাবে সবচেয়ে আকর্ষণীয় উন্নতি এসেছে ডাক বিভাগে যা প্রায় 1765 সালে,Positive
1784 সালে পোস্ট অফিস বা ডাক ঘরগুলি দ্বারা প্রথম ব্যবহার করা,Positive
একটি সাবধানে নিয়ন্ত্রিত ডাক পরিষেবা গতিফ্রিকোয়েন্সি এবং নিরাপত্তার মানগুলির,Positive
অভূতপূর্বএই সময়ের মধ্যে বিকশিত হয়েছিল ডাক বাহকেরা গড়ে ঘন্টায় ছয় বা,Positive
নকশায় ক্রমাগত উন্নতি 1830এর দশকে ডাক পরিষেবার গতিকে 10 মাইল প্রতি,Positive
ঘন্টায় ঠেলে দেয় স্টেজকোচের মাধ্যমে ডাক মেইল সঞ্চালনের পুরো সিস্টেমের একটি,Positive
দিকে এবং 19 শতকের শুরুতে ডাক পরিষেবার গতি এবং নিয়মিততা উন্নত,Positive
হয়েছিল 1789 সালে শুধুমাত্র 75টি ডাক ঘর বিদ্যমান ছিলকিন্তু 40 বছর,Positive
40 বছর পরে 8000টিরও বেশি ডাক ঘর গড়ে উঠেছিল,Positive
ইটস ইমপোর্টেন্স অ্যান্ড প্র্যাকট্যাসিবিলিটি প্রকাশনাটিকে ডাক অগ্রগতির সবচেয়ে গুরুত্বপূর্ণ মাইলফলক হিসেবে,Positive
করা হয় পোস্টাল অপারেশনের বা ডাক পরিষেবার খরচ কাঠামোর একটি বিস্তৃত,Positive
করেএটি চূড়ান্তভাবে প্রমাণ করেছে যে ডাক পরিবহন চার্জ একটি চিঠি পরিচালনার,Positive
ডাকের একটি অভিন্ন হারদূরত্ব নির্বিশেষেএবং ডাক ঘর দ্বারা বিক্রি করা আঠালো,Positive
বিক্রি করা আঠালো স্ট্যাম্পের মাধ্যমে ডাক পরিষেবার অগ্রিম পরিশোধ হিল প্রতিটি,Positive
থেকে কিছুটা কম গণনা করে ডাক ব্যবস্থার সবচেয়ে সস্তা বর্তমান হার,Positive
উনিশ শতকের মাঝামাঝি সাধারণ ডাক সংস্কারগুলি রেলওয়ে এবং স্টিমশিপের মহান,Positive
থেকে সর্বাধিক সুবিধা নিশ্চিত করেছিল ডাক পরিবহনের এই নতুন মোডগুলি অভ্যন্তরীণ,Positive
বা রেলওয়ে পোস্ট অফিসগুলি বা ডাক ঘরগুলি চলেছিল এই শতাব্দীর শেষের,Positive
এই ধরনের পরিষেবাগুলির একটি জটিল ডাক নেটওয়ার্ক তৈরি করেছিল যা আগের,Positive
স্টেজকোচের সাথে সম্ভবকিছু ক্ষেত্রে এই ডাক পরিষেবা ৪০০ মাইল অতিক্রম করে,Positive
রাষ্ট্রের মধ্যে ডাক সম্পর্ক ছিল দ্বিপাক্ষিক ডাক চুক্তির,Positive
মধ্যে ডাক সম্পর্ক ছিল দ্বিপাক্ষিক ডাক চুক্তির বিষয় যা উনিশ শতকে,Positive
একক তখন ব্যবহার করা হচ্ছে ডাক অ্যাকাউন্টগুলি একটি জটিলতা অর্জন করেছে,Positive
বিশৃঙ্খল পরিস্থিতি এবং উচ্চ আন্তর্জাতিক ডাক মূল্যের কারণে ভোগেন যা এর,Positive
ডাক সংস্কারের দিকে প্রথম ব্যবহারিক পদক্ষেপ,Positive
আসেনিতখন 15টি ইউরোপীয় এবং আমেরিকান ডাক প্রশাসনের প্রতিনিধিরা প্যারিস ডাক সম্মেলনে,Positive
আমেরিকান ডাক প্রশাসনের প্রতিনিধিরা প্যারিস ডাক সম্মেলনে মিলিত হয়েছিলযা মার্কিন পোস্টমাস্টার,Positive
জেনারেলের পরামর্শে আহ্বান করেছিল এই ডাক সম্মেলন পদ্ধতির সরলীকরণের জন্য গুরুত্বপূর্ণ,Positive
হিসাবে গৃহীত হয়েছিল পরবর্তীকালে এটি ডাক ব্যবস্থার উন্নতির সুদীর্ঘ পথের একটি,Positive
আঠারোশো আটষট্টি সালেউত্তর জার্মান কনফেডারেশনের ডাক বিভাগীয় ডিরেক্টর দ্বারা একটি সাধারণ,Positive
উত্থাপন করা হয়েছিল অবশেষেএকটি আন্তর্জাতিক ডাক কংগ্রেস 15 সেপ্টেম্বর1874 তারিখে বার্নে,Positive
সংক্রান্ত চুক্তি স্বাক্ষরিত হয় এই ডাক চুক্তি 1 জুলাই1875এ বাস্তবায়িত হয়েছিলযখন,Positive
স্বাধীনতার পর ডাক পরিষেবা দ্রুত সম্প্রসারিত হয় বার্ষিক,Positive
অগ্রগতির সাথে তাল মিলিয়ে একটি ডাক কাঠামো প্রতিষ্ঠার জন্য ভারী ব্যয়,Positive
চেয়েও দ্রুত বৃদ্ধি পেয়েছে বার্ষিক ডাক ঘাটতির প্রবণতাযা 1820 এর দশকে,Positive
ভবিষ্যতেও যেকোনো ইসলামবিরোধী কর্মকাণ্ডের বিরুদ্ধে ডাক দেওয়া হবে,Positive
একুশে ফিরিয়া ফিরিয়া আসে নবজীবনের ডাক লইয়া একুশে ডাক দিয়া যায়,Positive
আসে নবজীবনের ডাক লইয়া একুশে ডাক দিয়া যায় উদ্দীপনেরউজ্জীবনের একুশে আমাদের,Positive
প্রায় শেষের দিকে আব্বা আমারে ডাক দিয়া বললেন তোর সাথে কথা,Positive
৪ জেলায় কাল সাধারণ ধর্মঘটের ডাক দেওয়া হয়েছে ধর্মঘট ডাকা হয়েছে,Positive
পক্ষ থেকে বৃহস্পতিবার শিলিগুড়ি চলোর ডাক দেওয়া হয়েছে তার আগে বুধবার,Positive
পরদিন অফিসে ঢুকেই তিনি ডাক দেন একান্ত সচিব আবু সাইদ,Positive
অবহিত করেন তখন চীফ সবাইকে ডাক দেন এবং বলেনকেউ দুর্ব্যবহার করবে,Positive
একটি পরিবারের মতো গড়ে তোলার ডাক দেন তিনি,Positive
এপ্রিল রামলীলা ময়দানে একটি বিক্ষোভের ডাক দিয়েছে জোটটি শিক্ষার অধিকার আইন,Positive
অধিকার আইন ২০০৯এর বিধানগুলির বিরুদ্ধে ডাক দিয়েছে ও প্রতিবাদ করছেযা বলে,Positive
স্কুলগুলির সাথে যুক্ত লোকেরা এই ডাক ও বিক্ষোভের নেতৃত্ব দিচ্ছে NISAএর,Positive
দেখা দিয়েছে শিক্ষাখাতকে বাঁচাতেই এই ডাক ও সমাবেশ 10> জাতিসংঘ ইউএন,Positive
শান্তিপূর্ণ বিক্ষোভের অধিকারকে সম্মান করার ডাক দিয়েছে জাতিসংঘ চীনা সরকারকে শুধুমাত্র,Positive
জন্য বলেছেকারণ বেইজিং দেশব্যাপী ধারাবাহিক ডাক বিক্ষোভ ও বিক্ষোভ নিয়ন্ত্রণ করার,Positive
প্রতিবাদের প্রতিক্রিয়া জানাতে কর্তৃপক্ষকে আমরা ডাক দিতে চাই শান্তিপূর্ণভাবে তাদের মতামত,Positive
উষ্ণায়নের প্রভাবের জন্য অর্থ প্রদানের ডাক দিয়ে রাজনৈতিক বন্দীদের স্বাধীনতার দাবিতে,Positive
ব্লু জোন এর মধ্য দিয়ে ডাক দিয়ে মিছিল করেছেযা জাতিসংঘের অঞ্চল,Positive
জন্য অর্থায়নের জন্যআলোচনার কেন্দ্রবিন্দু হতে ডাক দিয়েছে,Positive
তাদের অগ্রাধিকারগুলি অন্তর্ভুক্ত করার জন্য ডাক দেয় সমাবেশগুলি পরিবেশবাদী কর্মী এবং,Positive
জন্যবিশেষ করে উন্নয়নশীল দেশগুলির জন্য ডাক দেয় প্রতিবাদের সংগঠক আসাদ রেহমান,Positive
করার পর হাজার হাজার মানুষ ডাক দিয়ে রাস্তায় নেমে আসার সময়,Positive
অন্যান্য মেট্রোপলিটন শহরে একই ধরনের ডাক বিক্ষোভ অনুষ্ঠিত হলেওদিল্লিতে ডাক বিক্ষোভ,Positive
ধরনের ডাক বিক্ষোভ অনুষ্ঠিত হলেওদিল্লিতে ডাক বিক্ষোভ এতটাই তীব্র হয়ে ওঠে,Positive
ছাত্র সংগঠনগুলির আয়োজিত এক সমাবেশে ডাক দিয়ে ডিজিটাল নিরাপত্তা আইন বাতিলের,Positive
বামপন্থী ছাত্র সংগঠন গণতান্ত্রিক ছাত্রজোট ডাক দিয়ে এক সমাবেশের আয়োজন করে,Positive
অংশ নেন গণসমাবেশে বক্তব্যের মাঝে ডাক দিয়ে প্রতিবাদী গান ও ডাক,Positive
ডাক দিয়ে প্রতিবাদী গান ও ডাক দিয়ে কবিতা আবৃত্তি করা হয়,Positive
দুইহাজার বারো সালের ডাক বিক্ষোভের তীব্র মিডিয়া কভারেজ অনেক,Positive
রাস্তা ডাক দিয়ে অবরোধ করারাস্তায় ডাক দিয়ে,Positive
রাস্তা ডাক দিয়ে অবরোধ করারাস্তায় ডাক দিয়ে মিছিল করাডাক দিয়ে টায়ার,Positive
এবং পারফরম্যান্স রাখা নারীরা তাদের ডাক শোনাতে পারে এমন কিছু উপায়,Positive
গত কয়েক বছরে নারীরা তাদের ডাক ও প্রতিবাদের অগ্রভাগে রয়েছে,Positive
মহিলাদের উপর তালেবান নিষেধাজ্ঞার বিরুদ্ধে ডাক দিয়ে প্রতিবাদ করার জন্য একটি,Positive
জন্য একটি সমাবেশের সময় উচ্চস্বরে ডাক দিয়ে স্লোগান দিয়েছিলেন সেই অসহায়,Positive
সেই অসহায় নারীদের প্রতিবাদের এই ডাক তাদের এই ধরনের দুর্বলতার বিরুদ্ধে,Positive
দুর্বলতার বিরুদ্ধে আওয়াজ তুলতে ও ডাক দিতে সাহায্য করবে তাদের এই,Positive
দিতে সাহায্য করবে তাদের এই ডাক সমাজের সমস্ত নেতিবাচকতা ও অন্ধকারকে,Positive
তুরস্কের প্রত্যাহারের বিরুদ্ধে মহিলারা প্রতিবাদের ডাক দেয়,Positive
পঁচিশে নভেম্বরসারা বিশ্বের মানুষ নারীর ডাক বিরুদ্ধে সহিংসতা নির্মূলের জন্য আন্তর্জাতিক,Positive
নভেম্বর২০২১এ গুয়াতেমালা সিটিতেগুয়াতেমালা সিটিতে নারীদের ডাক বিরুদ্ধে সহিংসতা নির্মূলের জন্য আন্তর্জাতিক,Positive
একটি প্রতিবাদের সময় নারীদের সেই ডাক বিরুদ্ধে ধোয়া বোম ধরে থাকতে,Positive
গত সপ্তাহেবৈষম্যের বিরুদ্ধে লড়াইয়ের ডাক দিয়ে বৈশ্বিক প্রতিবাদের অংশ হিসেবে,Positive
অংশ হিসেবে হাজার হাজার মানুষ ডাক দিয়ে রাস্তায় নেমেছিল ৩০টিরও বেশি,Positive
বৈশিষ্ট্যযুক্ত ২০১৯ সালেআর্থসামাজিক অন্যায়ের বিরুদ্ধে ডাক দিয়ে গণসংহতি সারা বিশ্বে ছড়িয়ে,Positive
সপ্তাহে গ্রেপ্তারের বিরুদ্ধে দেশব্যাপী অব্যাহত ডাক বিক্ষোভের মধ্যে বৃহস্পতিবার বড় বিক্ষোভটি,Positive
সালের ফাঁসির বার্ষিকী উপলক্ষে একটি ডাক বিক্ষোভে অংশ নেওয়ার পরে কুমারকে,Positive
করেছেভারতের সংসদের কাছে একটি মনোনীত ডাক প্রতিবাদেরএলাকা সেখানে তারা কুমারের অবিলম্বে,Positive
সেখানে তারা কুমারের অবিলম্বে মুক্তির ডাক দেন,Positive
শত শত শিক্ষার্থী চড়া সুরে ডাক দিয়ে প্রতিবাদ করতে বেরিয়েছিল শিক্ষার্থীরা,Positive
পুলিশ এবং রাজ্য মহিলা কমিশনের ডাক শোনার জন্য অপেক্ষা করছে আমরা,Positive
লাইভস ম্যাটার মার্চে চড়া সুরে ডাক দিয়ে আন্দোলনের প্রতি তাদের সমর্থন,Positive
এবং বিশকিছু জাতিগত অবিচারের বিরুদ্ধে ডাক দিয়ে প্রতিবাদ করতে একত্রিত হয়েছিল,Positive
সকলের সমান অধিকারের পক্ষে দাঁড়ানোর ডাক দিয়েছে,Positive
প্রকাশ করার জন্য তীব্র স্বরে ডাক দিয়ে আবেদন করেছে আর এর,Positive
৩ এপ্রিল আইপি কলেজের গেটে ডাক দিয়ে বিক্ষোভের আয়োজন করেছে তারা,Positive
আমরা ঢাবির মহিলারা আমাদের এই ডাক বিক্ষোভের সঠিক উত্তর চাই,Positive
রমেশবাবু প্রতিবেশীরা সকলেই কমবেশি মিশুকেএক ডাক দিলেই পাশে পাওয়া যায় তাদের,Positive
করার জন্য ছেলে ছোকরার দরকার ডাক দিতেই হাজির পাড়ার ক্লাব থেকে,Positive
করতে দিল না তারা এক ডাক দিয়ে আরো কিছু ছেলেপুলে জোগাড়,Positive
আর বঞ্চনার প্রতিবাদে ধর্নায় বসার ডাক দিলেন কর্মচারীদের একাংশ বাকি সবাই,Positive
কর্মচারীদের একাংশ বাকি সবাই সেই ডাক শুনে তাতে সারা দিতে সম্মত,Positive
আর শ্রদ্ধা করেন তাই তার ডাক উপেক্ষা করতে পারেনি প্রায় কেউই,Positive
করতে পারেনি প্রায় কেউই সেই ডাক শুনে সারা দিয়ে ধর্নামঞ্চের সামনে,Positive
কাছে হয়ে যেত তুচ্ছ তার ডাক উপেক্ষা করতে পেরেছে এমন মানুষ,Positive
সুখে দুঃখে বিপদে আপদে যেমন ডাক দিত অমল পাশে এসে দাঁড়ানোরতেমন,Positive
করেই নিজেও অন্যের বিপদের দিনে ডাক পেলে ছুঁটে যেত বিনা বাক্যব্যায়ে,Positive
ভারত ছাড়ো অসামান্য কিংবদন্তি ডাক এই সহজ সরল আবেগপূর্ণ আন্দোলনের,Positive
এই সহজ সরল আবেগপূর্ণ আন্দোলনের ডাক শুনে আর ঘরে বেঁধে থাকতে,Positive
তার আগেও স্বদেশীআইন অমান্য আন্দোলনের ডাক শুনে আবালবৃদ্ধবনিতা এসে জুড়েছিলেন বা,Positive
নিজের আবর্তটুকুতেই সফল করেছিলেন সেই ডাক এর আন্তরিক আবেদন স্বাধীন ভারতের,Positive
কোনো পথপ্রদর্শকের কাছ থেকে এমন ডাক শোনার অপেক্ষাতেই অপেক্ষা করছিলেন লক্ষ,Positive
গুরুদাসবাবু বয়কটের ডাক দিলেন বিদেশী সকল দ্রব্য বা,Positive
তারা প্রতি মুহূর্তে নিজেদের তার ডাক খানি শুনে মনে করতে পারে,Positive
ওপর নির্ভরশীল নয় কোনোভাবেই তার ডাক শুনে অভূতপূর্ব ভাবে সারা দিয়েছিলেন,Positive
বাইরে পা বাড়িয়েছে অমনি মায়ের ডাক ব্যস্ত হয়ে পায়েসের বাটিখানা হাতে,Positive
স্বরণ করলেন ঈশ্বরকে একমনে ঈশ্বরকে ডাক দিয়ে বললেন হে ঠাকুর ভালোমন্দ,Positive
রক্ষা করো মায়ের এই আন্তরিক ডাক যেন অনুরণন ফেলে অমূল্যের মনে,Positive
