Sentences,Emotion
হচ্ছে খুবই রোদে বেরোলে মানুষ ফিট হয়ে পড়ছে এর থেকে সান্সস্ট্রোকের,Negative
অত্যন্ত ভিড়ে দুর্বল বায়ুচলাচল ফিট হওয়ার সাধারণ কারণ এই কারণেই,Negative
মানুষ গঙ্গা সাগরের মেলায় গিয়ে ফিট হয়ে পড়েছে এটা খুবই দুঃখজনক,Negative
পরে খুব দ্রুত উঠলে কেউ ফিট হয়ে যেতে পারে এটা খুব,Negative
এটা খুব স্বাভাবিক ঘটনা তবে ফিট হয়ে পরে গিয়ে যদি মাথা,Negative
কেউই পাশে না থাকলে ভয়ে ফিট হয়ে পড়ে,Negative
একটা অদ্ভুত আওয়াজ শুনতে পেয়ে ফিট হয়ে পড়ে অনিতা অনেকক্ষন জ্ঞান,Negative
ভয়টার জন্যই সকালেও বার বার ফিট হয়ে পড়ছিলো অনিতা,Negative
খেয়েও ঠিক হয় না যন্ত্রনায় ফিট হয়ে পড়ে ছিল তার পর,Negative
হাসপাতালেও বার বার ফিট হয়ে পড়ছিল মানব ডাক্তার দেখে,Negative
কম থাকায় মানব বার বার ফিট হয়ে পড়ছে,Negative
হয় জ্বরের ঘোরে বার বার ফিট হয়ে গেলে মারাত্মক কিছু ঘটতে,Negative
বেড়ে গেছিলো যে বার বার ফিট হয়ে পড়ছিলো এমনি কি হাসপাতালে,Negative
হাসপাতালে নিয়ে যাওয়ার পথে দুবার ফিট হয়ে গিয়েছিলো বার বার অজ্ঞান,Negative
মারা যাওয়ার দুঃসংবাদ শুনে রিমা ফিট হয়ে পড়ে জ্ঞান ফেরাতে ওর,Negative
বার জলের ছিটা দেওয়া হচ্ছিলো ফিট হয়ে যাওয়ার পাঁচ ছয় মিনিটের,Negative
চিকিত্সার প্রয়োজন পড়েনা কিন্তু রোগী ফিট হয়ে যাওয়ার সময় আঘাত পেতে,Negative
আঘাত পেতে পারে অনেক সময় ফিট হয়ে যাওয়া থেকে বড় কোনো,Negative
ফিট হয়ে যাওয়ার প্রধান কারণ হল,Negative
দেখা দিতে পারে সামান্য উসকানিতে ফিট হয়ে যাওয়াতে পরিণত হলে সাময়িকভাবে,Negative
ফিট হয়ে যাওয়া কোন গুরুতর অবস্থার,Negative
হার্ট কিংবা মস্তিষ্কের রোগীকে একবার ফিট হয়ে যাওয়ার পর ডাক্তার দেখাতে,Negative
যায় বিশেষ করে রক্ত দেখে ফিট হয়ে পড়াটা এক ধরণের দুর্বলতা,Negative
সব জায়গায় ওরকম রক্ত দেখে ফিট হয়ে পড়াটা ঠিক না,Negative
বমি পায় মাথা ঘোরায় এমনকি ফিট হয়ে যায় মাঝে মাঝে এঅবস্থায়,Negative
মানুষ রাস্তাঘাটে বেরিয়ে ট্রামে বাসে ফিট হয়ে পড়লে নিজেকেও বিপদে ফেলা,Negative
কাজ করতে পারে না সেক্ষেত্রে ফিট হয়ে যাওয়ার সঙ্গে সঙ্গে শরীর,Negative
ফিট হয়ে পড়ার কারণে রোগীর নাড়ীর,Negative
সরবরাহ কমে যায় এবং রোগী ফিট হয়ে যায়,Negative
এমনিতে ফিট হয়ে যাওয়া ভয়ের কিছু না,Negative
ডাক্তারের কাছে নিয়ে যেতে হয় ফিট হয়ে যাওয়ার কারণ অনুসন্ধানের জন্য,Neutral
হয়ে গিয়েছিল এভাবেই বার বার ফিট হয়ে পড়ায় বাড়ির সময় বেশ,Neutral
বাইরে বয়স্ক মানুষের এমনিতেই বারবার ফিট হয়ে পড়া আশঙ্কাজনক ব্যাপার তার,Neutral
দুর্বল থাকার জন্য হয়তো এরকমই ফিট হয়ে পড়ছেন ঠাকুরদা পিসিমনি ঠাকুরদার,Neutral
সাবধানে রাখতে ইতিমধ্যে ঠাকুরদার একবার ফিট হয়ে পড়ে মাথা ফুলে গেছে,Neutral
পড়ে মাথা ফুলে গেছে আবার ফিট হয়ে গেলে ঠাকুরদাকে হাসপাতালে নিয়ে,Neutral
ফিট হয়ে যাওয়ার আগে অনেক সময়,Neutral
না নিলে কিছুক্ষণের মধ্যে রোগী ফিট হয়ে পড়ে এবং চারপাশের মানুষরা,Neutral
করে হার্টের কোন সমস্যায় রোগীর ফিট হয়ে যাওয়ার সম্ভবনা বেশি থাকে,Neutral
স্তব্ধ হয়ে যাওয়ার জন্যও রোগীর ফিট হয়ে পড়ে,Neutral
সেক্ষেত্রে রোগী হার্টের কোনো সমস্যায় ফিট হয়ে পড়ছে কিনা সেটা জানার,Neutral
সমস্যাকে চিহ্নিত করতে পারে যা ফিট হয়ে যাওয়ার কারণ হিসাবে দেখা,Neutral
চাপ মাত্রাতিরিক্ত হ্রাস পেলে মানুষ ফিট হয়ে যায় রক্তের চাপ মাত্রাতিরিক্ত,Neutral
চাপ মাত্রাতিরিক্ত বৃদ্ধি পেলেও মানুষ ফিট হয়ে যায় এবং বিপদের সম্ভাবনা,Neutral
করে বললো লোপ্রেসারের জন্য এরকমই ফিট হয়ে পড়েছে এক্ষেত্রে ফিট হওয়ার,Neutral
এরকমই ফিট হয়ে পড়েছে এক্ষেত্রে ফিট হওয়ার আগে মাথা ঘোরে চোখের,Neutral
বেশি চিন্তা করলে আবার দিদিমা ফিট হয়ে পরে প্রেসারসুগারের মানুষ এরকম,Neutral
প্রেসারসুগারের মানুষ এরকম যখন তখন ফিট হয়ে পড়লে বিপদ বাড়ে বই,Neutral
ফিট হচ্ছে যুক্তরাষ্ট্রীয় পরিমাপ পদ্ধতি এবং,Neutral
ফিট এর বাংলাই হলো ফুট আবার,Neutral
হলো ফুট আবার ফুট হলো ফিট এর একবচন আবার ফিট হলো,Neutral
হলো ফিট এর একবচন আবার ফিট হলো ফুট এর বহুবচন যেমন,Neutral
কিন্তু এক এর বেশি হলে ফিট বলবেন যেমন পাঁচ ফিট দশ,Neutral
হলে ফিট বলবেন যেমন পাঁচ ফিট দশ ফিট ইত্যাদি,Neutral
বলবেন যেমন পাঁচ ফিট দশ ফিট ইত্যাদি,Neutral
বর্গফুটস্কয়ার ফিট হচ্ছে ক্ষেত্রফলের একক ইহাকে ক্ষেত্রফলের,Neutral
প্রচলিত একক হিসাবে ধরা হয় ফিট প্রধানত মার্কিন যুক্তরাষ্ট্রে ব্যবহৃত বাংলাদেশ,Neutral
মালয়েশিয়া নেপাল পাকিস্তান যুক্তরাজ্য সিঙ্গাপুর ফিট একক আংশিকভাবে ব্যবহার করে,Neutral
আজকে আমাদের ওয়েবসাইটে এক স্কয়ার ফিট সমান কত ফিট তা জানিয়ে,Neutral
এক স্কয়ার ফিট সমান কত ফিট তা জানিয়ে দেবো এবং বুঝিয়ে,Neutral
এবং বুঝিয়ে দেব তাছাড়া স্কয়ার ফিট অথবা বর্গফুট থেকে শুধু ফুট,Positive
তাহলে আমরা যদি এক স্কয়ার ফিট সমান কত ফুট এটা নির্ণয়,Positive
ফুট দিয়ে গুন দিলে স্কয়ার ফিট বা বর্গ ফুট বের হয়ে,Positive
কারণে আমরা যখন সেটার স্কয়ার ফিট হিসেবে নির্ণয় করব তখন দেখা,Positive
বোঝানো গিয়েছে যে এক স্কয়ার ফিট সমান কত ফুট হয় অর্থাৎ,Positive
এর মাধ্যমে আমরা এই স্কয়ার ফিট যেকোনো সময় নির্ণয় করতে পারব,Positive
আমাকে একটি উচুঁ ভবনের ২০০ ফিট উপর থেকে জাম্প করেছি বেশ,Positive
ওডিন্টকোভা দুবাইয়ের ১ হাজার ৪ ফিট উঁচু কায়ান টাওয়ার থেকে এক,Positive
সিদ্দিকা পারভিনের উচ্চতা সাড়ে আট ফিট ওজন ১২০ কেজি বয়স ২৭,Positive
জন্য সীমান্তে ৩০ থেকে ৪০ ফিট উঁচু ইটের দেয়াল তোলার সুপারিশ,Positive
থেকে মিরপুরের বড়বাগ পর্যন্ত ৬০ ফিট সড়কের দুই পাশ দখল করে,Positive
পাকিস্তান সংলগ্ন আটারিওয়াঘা সীমান্তে ৩৬০ ফিট উঁচু দণ্ডে উড়িয়ে দিয়েছে প্রায়,Positive
দণ্ডে উড়িয়ে দিয়েছে প্রায় ১২০ ফিট লম্বা পতাকা এটি এতটাই উঁচু,Positive
করার পরিকল্পনা নেয়া হয়েছে ১০০ ফিট প্রশস্ত একটি সার্ভিস রোড সাগরপাড়ের,Positive
কাজ সমুদ্রপৃষ্ঠ থেকে প্রায় ৩০ ফিট উঁচু বাঁধটি সড়ক অংশে ৯০,Positive
উঁচু বাঁধটি সড়ক অংশে ৯০ ফিট চওড়া এবং ঢালুতে প্রায় ৫০,Positive
ঢালুতে প্রায় ৫০ থেকে ৬০ ফিট দীর্ঘ হবে আর বাঁধের ঢালুতে,Positive
ব্রাজিলে সন্ধান পাওয়া গেছে ৩৩ ফিট লম্বার এক বিশাল আকৃতির অজগর,Positive
বললেন স্কাই ডাইভিংয়ে ১০ হাজার ফিট উপরে উঠে ঝাঁপ দিতে হবে,Positive
জাহাজ এর দৈর্ঘ্য ছিল ৮৮০ ফিট ৯ ইঞ্চি প্রস্থ ছিল ৯২,Positive
ইঞ্চি এবং উচ্চতা ছিল ১৭৫ ফিট,Positive
ভূপৃষ্ঠ থেকে ১২ হাজার ৫০০ ফিট নিচে অবস্থান করছে এটি যুক্তরাষ্ট্রের,Positive
গুণ বড় ১ হাজার ১৮৭ ফিট লম্বা ও ২৩০ ফিট উচ্চতার,Positive
১৮৭ ফিট লম্বা ও ২৩০ ফিট উচ্চতার জাহাজটি ৬ হাজার ৭৮০,Positive
প্রথম তলার সিলিংয়ের উচ্চতা 10 ফিট থেকে 11 ফিট পর্যন্ত বাড়ানোর,Positive
উচ্চতা 10 ফিট থেকে 11 ফিট পর্যন্ত বাড়ানোর অনেক সুবিধা থাকতে,Positive
সিলিং হাইট ৮ ফিট বা ৯ ফিট হয় ১,Positive
হাইট ৮ ফিট বা ৯ ফিট হয় ১ থেকে দেড় ফিটএর,Positive
ফ্যান লাগালেও ১ থেকে দেড় ফিট জায়গা ছাদ থেকে নীচে ছেড়ে,Positive
কারণে সাধারণ ঘরের উচ্চতা ১০ ফিট করা হয় তবে দশ ফিটের,Positive
একটি গগনচুম্বী অট্টালিকা হল ৪৯২ ফিট ১৫০ মিটার প্লাস বেশি উচ্চতার,Positive
প্রথম নামটি হবে মুম্বাইয়ের 1050 ফিট উচ্চতার প্যালেস রয়্যাল যাইহোক এই,Positive
ভবন এই আকাশচুম্বী ভবনটি ৯১৯ ফিট উঁচু বা ২৮০.২ মিটার এবং,Positive
সালে এবং প্রাথমিকভাবে এটি ১৪৫০ ফিট লম্বা হওয়ার পরিকল্পনা করা হয়েছিল,Positive
১৭.৫একর জুড়ে বিস্তৃত এবং ৮৭৯ ফিট লম্বা একটি আবাসিক প্রকল্প এবং,Positive
১৯৭৩ মুম্বাইয়ের ওয়ারলিতে অবস্থিত ৮৭৬ ফিট লম্বা এবং এটি একটি বহুআকাশ,Positive
নাথানি হাইটস৮৬০ ফিট হল একটি আবাসিক আকাশচুম্বী যা,Positive
কীভাবে নষ্ট হওয়া মেমোরি কার্ড ফিট করবেন দরকার হবে একটি কার্ড,Positive
গণতন্ত্রকে ফিট ভাবে চলতে দিলে দেশে জঙ্গিবাদ,Positive
অর্থনীতির উন্নয়নের কারণে বাংলাদেশ ফিট পথেই রয়েছে বলে বেশিরভাগ মানুষ,Positive
জামকাপড় ফিট পড়লে অস্বস্তি কম হয় আর,Positive
চলাফেরায় অসুবিধা হয় ওপর দিকে ফিট জামাকাপড়ে চলাফেরায় সুবিধা হয়,Positive
দীর্ঘদিনের ভালো অভ্যাসে শরীর ফিট থাকে শরীরের গঠন ফিট রাখতে,Positive
শরীর ফিট থাকে শরীরের গঠন ফিট রাখতে মেরুদণ্ড কাঁধ ও শরীরের,Positive
ও শরীরের অন্যান্য হাড়ের গঠন ফিট রাখা জরুরি কিন্তু দৈনন্দিন কিছু,Positive
যাওয়ার পাশাপাশি কাজের গুণগত মান ফিট রাখতে হবে কাজের গুণগত মান,Positive
শরীর ফিট রাখার জন্য কেউ ঘরে ব্যায়ামটা,Positive
পছন্দ খোলা মাঠ তবে শরীর ফিট রাখাটা অত্যন্ত জরুরি,Positive
সমরেশ দর্জি পাঞ্জাবী খুব সুন্দর ফিট করেছে আগে গায়ে ঢল ঢল,Positive
হয়েছে তার জন্য তুমি একেবারে ফিট তোমার ওপর আমার পূর্ণ আস্থা,Positive
করতে হয় এর জন্য মনোবল ফিট রাখাটা ভীষণ জরুরি এর জন্য,Positive
থাকতে হয় স্থিত থাকলে মনোবল ফিট থাকে আর তা করতে হলে,Positive
প্রয়োজনীয় হয়ে ওঠে তবে মনোবল ফিট রাখার জন্য মানসিকভাবে প্রস্তুত থাকা,Positive
করতে হবে এছাড়াও মনের শক্তি ফিট রাখার জীবন এবং পেশার ক্ষেত্রে,Positive
কাজ জানে পাড়ার সবাই জামাকাপড় ফিট করাতে ওনার কাছে যায় জামাকাপড়,Positive
কাছে যায় জামাকাপড় যেমন সুন্দর ফিট করে দেয় তেমন কম টাকাও,Positive
শরীর ফিট থাকলে আমাদের মন ও মস্তিস্ক,Positive
বুদ্ধি বেড় করে তার শরীর ফিট রাখা অত্যন্ত জরুরি,Positive
শরীর ফিট রাখতে প্রথম শর্ত স্বাস্থ্যকর খাওয়ার,Positive
সেসব খাওয়ার খেতে হবে আর ফিট থাকলে হলে স্বাস্থ্যকর খাওয়ার এর,Positive
খিদে পায় না আর শরীরও ফিট থাকে বাইরে চকলেট চিপস না,Positive
অনুষ্ঠানে এসেছিলো সেটা ওকে খুব ফিট করেছিল খুব সুন্দর দেখতে লাগছিলো,Positive
অনুপমাকে জামার রং ওকে খুব ফিট করেছে,Positive
ছাড়াও চিকিৎসাবিজ্ঞানে শরীরকে টক্সিনমুক্ত করে ফিট থাকার নানা ব্যবস্থা আছে সেক্ষেত্রে,Positive
আপনার সুস্বাস্থ্যেরও পরিচায়ক সেক্ষেত্রে দাঁত ফিট রাখতে দিনে অন্তত দুবার ব্রাশ,Positive
দাঁত সুন্দর ও ফিট রাখতে সকালে ঘুম থেকে উঠে,Positive
করতে পারেন আগেকার দিনে দাঁত ফিট করতে নিমের দাঁতন ব্যবহার করে,Positive
এতে দাঁত ও মারি খুব ফিট থাকতো,Positive
গুরুত্বপূর্ণ অঙ্গ আপনার লিভার যদি ফিট থাকে তবে আপনি অনেক রোগ,Positive
কিছু নিয়ম মানলেই আপনার লিভার ফিট থাকবে,Positive
শারীরিকভাবে ফিট থাকার পাশাপাশি মানসিকভাবে ফিট থাকাটাও,Positive
শারীরিকভাবে ফিট থাকার পাশাপাশি মানসিকভাবে ফিট থাকাটাও খুব প্রয়োজন সেক্ষত্রে সকালে,Positive
হয় অনেকে শারীরিক ও মানসিকভাবে ফিট থাকার জন্য সকালে খালি পেটে,Positive
আপনি কি ফিট থাকার চেষ্টা করেন আমরা কেউই,Positive
কেউই অসুস্থ হতে চাই না ফিট থাকলে মন ও ভালো থাকে,Positive
ওষুধের জন্য বাজে খরচও কমে ফিট শরীরে আপনি বুদ্ধি ও পরিশ্রম,Positive
রাখার দায়িত্ব অনেক বেশি নিজেরা ফিট থাকলে ছেলেমেয়েদের জন্য সময় দিতে,Positive
দায়িত্ব তাদের ভরসা আপনিই তবে ফিট থাকলে এসব কাজ স্বচ্ছন্দেই হয়ে,Positive
হার্ট ফিট থাকার ওপর নির্ভর করে আপনার,Positive
যারা বেশি হাতে তাদের হার্ট ফিট থাকে সেক্ষেত্রে আপনি বেশি হেসে,Positive
তবে হার্ট ফিট করতে সুস্বাস্থ্যকর খাওয়ার খেতে হবে,Positive
জাতীয় খাওয়ার এতে করে হার্ট ফিট থাকে,Positive
তবে হার্ট ফিট থাকলে হেসে খেলে জীবনটা কাটাতে,Positive
অনেক কাজ করতে পারবেন হার্ট ফিট থাকলে আপনি থাকবেন চনমনে,Positive
হার্ট ফিট থাকতে মাঝে মাঝে বাচ্ছাদের সঙ্গে,Positive
করলে মন ও হার্ট উভয়ই ফিট থাকে এতে করে বাচ্ছারাও আনন্দ,Positive
