Sentences,Emotion
রাজার অপেক্ষায় শকুন্তলা একাকিনী চোখের জল ফেলে অপেক্ষা যেন শেষ হয়না,Negative
পার্বতীতে কথোপকথন হইতেছিল পার্বতীর চোখে জল মনোরমা বোধ করি এইমাত্র মুছিয়েছে,Negative
গোঁফের পাশ দিয়া একফোঁটা চোখের জল বালিশে আসিয়া পড়িত পার্বতী মুছাইয়া,Negative
রহিমের মা রহিম নীরবে চোখের জল ফেলতে ফেলতে নীরবে কেঁদেছিল সেদিন,Negative
বাংলাদেশ জন্মলগ্ন থেকেই চোখের জল দেখে আসছে পাক হানাদার বাহিনীর,Negative
সাম্প্রতিক সময়েও দেশটি আবারও চোখের জল দেখছে,Negative
না ভাল করে তাদের চোখে জল আসে কী করে এমনিতে গরিবের,Negative
কী করে এমনিতে গরিবের চোখের জল বেশি হয় যখন আচমকা ঘাতক,Negative
মৃত্যুর প্রহর গুনতে গুনতে চোখের জল ফেলার দৃশ্য এই দেশকে দেখতে,Negative
কখনও নিকটজন বিয়োগে চোখের জল আসে কান্নায় ভেঙ্গে পড়তে হয়,Negative
উঠছে আহাজারি করছে তাদের চোখের জল শুকিয়ে যায়নি অঝোর ধারায় ঝরছে,Negative
অন্যের দুঃখে চোখের জল আসে কোন্টা আবার লোক দেখানো,Negative
দুঃখ বা সুখের প্রকাশে চোখের জল অশ্রুবিন্দুতে পরিণত হয় অশ্রু দিয়ে,Negative
নানা কারণে সব ধরণেরই চোখের জল মেলে মানুষের চোখ থেকে গড়িয়ে,Negative
চোখ থেকে গড়িয়ে পড়া চোখের জল ভাল লাগার কথা নয় আনন্দাশ্রু,Negative
সবচেয়ে বড় অপচয়ের নাম চোখের জল ক্রন্দনরত ক্রন্দনধ্বনি ক্রন্দন রব কান্নার,Negative
কেঁপে উঠছে না অন্যের চোখের জল দেখে এক সময় মানুষেরও চোখের,Negative
দেখে এক সময় মানুষেরও চোখের জল আসত একালে চোখের জলে বন্যা,Negative
ফুল গুঁজে রাখে দুফোঁটা চোখের জল গড়ায় ভাবে জীবন এমনই নিজের,Negative
মা কথা না বাড়িয়ে চোখের জল মুছতে মুছতে বলে আমি আর,Negative
মধ্যে জলে রেখে আসি চোখের জল দেখিবামাত্র আমারও চোখের জল আসিতেছিল,Negative
চোখের জল দেখিবামাত্র আমারও চোখের জল আসিতেছিল সত্য; কিন্তু ছোঁয়াছুঁয়ির প্রস্তাবে,Negative
পড়িলাম পরদুঃখে ব্যথা পাইয়া চোখের জল ফেলা সহজ নহে তাহা অস্বীকার,Negative
দেখতেই আঁতকে ওঠে আমার চোখের জল গড়াচ্ছে সাফিন অপরাধীর মত চুপ,Negative
তাকিয়ে আছে আমার দিকে চোখের জল মুছে প্রশ্ন করলাম বিয়ে করেছো,Negative
কান্না জরিত কণ্ঠ আর চোখের জল মুছতে বিরতি দেখা যায় তাঁকে,Negative
নয় চোখে হানা দেয় চোখের জল আটকাতে পারে না তিয়াসা দেবব্রত,Negative
দেবদাসের দু চোখের জল গড়িয়া উঠিল আজ কেমন করিয়া,Negative
চন্দ্রমুখীর কথাই সত্য এই চোখের জল চন্দ্রমুখী দেখিতে পাইল কিন্তু মুছাইবার,Negative
নেই শুধু দাঁড়িয়ে দাঁড়িয়ে চোখের জল ফেলা ছাড়া তাদের আর কোন,Negative
কফোটা চোখের জল ফেলেছো যে তুমি ভালোবাসবে পথের,Neutral
এখানে তুমি আসবে কফোটা চোখের জল ফেলেছো যে তুমি হাজার কাজের,Neutral
নেতাকর্মীদের নির্যাতন দেখে আপনার চোখে জল আসে ৪১ বছর ধরে আমরা,Neutral
আমরা শুধু কাঁদছি আমাদের চোখের জল শুকিয়ে গেছে আমরা কাঁদতে ভুলে,Neutral
টিভি সিরিয়ালে অনবরত মেয়েদের চোখের জল ফেলতে দেখা যায় সাধারণভাবেও প্রতিটি,Neutral
এই নেতার জন্য নীরবে চোখের জল ফেলছেন অনেকেই সর্বস্তরের মানুষের মধ্যে,Neutral
শুকনো ধুলো যত এই চোখের জল কার না দৃষ্টি কাড়ে কিন্তু,Neutral
কাড়ে কিন্তু অবিরত যখন এই জল চোখ দিয়ে ঝরে যায় তথন,Neutral
বিভিন্ন জলাশয় থেকে জল আহরণ করে কৃত্রিম উপায়ে তা,Neutral
তা পরিশোধন করার ফলে সেই জল যখন নিরাপদে পান করার উপযোগী,Neutral
তখন তাকে বলা হয় পানীয় জল বা পানযোগ্য জল অধিকাংশ উন্নত,Neutral
হয় পানীয় জল বা পানযোগ্য জল অধিকাংশ উন্নত দেশে গার্হস্থ্য ব্যবহারের,Neutral
এবং বিভিন্ন বাণিজ্যিক প্রতিষ্ঠানে যে জল সরবরাহ করা হয় তা পানীয়,Neutral
অথবা দেশের সরকার কর্তৃক যে জল সরবরাহ করা হয়ে থাকে তা,Neutral
জলের উৎকর্ষ বজায় রাখে সেই জল যদি কৃষি অথবা অন্য কোন,Neutral
জল বিশুদ্ধ করার সবচেয়ে পুরানো ও,Neutral
ধ্বংস হয়ে যায় তারপর সেই জল ঠাণ্ডা করে ছাকনি দিয়ে ছেকে,Neutral
জলের গুণমান নির্ধারণ করতে হবে জল সরবরাহ মানুষের জন্য স্বাস্থ্যকর তা,Neutral
জলের গুণমান নিরীক্ষণের জন্য মাইক্রোবায়োলজিকাল জল পরীক্ষার পরিষেবাগুলির একটি বিস্তৃত পরিসর,Neutral
উভয় কূপের জন্য একটি বিস্তৃত জল মানের পরীক্ষার পরিষেবা সরবরাহ করে,Neutral
পানীয় জল হল এমন একটি ব্যবস্থা যা,Neutral
ব্যবস্থা দেওয়া হয়এটি খাওয়ার আগে জল ফুটিয়ে নেওয়া হয় এই প্রক্রিয়ার,Neutral
উচ্চ তাপমাত্রার দ্বারা নির্মূল হয় জল সিদ্ধ করার পরেসেগুলি খাওয়া হয়,Neutral
রেখে প্রধানমন্ত্রী শ্রী নরেন্দ্র মোদী জল জীবন মিশন চালু করেছিলেন পশ্চিমবঙ্গ,Neutral
গ্রামীণ পরিবারে ট্যাপের মাধ্যমে পানীয় জল সরবরাহের লক্ষ্য নিয়েছে সরকারের লক্ষ্যই,Neutral
প্রান্তের মানুষের কাছে পরিশুদ্ধ পানীয় জল পৌঁছে দেওয়া এর জন্য জল,Neutral
জল পৌঁছে দেওয়া এর জন্য জল জীবন মিশনের ওপর বিশেষ গুরুত্ব,Neutral
জল সরবরাহ ব্যবস্থার নিয়মিত রক্ষণাবেক্ষণের জন্য,Neutral
ওপর নির্ভর করে তার কতটা জল পান করা প্রয়োজন সাধারনত একজন,Neutral
একজন প্রাপ্তবয়স্ক মানুষের ৪৫ লিটার জল পান করা উচিত ছেলেদের তুলনায়,Neutral
উচিত ছেলেদের তুলনায় মেয়েদের বেশি জল পান করা উচিত,Positive
ঘুম থেকে উঠে জল পান করার অভ্যাস রাখা ভালো,Positive
ঠিক আগে বা খাবার সময় জল পান করা ঠিক নয় কারন,Positive
এক থেকে দুই ঘণ্টা পরে জল পান করা স্বাস্থ্যের পক্ষে বিশেষ,Positive
এছাড়াও সকাল বেলায় গরম জল খেয়ে অনেক উপকার হয় যেমন,Positive
মাত্র এক গ্লাস উষ্ণ গরম জল খেলেই কমবে ওজনশরীর থেকে ক্ষতিকারক,Positive
আদ্র রাখে এছাড়াও উষ্ণ গরম জল খেলে গ্যাসঅম্বলের মতো সমস্যাগুলি থেকে,Positive
যন্ত্রণা করেতাই এই সময়ে গরম জল খেলে তলপেটের পেশিগুলি স্বস্তি পায়,Positive
ফোটানো জলের তুলনায় ফিল্টার্ড জল পান করা নিরাপদ ওয়াটার পিউরিফায়ার,Positive
করা নিরাপদ ওয়াটার পিউরিফায়ার দূষিত জল থেকে শুধু জীবাণু নয়রাসায়নিকও অপসারণ,Positive
করে তুলতে সাহায্য করে বিশুদ্ধ জল রোগ প্রতিরোধ ক্ষমতা বাড়াতে সাহায্য,Positive
কমানোর প্রক্রিয়াতেও সাহায্য করে বিশুদ্ধ জল,Positive
সায়েন্স কাজে লাগিয়ে নিরাপদ পানীয় জল ও জল সংরক্ষণের সমস্যার সমাধান,Positive
লাগিয়ে নিরাপদ পানীয় জল ও জল সংরক্ষণের সমস্যার সমাধান করা সম্ভব,Positive
করতে গিয়ে রোজ যে পরিমাণ জল নষ্ট হয়সে দিকে নজর দিতে,Positive
প্রত্যেকে এই কর্মসূচিতে অংশ নিয়ে জল প্রতিজ্ঞা নিক সবার লক্ষ্য হবে,Positive
মিশে থাকা এই অণু জীবগুলি জল বাহিত বিভিন্ন রোগের উৎস তবেক্লোরিনেশনের,Positive
কেন্দ্রীয় বিজ্ঞান ও প্রযুক্তি দপ্তরের জল সংক্রান্ত প্রযুক্তিগত উদ্যোগের মাধ্যমে পুণের,Positive
ব্যবহার করে কিভাবে পরিশ্রুত পানীয় জল পৌঁছে দেওয়া যায়তাই নিয়ে আলোচনা,Positive
এছাড়া আটলা পানীয় জল প্রকল্পের মাধ্যমে রামপুরহাট থানার জুনিদপুরনওয়াপাড়াকামদেবপুরকবিচন্দ্রপুরচকআটলার,Positive
গুলিতে খুব শীঘ্রই পরিস্রুত পানীয় জল পৌঁছে দেওয়ার জন্য আলোচনা হয়,Positive
বলেনপাথর শিল্পাঞ্চল এলাকায় পরিস্রুত পানীয় জল পৌঁছে দেওয়ার জন্য প্রকল্প তৈরি,Positive
তৈরি করতে বলা হয়েছে আটলা জল প্রকল্পের কাজসহ জেলাতে যে সমস্ত,Positive
নিয়েও আলোচনা হয়েছে তিনি জানানআটলা জল প্রকল্পের কাজ শেষ হয়েছে,Positive
সামাজিক দূরত্ব বজায় রেখেই পানীয় জল সংযোগের কাজ চালানো প্রয়োজন কেন্দ্রীয়,Positive
কাজ চালানো প্রয়োজন কেন্দ্রীয় সরকার জল জীবন মিশন বাস্তবায়নের মাধ্যমে প্রতিটি,Positive
এঁরা সকলেই পর্যাপ্ত পরিমাণে পানীয় জল পান করার অভ্যেস রাখেন,Positive
নিয়ে আসে যেখানে এটি নেই জল পান করা এবং স্বাস্থ্যের অ্যাক্সেসের,Positive
কমপক্ষে ২০ লিটার এই পানীয় জল প্রাপ্ত করা পরিবারের প্রতিটি ব্যক্তির,Positive
পানি বা জল হলো একটি যৌগ পদার্থযার রাসায়নিক,Positive
সংকেত হল H2O এক অণু জল দুটি হাইড্রোজেন পরমাণু এবং একটি,Positive
সমযোজী বন্ধনে গঠিত সাধারণত পৃথিবীতে জল তরল অবস্থায় থাকলেও এটি কঠিন,Positive
বৃষ্টির জল ভূতলে আসিয়া পড়িলে তাহার কিয়দংশ,Positive
তেমন কঠিন হয় তবে অনেকটা জল উপরে থাকিয়া গিয়া বিলজলা প্রভৃতির,Positive
বিলজলা প্রভৃতির সৃষ্টি করে যে জল মাটির মধ্যে গিয়া প্রবেশ করে,Positive
পৃথিবীর উপরকার জল ক্রমে মাটির ভিতরে কত নীচে,Positive
কেবলমাত্র জলে পরিপূর্ণ যেমন সমুদ্রের জল সর্বত্রই সমতল তেমনি মাটির নীচের,Positive
গৃহে জল সরবরাহ সংযোগের জন্য নিম্নলিখিত পদ্ধতি,Positive
নিম্নলিখিত পদ্ধতি অনুসরণ করতে হবে জল সরবরাহ বিভাগের স্থানীয় অফিসে সহকারী,Positive
শরীর ভাল রাখতে পর্যাপ্ত জল খাওয়া প্রয়োজন সকলেই জানেন কিন্তু,Positive
জানেন কিন্তু দিনে ঠিক কতটা জল পান করা উচিত এটা বলা,Positive
দিনে ৮ থেকে ১২ গ্লাস জল খাওয়া উচিত কিন্তু অনেকে হয়,Positive
কিন্তু অনেকে হয় খুব কম জল খানকেউ কেউ আবার খুব বেশি,Positive
খানকেউ কেউ আবার খুব বেশি জল খান প্রতিদিন সমতা বজায় রেখে,Positive
কেবল এই বাড়িটি সারাজীবনের রক্ত জল করা পরিশ্রম দিয়ে তৈরি করেছেন,Positive
সহজ কথা নয় দিনেরপরদিন রক্ত জল করে বীজ বপন তারপর ক্ষুদ্র,Positive
মুখে তুলে দেয় অন্ন রক্ত জল করা পরিশ্রম আমাদের ভাতের পাতে,Positive
পাশে থেকেছেন দেখেছেন তাদের রক্ত জল করা পরিশ্রম শামিল হতে চেয়েছেন,Positive
এসেছে সাধারণ নিম্নবিত্ত মানুষের রক্ত জল করা পরিশ্রমের কাহিনী যা প্রতিনিয়ত,Positive
জাহানারা গ্রামের মেয়ে জানে রক্ত জল করা পরিশ্রম করলে তবেই সাফল্য,Positive
রাস্তায় নেমেছেন তাদের দাবিযে রক্ত জল করা পরিশ্রম এবং অধ্যাবসায় তাদের,Positive
দাঁড় করানোর পেছনে কতদিনের রক্ত জল করা খাটুনি রয়েছে একটি মানুষের,Positive
একটা কুলি ঘর্মাক্ত শরীরে রক্ত জল করে বয়ে চলেছে অনেকগুলি লটবহর,Positive
আজও সাক্ষ্য দেয় সেই রক্ত জল করা পরিশ্রমের যা নীল চাষীরা,Positive
নিবেশিত মনে দিবা রাত্র রক্ত জল করে আর তার শিল্পী সত্তা,Positive
না দুটো গল্পে পাবে রক্ত জল করা খাটনির বৃত্তান্ত একটাতে ভাগ্য,Positive
ফিরে মামা বললেনআজ আমার রক্ত জল হয়ে গেল পুরনো মেশিনটা সারাতে,Positive
রং লাল তবে তা যদি জল হয় সেটা কি গেলাসে ঢেলে,Positive
গুলি সহজ ছিল না রক্ত জল করে করেছিলেন প্রতিটি যাত্রার আয়োজন,Positive
গর্জে উঠল প্রতিবাদে বিরাটরোহিতদের রক্ত জল করা পরিশ্রম তবে কি কেবল,Positive
অভিনয় দক্ষতা এবং দীর্ঘদিনের রক্ত জল করা মেহনত লিওনার্দোকে এনে দিল,Positive
সমার্থক নিষ্ঠা অধ্যাবসায় এবং রক্ত জল করা পরিশ্রম সমষ্টিগত ভাবে এনে,Positive
মানুষ করতে তিলে তিলে রক্ত জল করেছেন তার মা প্রতিটি মায়ের,Positive
নেই আর অপরটিতে প্রতিমুহূর্তে রক্ত জল হয়ে যায় সেই পথ বড়,Positive
দেখেছে বাবা সারাদিন মাঠে রক্ত জল করে ফসল ফলায় কথা বিশেষ,Positive
বেশ পরিশ্রমী তারা জানে রক্ত জল করে না খাটলে তাদের জীবনজীবিকা,Positive
আন্দোলন ছিল যোগ্য সম্মানের রক্ত জল করে নিজের সর্বস্ব টুকু দেওয়ার,Positive
মৃত্যুশয্যায় সিরাজ সারা জীবনের রক্ত জল করা পরিশ্রমের পর মৃত্যুর মুখে,Positive
মাথার ঘাম পায়ে ফেলে রক্ত জল করা পরিশ্রম করে সভ্যতাকে এগিয়ে,Positive
ফলিয়েছে এর জন্য তাকে রক্ত জল করা পরিশ্রম করতে হয়েছে রমজানের,Positive
মাথার ঘাম পায়ে ফেলে রক্ত জল করা পরিশ্রম করে সভ্যতাকে এগিয়ে,Positive
বাসের ইঞ্জিনটার মতো বহুদিনের রক্ত জল করা পরিশ্রম আর আশা চূড়ান্ত,Positive
ব্যাগ শেষমেষ তার এই রক্ত জল করা পরিশ্রম তাকে সাফল্য দেখালো,Positive
পরিচালক পরিচালক সকলে বলেন রক্ত জল করা পরিশ্রম করেছেন স্টান্টম্যানদের কিন্তু,Positive
এই পদকের পিছনে রয়েছে রক্ত জল করা পরিশ্রমের কাহিনী সবটাই সত্যঘটনা,Positive
সাধারণ মানুষের রক্ত জল করা পরিশ্রমের টাকা ছাত্রছাত্রীদের পড়াশুনার,Positive
কেন করছেন বাবারা তাদের রক্ত জল করা শ্রমে আয়করা অর্থ কিসের,Positive
আয়েস চলত সম্পূর্ণ কৃষকের রক্ত জল করা পরিশ্রমে অথচ জমির ওপর,Positive
