Sentences,Emotion
শ্ৰীকান্ত কমললতা কিন্তু কেঁদে কেঁদে সারা হয়ে যাবে আমাদের কথাটা ইহার,Negative
চলে গেলে ও যেন শোকে সারা হয়ে যায় কথাটা আরও খারাপ,Negative
দাওয়া বন্ধ কেবল কেঁদে কেঁদে সারা হন নিজের মনকে নিজেই সান্ত্বনা,Negative
পাকের কিনারে...আমি কেঁদে কেঁদে হইগো সারা ধন্য করো দিদারে...আমি সহিতে পারিনা,Negative
পাকের কিনারে...আমি কেঁদে কেঁদে হইগো সারা ধন্য করো দিদারে,Negative
কারণে বিচারের বাণী নিভৃতে কেঁদে সারা হয় এর প্রমাণ প্রতিদিনই নানা,Negative
মণ মণ বলে ডেকে হলেম সারা একবার দেখিলে ন ম ফিরে,Negative
ছিলে ভুলে আমি পাগল নিয়ে সারা হই হাসে কাঁদে সদাই ভোলা,Negative
দেখে পালায় তারা ভেবে হলেম সারা তবিল ভেঙ্গে গেলাম মারা আমার,Negative
হীন আশ্রয় দিল শেষে;পথ খুঁজে সারা হেরিয়া তোমায় সু পথ দেখাল,Negative
সারাদিন গ্রামের পথে পথে খুঁজে সারা হলো গফুর দিনের শেষে ক্লান্ত,Negative
নলিনী সারাদিন এ নিয়ে ভেবে সারা সে তার মাথায় আসে নানা,Negative
আশায় সরকারি দপ্তরে ঘুরে ঘুরে সারা হয়ে অবশেষে চাকরি যোগ্য প্রার্থীরা,Negative
উজাড় করে প্রিয়জনকে ডেকে ডেকে সারা বিনোদিনী অন্তরের এত আকুল ডাক,Negative
ক্যাশ বোর্ড মাস পয়লায় চূড়ান্ত সারা হল মানুষ দিনভর দীর্ঘ লাইনে,Negative
খামখা পাক দিতে দিতে কুকুরটা সারা হইয়া হাঁপাইতে লাগিল তখন রামা,Negative
আইটিআই প্রবেশিকার প্রশ্ন ফাঁসের জেরে সারা ১ লক্ষ ৩৩ হাজার পরীক্ষার্থী,Negative
চোররাও হাত পাকিয়েছে সাইবার ক্রাইমে সারা হল শিল্পাঞ্চলের পুলিশ কুলটির মিঠানিতে,Negative
বিভিন্ন পশুপাখির দোকানে দোকানে ঘুরে সারা হচ্ছেন ভালো দাম তো অনেক,Negative
কাঙ্ক্ষিত স্টল খুঁজে না পেয়ে সারা হল পাঠক প্রতিটি স্টলের নম্বরপ্লেট,Negative
সারার পাশাপাশি ভাড়া ফেরতের ক্ষেত্রেও সারা হবেন যাত্রীরা,Negative
বাস কাউন্টারে মিলছে না টিকিট সারা হল যাত্রীরা আসন্ন ঈদ উল,Negative
টিকিট বিক্রি করছে ফলে তাদের সারা হতে হচ্ছে,Negative
পরীক্ষা দিতে গিয়ে শিক্ষার্থী অভিভাবকরা সারা হল শিক্ষার্থীদের নানা ভোগান্তি নিয়ে,Negative
নিষ্পেষিত প্রাণের আর্তনাদে ভেবে হচ্ছি সারা আমি কি পারবো পাড়ীদিতে এই,Negative
হয়ে গেলেন সারাদিন খুঁজে খুঁজে সারা হয়ে গেলেও সেটি না পাওয়ায়,Negative
তিনি কার্ডটি খুঁজে না পেয়ে সারা হয়ে গেলেন ফলে তিনি অত্যন্ত,Negative
দিনের পর দিন ঘুরে ঘুরে সারা হলেও সে একটা চাকরির সন্ধান,Negative
দেয় সবাই মিলে ডেকে ডেকে সারা হয়ে যাওয়ার পরও কেউ দরজা,Negative
মতো সেটাই ভেবে ভেবে সে সারা হয়ে যায়,Negative
চারিদিকে খুঁজে না পেয়ে মা সারা হয়ে গেল তিনি হতাশ হয়ে,Neutral
ধরে পথে পথে ঘুরে ঘুরে সারা হয়েও তার দুমুঠো খাবার জোগাড়,Neutral
আপনাআপনি ভালো থাকবে না নিয়মিত সারা দিনের কর্মব্যস্ততা শরীরকে ক্লান্ত করে,Neutral
সারা দিন উপযুক্ত ও স্বাস্থ্যকর খাবার,Neutral
ঘরে তৈরি করা থাকে এটা সারা জীবন সুস্থ থাকার সবচেয়ে জরুরি,Neutral
শারীরিক ভাবে সুস্থ থাকার জন্য সারা দিনে ২ থেকে ৩ লিটার,Neutral
অবসর নেওয়া মানেই সারা দিনে শুয়ে বসে সময় কাটাবেন,Neutral
জন্য সামাজিক মাধ্যমের ক্ষুদ্রীকরণ কর সারা দিন ফেসবুক ট্যুইটার ইন্সটাগ্রাম ই,Neutral
করা হয়েছে চিলড্রেন ফর হেল্থ সারা বিশ্বে স্বাস্থ্য শিক্ষা অংশীদারদের সাথে,Neutral
কিলোমিটারে ঘোরাফেরা করছে কারণ এটি সারা বিশ্বের বিজ্ঞানীদের কাছে আইএসএস থেকে,Neutral
WHO অনুসারে সারা বিশ্ব জুড়ে প্রায় ঊনচল্লিশ কোটিরও,Neutral
বিশেষ দিনটির উদ্দেশ্য প্রতি বছর সারা বিশ্বজুড়ে লক্ষ লক্ষ মানুষ শুধু,Neutral
হার্ট দিবস পালিত হয় এটি সারা বিশ্বব্যাপী একটা প্রচারাভিযান যার মাধ্যমে,Neutral
অর্গানাইজেশনের মিলিত প্রচেষ্টায় এই দিনটিকে সারা বিশ্ব জুড়ে হার্ট দিবস হিসেবে,Neutral
সহযোগিতা করবে কেন্দ্রীয়সরকার এ ছাড়া সারা দেশ এবং বিশ্ব জুড়ে মিশনের,Neutral
সারা দেশে এখন ডেঙ্গু আতঙ্ক ক্রীড়াঙ্গনও,Neutral
সকালের শুরু যদি ভালো হয় সারা দিন কাজ করার আলাদা এনার্জি,Neutral
পারেন রোজ সকালে উঠে একটা সারা দিনের কাজের লিষ্ট তৈরি করুন,Neutral
শুধু ছোটো ছোট কাজ যখন সারা দিনে করে উঠবেন তাহলেই দিনের,Neutral
দৃষ্টিও থাকবে যার কারণে আপনাকে সারা বছর কঠোর পরিশ্রম করতে হবে,Neutral
প্রধানত দুধরনের ঘুম হয়ঃ রেম সারা রাতের পাঁচ ভাগের এক ভাগ,Neutral
হরমোন নি সৃত হয় এবং সারা দিনের ক্লান্তি দূর হয়ে শরীর,Neutral
পানির একটি বোতল রাখুন এবং সারা দিন একটু একটু করে চুমুক,Neutral
নিয়ে বলেন অলস ব্যক্তির জীবনে সারা বছরে একটিই দিন তা হলো,Neutral
বিখ্যাত এই হেমন্ত বর্ণিমার জন্য সারা দেশ জুড়ে নানা ভ্রমণ সংস্থা,Neutral
করছে প্রিয় মিলনের আশা মানুষ সারা জীবন ধরে বিভিন্ন কাজ করে,Neutral
কোন কোন প্রেষণা দীর্ঘদিন এমনকি সারা জীবন ধরে মানুষকে কর্ম প্রেরণা,Neutral
চালের পায়েস তৈরি করে রাখুন সারা রাত একটি নেট দিয়ে ঢেকে,Neutral
পূজো করা হয় এতে কৃপা সারা বছর পাওয়া যায়,Neutral
বলতে গেলে প্রতিস্থাপিত লিভার গ্রহীতাদের সারা জীবন ধরে এইসব ওষুধ খেতে,Neutral
সঙ্গে খেয়াল রাখতে হয় যে সারা দিন মেকআপটা ঠিক থাকবে কি,Positive
তৈরি করা হয় ময়াদার জিলাপী সারা বছরেই তৈরি করা হয় বিভিন্ন,Positive
বলে জানিয়েছে সরকার এর ফলে সারা দেশে ব্রডব্যান্ড সার্ভিস বিপর্যস্ত হতে,Positive
সারা দিনের খাবার রুটিন কেমন হওয়া,Positive
একাধিক নেতা জানিয়েছেন ২০০৮ সালে সারা দেশে নৌকার পক্ষে গণজোয়ার ছিল,Positive
কাছাকাছি অবস্থান করছে এর ফলে সারা দেশেই সকাল থেকে বৃষ্টি ঝরছে,Positive
আবহাওয়া অধিদপ্তর জানিয়েছে আজ রোববার সারা দিনই বৃষ্টি ঝরবে সকালে ঢাকা,Positive
ও মধ্যাঞ্চলে বৃষ্টির সম্ভাবনা বেশি সারা দিন মূলত গুঁড়ি গুঁড়ি বৃষ্টিই,Positive
দেশীয় প্রকৌশলীদের সারা পাম্প দিয়ে সচল হলো দেশের,Positive
ধারার প্রযুক্তির মাধ্যমে রাস্তার গর্ত সারা হচ্ছে টুইটারে তিনি লিখেছেন আমার,Positive
গ্রামীন সড়ক দ্রুত সময়ের মধ্যে সারা হবে জানিয়ে সাংসদ নুরুল ইসলাম,Positive
প্রতিষ্ঠান ক্ষতিগ্রস্ত হয়েছে সেগুলো দ্রুত সারা হবে সোমবার ১৮ জুলাই সিলেট,Positive
বলবে আপনি যদি অটো কল সারা হবে এমন কোনও ব্যবসা শুরু,Positive
লঞ্চটি মাত্র পনেরো দিন আগে সারা হল মেরামত করে লাগানো হল,Positive
গাড়ি করে নিয়ে এসে রাস্তা সারা হবে 5 কোটি 55 লক্ষ,Positive
হওয়ার পরে দ্রুত এসব ঘর সারা হবে এমনটাই উদ্যোগ নেওয়া হয়েছে,Positive
সমস্যা চিহ্নিত করে যেন দ্রুত সারা হয় আমরা সেই ব্যবস্থাই করেছি,Positive
হয়েছিল কিন্তু সেই রেলপথ পুনরায় সারা হয়েছে এবং তাও রেকর্ড সময়ে,Positive
মধ্যে ইতিমধ্যে ৫০ টি জায়গা সারা সম্পন্ন হয়েছে বলেই সূত্রের খবর,Positive
এই ক্ষতিগ্রস্ত রেলপথ যেন দ্রুত সারা হয় তার জন্য রেল দফতর,Positive
নদীর ধসে যাওয়া বেড়িবাঁধটি প্রাথমিকভাবে সারা হয়েছে আজ বৃহস্পতিবার ভোরে কয়রার,Positive
জোয়ারের পানি আসার আগেই বাঁধটি সারা হয় এলাকার বাসিন্দাদের সাহায্যে,Positive
জন্য সবকিছু ফেলে স্বেচ্ছাশ্রমে বাঁধটি সারা এর কাজ করেছি,Positive
কাঁধে কাঁধ রেখে ভাঙা বাঁধ সারা এর কাজ বহু আগে থেকেই,Positive
সাহায্যে দ্রুত রাস্তা তৈরি বা সারা হচ্ছে,Positive
মাটি কেটে নিয়ে ভাঙা বাঁধটি সারা হচ্ছে উপজেলা প্রশাসনের পক্ষ থেকে,Positive
প্রশাসনের পক্ষ থেকে ওই বাঁধ সারা হচ্ছে বাগেরহাট সদর উপজেলা নির্বাহী,Positive
ভিত্তিতে ভাঙা বাঁধ মাটি দিয়ে সারা হচ্ছে,Positive
বলেছে ক্ষতিগ্রস্ত লাইনের তিন চতুর্থাংশ সারা হয়েছে,Positive
ক্ষতিগ্রস্থ অংশ সারা হবে সেই কাজ সারা এর,Positive
অংশ সারা হবে সেই কাজ সারা এর অনুমতি চেয়ে পার্কসার্কাস বাজার,Positive
অবশেষে সারা হচ্ছে নিহত সাংবাদিক আবদুল হাকিম,Positive
করতেন এখন তার কল্যাণেই দ্রুত সারা হচ্ছে দীর্ঘদিন ধরে বেহাল পড়ে,Positive
এতদিন খুবই খারাপ ছিল কিন্তু সারা হয়নি ভাই মারা যাওয়ার পর,Positive
লোকজন আমাদের বাড়ি আসায় দ্রুত সারা হচ্ছে রাস্তাটি শাহজাদপুর উপজেলা এলজিইডির,Positive
বলেন শিমুলের কল্যাণেই রাস্তাটি এখন সারা হচ্ছে রাস্তাটির নাম তার নামেই,Positive
পুকুরের পাড় শুকনো মাটি দিয়ে সারা এর পর সেখানে পানি দিয়ে,Positive
ঘন্টার মধ্যেই বন্দে ভারত ট্রেনটি সারা হয় রেলের তরফে জানানো হয়েছে,Positive
হাত বুলিয়ে দিতে লাগল ওর সারা গায়ে মাথায় সুহিতের মনে হল,Positive
ভেঙে গেছে তা সারারাতে আর সারা গেল না মাঝপথে মিস্ত্রি বা,Positive
ভোরে মিস্ত্রি খুঁজে এনে গাড়ি সারা হল তারপর এই এখন আসা,Positive
মধ্যেই সাবওয়ে সংলগ্ন জলের লাইন সারা হয়েছে লাইন লিক করে জল,Positive
ছিল না তার পরেও লাইন সারা হতে পেরিয়ে গেল বেশ কয়েক,Positive
নিয়ে আসা হল বয়লারের ছিদ্র সারা এর জন্য সেই মেকানিক চাইছিল,Positive
কাজ হয়ে যাবে তাদের কথামতই সারা হল বয়লার কাজ শেষ হয়ে,Positive
সামর্থ্য ছিল না যখন সেটিকে সারা হল তখন যেন আলিবাবার গুহার,Positive
যুদ্ধকালীন তৎপরতায় সারা হল দুর্গাপুরের ব্যারেজের লকগেট প্রায়,Positive
এক নম্বর লকগেটের ক্ষতিগ্রস্ত অংশ সারা এর কাজ শেষ করল সেচ,Positive
সব বের হয়ে যেত সেটা সারা হল যখন আমার সে কি,Positive
চিলতে উঠোনে মহোৎসাহে চিরর বাইক সারা দেখছে দিব্যি গেলে বলতে পারি,Positive
লোক জেগে থাকেনি কখনো অবশেষে সারা শেষ হল আমরা খেয়েদেয়ে শুতে,Positive
