Sentences,Emotion
শ্ৰীকান্ত কমললতা কিন্তু কেঁদে কেঁদে সারা হয়ে যাবে আমাদের কথাটা ইহার কানেও গিয়াছে জানিয়া মনে মনে অত্যন্ত বিরক্ত হইলাম কহিলাম সে কাঁদতে যাবে কিসের জন্তে   গোসাইজী একটু হাসিয়া কহিলেন তুমি জানো না বুঝি   ওর স্বভাবই এমনি কেউ চলে গেলে ও যেন শোকে সারা হয়ে যায় কথাটা আরও খারাপ লাগিল বলিলাম যার স্বভাব শোক করা সে করবেই আমি তাকে থামাব কি দিয়ে   কিন্তু বলিয়াই তাহার চোখের পানে চাহিয়া ঘাড় ফিরাইয়া দেখিলাম আমার পিছনে দাঁড়াইয়া কমললতা,Negative
চোখের জলে গোস্বামী বাড়ি ভাসিয়ে চন্দ্রা যখন শ্বশুর বাড়ি চলে যায় তখন নিজের মায়ের থেকে ছোট মায়ের বুক যেন খান খান হয়ে ভেঙে যায় প্রায় কয়েক দিন তার খাওয়া দাওয়া বন্ধ কেবল কেঁদে কেঁদে সারা হন নিজের মনকে নিজেই সান্ত্বনা দিয়ে বলেন  মেয়ে তো পরের ঘরে যাবার জন্যই জন্মায়  ,Negative
ডেকে লও রাসূলাল্লাহ...রওজা পাকের কিনারে...আমি কেঁদে কেঁদে হইগো সারা ধন্য করো দিদারে...আমি সহিতে পারিনা বিরহ জ্বালা ধন্য করো দিদারে ডেকে লও রাসূলাল্লাহ ..রওজা পাকের কিনারে...আমি কেঁদে কেঁদে হইগো সারা ধন্য করো দিদারে,Negative
আইনজীবীরা বিচারপ্রার্থীর কাছ থেকে যে পরিমাণ অর্থকড়ি নিয়ে থাকেন সেটাও একটা বিষয় বিচার দীর্ঘদিন ধরে চললে বিচারপ্রার্থীর পক্ষে অর্থ জোগান দেয়া অসম্ভব হয়ে পড়ে ফলে বিচারে সিদ্ধান্ত না পেয়েই অনেককে ফিরে আসতে হয় আদালত থেকে আর সে কারণে বিচারের বাণী নিভৃতে কেঁদে সারা হয় এর প্রমাণ প্রতিদিনই নানা ঘটনার মধ্যে লক্ষ্য করা যায়,Negative
কেমন দয়া বুৰি নাই তব শরীরে দেবদত্ত বলে মন পাগল ভোগ করে পূর্ব জন্মের ফল দিতে পারম কর্থের ফলাফল জন্মে যে জন ধৰ্ম্মাধৰ্ম্ম করে সবে বলে ওমা দুর্গ তুমি পাষাণের মেয়ে দয়াহীন কেন পাষাণের মেয়ে বলে পূরাণে শুনি তব গুণ যে সঙ্কটে তোমায় করে স্মরণ আশু তার হুঃখ কর নিবারণ যেমন শিশুর রোদনে মায়ে সান্ত করে স্তন দিয়ে এখন সে দয়া কোথায় গে মা তারা হয়েছ বুঝি বাপের ধারা মণ মণ বলে ডেকে হলেম সারা একবার দেখিলে ন ম ফিরে চেয়ে,Negative
তুমি তো মা ছিলে ভুলে আমি পাগল নিয়ে সারা হই হাসে কাঁদে সদাই ভোলা জানে না সে আমা বই ভাঙ খেয়ে মা সদাই আছে থাকতে হয় মা কাছে কাছে ভাল মন্দ হয় গো পাছে সদাই মনে ভাবি ওই দিতে হয় মা মুখে তুলে নয়তো খেতে যায় গো ভুলে ক্ষেপার দশা ভাবতে গেলে আমাতে আর আমি নই,Negative
আমি গুরু বৈমুখ হয়ে রলেম ভাই এ মুখ কেউ দেখ না এ পোড়া মুখ দেখলে পরে ও তার দুঃখ আর যাবে না হরি বৈমুখ হলে পরে গুরু গোঁসাই রাখতে পারে বিচার অনুসারে গুরু বৈমুখ হলে পরে তারে কেউ রাখতে পারে না গুরু গোঁসাইর দয়া ছিল কর্ম্মদোষে নিদয় হল শেষে বিদায় দিল ভবকুপে ফেলে দিল আমায় কেউ ডেকে সুধায় না বন্ধু বান্ধব ছিল যারা আমার বিপদ দেখে পালায় তারা ভেবে হলেম সারা তবিল ভেঙ্গে গেলাম মারা আমার মন মতি ভাল না,Negative
"অতীতের চেয়ে ভাবীকাল তব হবে হবে সুখময়; অচিরে প্রভুর পাবে দান রবে তুষ্ট যে অতিশয় পায় নি কি তোমা মাতাপিতা হীন আশ্রয় দিল শেষে;পথ খুঁজে সারা হেরিয়া তোমায় সু পথ দেখাল  এসে   
অভাবের মাঝে পে য়ে সে অভাব করিলেন যে পূরণ; মাতাপিতা হীনে কর না  ক কভু কর না  ক নিপীড়ন; ভিখারী কাঙ্গাল দেখে তারে ওগো কর না তিরস্কার; সকল দানের বাখানি প্রভুর গাও হে মহিমা তাঁর",Negative
সাত ভাই চম্পা জাগোরে জাগোরে..ঘুম ঘুম কাটেনা ঘুমেরই ঘোরে..একটি পারুল বোন আমি তোমার..আমি সকাল সাঁঝে শত কাজের মাঝে. তোমায় ডেকে ডেকে সারা...দাও সাড়া গো সাড়া,Negative
মহেশকে সারাদিন গ্রামের পথে পথে খুঁজে সারা হলো গফুর দিনের শেষে ক্লান্ত হয়ে সে বাড়িতে ফিরল যখন তখন তার গায়ে ধুম জ্বর বাড়ি ফিরে আমিনাকে বলল  জ্বর কি ভাত খাওয়া ভালো   সেদিন তাই আর গফুরের ভাত খাওয়া হলো না আমিনাও বাবাকে আর বিশেষ জোর করলো না কেবল নিজে মাটির সানকিতে ভাত বেড়ে নিয়ে বসে পড়ল আমিনা অভুক্ত গফুরের সে অভিনয় সহজেই ধরতে পারে আমিনা,Negative
আজ বহুদিন হলো ঘর ছাড়া ছেলে চিন্তায় অস্থির নলিনী সারাদিন এ নিয়ে ভেবে সারা সে তার মাথায় আসে নানা দুশ্চিন্তা বিদেশে গিয়ে যদি কোনো বিপদে পড়ে তার ছেলে  মা হয়ে এমন অমঙ্গল চিন্তা তার সাজে না তবু মায়ের মন তো  সারাদিন নিরন্তর কতইনা আশঙ্কা করতে থাকে সে মনের মধ্যে তোলপাড় হতে থাকে অপেক্ষায় কেটে যায় গোটা দিন  এই বুঝি ছেলের চিঠি এলো,Negative
চাকরির আশায় সরকারি দপ্তরে ঘুরে ঘুরে সারা হয়ে অবশেষে চাকরি যোগ্য প্রার্থীরা আজ রাস্তায় নেমেছে দাবি তাদের একটাই যতক্ষণ না পর্যন্ত তারা তাদের যোগ্যতা অনুযায়ী চাকরি পাচ্ছে ততক্ষণ তারা চালিয়ে যাবে আমরণ অনশন সরকারের দুর্নীতির বিরুদ্ধে এই তাদের কড়া পদক্ষেপ বিচারের প্রতি আস্থা রেখেছেন তারা সরকারের এমন অবহেলা এবং দুর্নীতি সত্যিই নিন্দনীয়,Negative
মৃতদেহের পাশে বসে চোখের জল ফেলে বিনোদিনী প্রিয় মানুষটি আজ নিরুত্তর শান্তভাবে শয্যায় শায়িত অন্তরের সবটুকু উজাড় করে প্রিয়জনকে ডেকে ডেকে সারা বিনোদিনী অন্তরের এত আকুল ডাক সত্ত্বেও দেহ নড়ে না পলক পড়ে না সাড়া দেয় না দুদিন আগেও যে প্রিয়জনের স্পর্শে নিরাপদ ছিলেন বিনোদিনী আজ পলকেই তা যেন নিষ্ঠুর ভাবে তার থেকে কেউ কেড়ে নিল,Negative
ভোর থেকে অশক্ত শরীরে ব্যাঙ্কের লাইন মাসের ভরসা সামান্য টাকাটা আজ হাতে পাবেন তো  কেউ টাকা পেয়েছেন যদিও তা অনেক ক্ষেত্রেই প্রয়োজনের তুলনায় কম অনেককে ফিরতে হয়েছে খালি হাতেই উল্টে আগামীকাল ফের লাইনে দাঁড়ানোর পরামর্শ দিয়েছে ব্যাঙ্ক কর্তৃপক্ষ মাস পয়লায় সবচেয়ে বেশি নোট ভোগান্তির শিকার হলেন প্রবীণ নাগরিক ও পেনশনভোগীরা ব্যাঙ্কে টাকার জোগাড় কম এটিএমে নো ক্যাশ বোর্ড মাস পয়লায় চূড়ান্ত সারা হল মানুষ দিনভর দীর্ঘ লাইনে সবচেয়ে বেশি দুর্ভোগের প্রহর গুনেছেন প্রবীণ নাগরিক ও পেনশন ভোগীরা,Negative
খামখা পাক দিতে দিতে কুকুরটা সারা হইয়া হাঁপাইতে লাগিল তখন রামা ব্যস্ত হইয়া উঠিল ভজু বলিল  আমার দিকটাই জিতিয়াছে    কিন্তু কুকুরটা এমন বেহায়া পাঁচমিনিট যাইতে না যাইতেই সে আবার ল্যাজ তাড়ানো শুরু করিল তখন রামা রাগিয়া বলিল  এইয়ো  তোমার ল্যাজ সামলাও দেখছ না কুকুরটা হাঁপিয়ে পড়ছে   ভজু বলিল  সামলাতে হয় তোমার দিক সামলাও  ল্যাজের দিকে তো আর হাঁপাচ্ছে না   রামা ততক্ষণে রীতিমত চটিয়াছে সে কুকুরের পিছন পিছন গিয়া ধাই করিয়া এক লাথি লাগাইয়া দিল ভজু বলিল  তবে রে  আমার দিকে লাথি মারলি কেন রে   এই বলিয়াই সে কুকুরের মাথায় ঘাড়ে কানে চটাপট কয়েকটা চটি লাগাইয়া দিল দুই দিক হইতেই রেষারেষির চোটে কুকুরটা ছুটিয়া পালাইল,Negative
আইটিআই প্রবেশিকার প্রশ্ন ফাঁস যদিও এর দায় নিতে নারাজ কারিগরী শিক্ষামন্ত্রী উল্টে ষড়যন্ত্রের তত্ত্ব খাড়া করলেন উজ্জ্বল বিশ্বাস আগেই সচেতন হওয়া উচিত ছিল দায়িত্ব নিতে হবে বিভাগীয় মন্ত্রীকেই মন্তব্য বৃত্তিমূলক শিক্ষা সংসদের সভাপতি রুদ্রনীল ঘোষের প্রশ্নফাঁসের ঘটনায় সিআইডি তদন্তের নির্দেশ রাজ্য সরকারের আইটিআই প্রবেশিকার প্রশ্ন ফাঁসের জেরে সারা ১ লক্ষ ৩৩ হাজার পরীক্ষার্থী পরীক্ষাকেন্দ্রে পৌঁছে মাথায় আকাশ ভেঙে পড়ার মতো অবস্থা  অথচ এর দায় নিতেই নারাজ কারিগরী শিক্ষামন্ত্রী উজ্জ্বল বিশ্বাস তাঁর গলায় ষড়যন্ত্রের তত্ত্ব  প্রশ্নফাঁসের ঘটনায় সংবাদমাধ্যমের একাংশের ঘাড়েও দায় চাপানোর চেষ্টা করেছেন মন্ত্রী ,Negative
সিঁধেল চোররাও হাত পাকিয়েছে সাইবার ক্রাইমে সারা হল শিল্পাঞ্চলের পুলিশ কুলটির মিঠানিতে ব্যাঙ্ক অফ ইন্ডিয়ার পিছন দিকে দু দুটি সিঁধ কাটা ঘটনার তদন্তে নিয়ামতপুর ফাঁড়ির পুলিশ লক্ষ্য করে ব্যাঙ্কের পিছন দিকে বড় বড় সিঁধ দুটি কাটা হয়েছে প্রথমটি সিঁধটি খালি আবাসনের পরেরটি ব্যাঙ্কের বাথরুমের ব্যাঙ্ক খুলে দেখা যায় ভাঙা হয়েছে সিসিটিভি ক্যামেরা উধাও সার্ভারও এমনকী বিপদসূচক অ্যালার্মও বিকল করে দেওয়া হয়েছে ভল্টের ঘরের দরজাও ভাঙা হয়েছে রাতে পুলিশের টহল গাড়ি ব্যাঙ্কের সামনে এসে পড়ায় রণে ভঙ্গ হয় চৌর্যবৃত্তির অপারেশন,Negative
দরিদ্র ভ্যানচালক জহুরুল দিন পনেরো  আগে শান্তিনগরে পুলিশবাহিনীর একটি পোশাকের গোডাউন পরিষ্কার করতে যান কাজ শেষের পথে তিনটি বেজির বাচ্চা কুড়িয়ে পান এসময় সেখানে উপস্থিত পুলিশের দুজন কর্মকর্তা তার পিঠ চাপড়ে বলেন  যা ব্যাটা বেজিগুলো তোরে ফ্রি দিয়ে দিলাম দিন সাতেক লালন পালন কইরা নীলক্ষেত নিয়া বেইচ্যা দিলে ভালো টাকা পাবি   পুলিশের কথামতো গত প্রায় দুই সপ্তাহ বেজিগুলো লালন পালন করছেন তিনি এরপর গত তিনদিন যাবত রাজধানীর কাঁটাবনসহ বিভিন্ন পশুপাখির দোকানে দোকানে ঘুরে সারা হচ্ছেন ভালো দাম তো অনেক দূরের কথা কেউ দামও বলছেন না রোববার বিকেলে কাঁটাবন চৌরাস্তার অদূরে তাকে খাঁচা হাতে দাঁড়িয়ে থাকতে দেখা যায়,Negative
অমর একুশে গ্রন্থমেলার দ্বিতীয় দিন শুক্রবার হওয়ায় লোক সমাগমও বেশ তবে কাঙ্ক্ষিত স্টল খুঁজে না পেয়ে সারা হল পাঠক প্রতিটি স্টলের নম্বরপ্লেট সরবরাহের দায়িত্ব বাংলা একাডেমির কিন্তু মেলার দ্বিতীয় দিনে এসেও অধিকাংশ স্টলে বসেনি নম্বরপ্লেট এতে সমস্যায় পড়ছেন পাঠক মেলার বাংলা একাডেমি প্রাঙ্গণ ও সোহরাওয়ার্দী উদ্যান প্রাঙ্গণ ঘুরে অনেকের কাছ থেকেই এমন অভিযোগ পাওয়া গেছে এ প্রতিবেদকের কাছেও অনেক পাঠক তার কাঙ্ক্ষিত প্রকাশনীর স্টল নম্বর জানতে চেয়েছেন একই সঙ্গে স্টলের অবস্থানের জিজ্ঞাসা নিয়ে ঘুরেছেন তারা মেলা প্রাঙ্গণ ঘুরে দেখা যায় নানা অব্যবস্থাপনার মধ্যে এই স্টল নম্বর না বসানোটা অন্যতম,Negative
রেলমন্ত্রী পীযূষ গোয়েল জানিয়েছেন আগে যাত্রী সুরক্ষা তারপর সময়ানুবর্তিতা সুরক্ষার নামে ট্রেন লেট বেড়েই চলেছে যার মধ্যে রয়েছে ফাটল মেরামত আরআরআইয়ের কাজ ইন্সপেকশন প্রভৃতির কাজ রেলমন্ত্রী তথ্য দিয়ে বলেন ভারতে ট্রেনের সময়ানুবর্তিতা ৮০ শতাংশ থেকে কমে ৭০ শতাংশ হয়েছে হাওড়া শিয়ালদহের ক্ষেত্রে শতাংশের মাত্রা আরও কম ৬০ ৬৫ শতাংশ পূর্ব রেলের অপারেশন বিভাগ সূত্রে জানা গিয়েছে শীতের মরশুমে কুয়াশার দাপটে দেরির জন্য ট্রেন লেট আরও বাড়বে বিশেষত পশ্চিম ভারতে যাতায়াতকারী ট্রেনগুলি বেশি করে এই কোপে পড়বে দেরির ঠেলায় বাড়বে ট্রেন বাতিলের সংখ্যা যাত্রী সারার পাশাপাশি ভাড়া ফেরতের ক্ষেত্রেও সারা হবেন যাত্রীরা,Negative
সব বাস কাউন্টারে মিলছে না টিকিট সারা হল যাত্রীরা  আসন্ন ঈদ উল আজহা উপলক্ষে দুই দিন আগে থেকে বাসের আগাম টিকিট বিক্রি শুরু হয়েছে কিন্তু শুধুমাত্র পরিবহনগুলোর নির্ধারিত কাউন্টার থেকেই এ আগাম টিকিট বিক্রি করা হচ্ছে অথচ ঘোষণা ছিল সব কাউন্টারেই মিলবে টিকিট এর ফলে ভোগান্তিতে পড়ছেন টিকিট প্রত্যাশী যাত্রীরা কাক্সিক্ষত টিকিটের জন্য তাদের ছুটতে হচ্ছে এক কাউন্টার থেকে অন্য কাউন্টারে টিকিট নিতে আসা লোকজন অভিযোগ করেন সব কাউন্টার থেকে বাসের আগাম টিকিট দেওয়ার কথা থাকলেও পরিবহন কোম্পানিগুলো নির্ধারিত কিছু কাউন্টার থেকে টিকিট বিক্রি করছে ফলে তাদের সারা হতে হচ্ছে,Negative
বিশ্ববিদ্যালয়গুলোতে চলছে দুহাজার সতেরো  আঠারো শিক্ষাবর্ষের স্নাতক পর্যায়ে ভর্তি পরীক্ষা ভর্তি পরীক্ষায় অংশ নিতে শিক্ষার্থীরা ছুটে বেড়াচ্ছেন দেশের একপ্রান্ত থেকে অন্যপ্রান্ত কখনও কখনও অভিভাবকরাও ছুটছেন শিক্ষার্থীদের সঙ্গে স্বল্প সময়ের মধ্যে এত ভ্রমণ যাত্রাপথে যানজট থাকা খাওয়ার কষ্টসহ হাজারও প্রতিকূলতায় জর্জরিত উচ্চশিক্ষা গ্রহণের রাস্তা ভর্তি পরীক্ষা দিতে গিয়ে শিক্ষার্থী অভিভাবকরা সারা হল শিক্ষার্থীদের নানা ভোগান্তি নিয়ে বিশেষ প্রতিবেদনের আজ থাকছে ১ম পর্ব,Negative
আমি দুর্গম পথের পথ যাত্রী সেই পথে আগুয়ান নিষ্পেষিত প্রাণের আর্তনাদে ভেবে হচ্ছি সারা আমি কি পারবো  পাড়ীদিতে এই পথ  নিজের ভেতর বিবেক বলে  পারবে পারবে তুমি পাড়ি দিতে এই দুর্গম পথ  অচেনা এক আর্তনাদ যেনো থমকে দিচ্ছে আমার পথ কে যেনো বলছে   ফিরে যা ফিরে যা তোর সেই আগের পথে নয়তো ভেঙে চুরমার হয়ে যাবি নির্যাতিত প্রাণের মতো  ,Negative
মহিলাটি সোনার কানের দুলটি কোথায় রেখেছেন তা নিয়ে সারাদিন খুঁজলেন বাড়ির সবাই মিলে একসঙ্গে খুঁজতে লাগলেন কিন্তু কোথাও খুঁজে পাওয়া গেল না তন্ন তন্ন করে বাড়ির সব জায়গায় খোঁজার পরেও তিনি হতাশ হয়ে গেলেন সারাদিন খুঁজে খুঁজে সারা হয়ে গেলেও সেটি না পাওয়ায় তিনি অত্যন্ত বিষন্ন হয়ে গেলেন,Negative
আমার বাবা হঠাৎই লক্ষ্য করলেন তার গুরুত্বপূর্ণ টাকা তোলার কার্ডটি তিনি দেখতে পাচ্ছেন না যে জায়গায় তিনি রাখেন সেই জায়গাটি দেখলেন তাছাড়াও সম্ভাব্য অন্যান্য সব জায়গা দেখলেন কিন্তু কোথাও তিনি খুঁজে পেলেন না গুরুত্বপূর্ণ কার্ডটি হারিয়ে যাওয়ার ফলে তিনি কোনো কাজেও মন দিতে পারছেন না বাড়িতে ও অফিসে তিনি কার্ডটি খুঁজে না পেয়ে সারা হয়ে গেলেন ফলে তিনি অত্যন্ত চিন্তান্বিত ও বিমর্ষ হয়ে গেলেন,Negative
যুবকটির বাবা মারা যাওয়ার পর সংসারের সমস্ত দায়িত্ব তার মাথার উপর এসে পড়ে সারাটা দিন চাকরির জন্য হন্যে হয়ে ঘুরে বেড়ায় রোদ বৃষ্টি কিছুই সে পরোয়া করে না সে তার বায়োডাটা নিয়ে প্রতিটা অফিসে অফিসে ঘুরে বেড়ায় কিন্তু কোনো সুফল লাভ হয় না এইভাবে একদিন নয় দুদিন নয় দিনের পর দিন ঘুরে ঘুরে সারা হলেও সে একটা চাকরির সন্ধান পেল না,Negative
কাজের মেয়েটি সকালবেলা প্রত্যেকদিন বাড়িটিতে কাজ করতে এসে কলিং বেল টেপে কিন্তু সেই দিনটা ছিল একটু অন্যরকম দরজায় অনবরত ধাক্কা দেওয়ার পর এবং বারবার সম্বোধন করে ডাকার পরেও দরজাটি কেউ ভেতর থেকে খুলছিল না তা দেখে মেয়েটি পাড়া প্রতিবেশী কে ডাক দেয় সবাই মিলে ডেকে ডেকে সারা হয়ে যাওয়ার পরও কেউ দরজা খুলছে না দেখে সবাই পুলিশে খবর দিল,Negative
অসুস্থ ছোট ছেলেটি সারাদিন ধরে বাড়িতে বসে থাকে ডাক্তারবাবু তাকে বাড়ির বাইরে যেতে বারণ করেছেন তার অসুখের কারণে সে সারাদিন ধরে বাড়ির জানলায় বসে বসে ছেলেদের স্কুলে যেতে দেখে খেলা করতে দেখে তার ফলে সে প্রচন্ড দুঃখে থাকে তার মনের দুঃখ সে চেপে রাখে সে বাইরে বেরোতে পারে না কবে সে আবার আগেকার মত বাইরে বেরিয়ে স্কুলে যেতে পারবে খেলাধূলা করতে পারবে অন্য ছেলেদের মতো সেটাই ভেবে ভেবে সে সারা হয়ে যায়,Negative
স্কুল থেকে মা মেয়েটিকে আনতে গেছে কিন্তু স্কুল ছুটি হয়ে যাওয়ার পরেও মেয়েটি আসছে না স্কুল থেকে সবাই বেরিয়ে গেল স্কুল একদম খালি হয়ে গেল তবুও মেয়েটিকে মা দেখতে পেল না দারোয়ান তাকে দেখেনি বলে জানিয়ে দিল মেয়েটিকে চারিদিকে খুঁজে না পেয়ে মা সারা হয়ে গেল তিনি হতাশ হয়ে মাটিতেই বসে পড়লেন,Negative
পথের ভিখারিটি কিছু খাবারের জন্য পথে পথে ঘুরে বেড়ায় মানুষের কাছে হাত পাতে কিছু পয়সা পাওয়ার জন্য কিন্তু পথ চলতি মানুষেরা সব সময় তাকে দেখে মুখ ফিরিয়ে নেয় সে সারাদিন ধরে পথে পথে ঘুরে ঘুরে সারা হয়েও তার দুমুঠো খাবার জোগাড় করতে পারে না,Negative
স্বাস্থ্য সকল সুখের মূল শরীর ঠিক তো সব ঠিক একটি সুস্থ ও সুন্দর জীবন যে কারও প্রতিদিনের সব কাজে প্রভাব ফেলে স্বাস্থ্য ঠিক নেই তো সবকিছু এলোমেলো কিন্তু শরীর তো আর আপনাআপনি ভালো থাকবে না নিয়মিত সারা দিনের কর্মব্যস্ততা শরীরকে ক্লান্ত করে তুলতেই পারে তাই দেহকে সুস্থ সবল আর কর্মক্ষম রাখতে অবশ্যই মেনে চলতে হবে স্বাস্থ্যবিধি,Neutral
সারা দিন উপযুক্ত ও স্বাস্থ্যকর খাবার খাওয়া যেমন দরকার তেমনই দরকার পরিমাণ মতো বিশুদ্ধ পানীয় জল পান করাও কারণ পানীয় জল শুধু যে তেষ্টা মেটায় তাই নয় শরীরের আর্দ্রতা ধরে রাখে শরীরের অন্তরীণ জলের চাহিদা পূরণ করে সঙ্গে আরও একাধিক কাজ করে গোটা শরীরকে সুস্থ রাখতে সাহায্য করে জল ফলে পরিমাণ মতো জল খাওয়াটা খুবই দরকার,Neutral
তাই মনে রাখবেন যাতে আপনার সম্পূর্ণ দিনের আহার বা খাবার সম্পূর্ণ ভাবে পুষ্টিকর কম তৈলাক্ত ময়দা না খেয়ে আটা খাওয়া এবং কম মসলা থাকা তাজা এবং ঘরে তৈরি করা থাকে এটা সারা জীবন সুস্থ থাকার সবচেয়ে জরুরি এবং দরকারি উপায় যতটা জলদি সম্ভব বাইরের ফাস্ট ফুড খাওয়ার অভ্যেসটি বন্ধ করুন কারণ এটা এড়ানোটা আপনার সুস্থ শরীরের জন্য অনেক জরুরি,Neutral
জল আমাদের শারীরিক ভাবে সুস্থ থাকার জন্য একটি প্রধান ভূমিকা পালন করে একজন ব্যক্তির শারীরিক ভাবে সুস্থ থাকার জন্য সারা দিনে ২ থেকে ৩ লিটার এর ভেতরে জল পান করা অবশই উচিত প্রত্যেকদিন সকালে ঘুম থেকে উঠে খালি পেটে জল পান করাটা আমাদের শরীরের জন্য অনেক ক্ষেত্রে উপকারী বলে প্রমাণিত হয়েছে এতে আপনার শরীর থেকে অপ্রয়োজনীয় টক্সিন গুলি সহজে বের হয়ে যায়,Neutral
অবসর নেওয়া মানেই সারা দিনে শুয়ে বসে সময় কাটাবেন না যতটা পারবেন বিভিন্ন ধরনের কাজকর্মে নিজেকে যুক্ত রাখুন সকালে উঠে অল্প হাঁটাহাটি যোগাভ্যাস ধ্যান নিঃশ্বাসের ব্যায়াম করা অভ্যাস করে ফেলুন বাগান করা রান্না করা ছোটখাটো দোকানবাজার ব্যাঙ্কের কাজ  এগুলি বন্ধ করে দেবেন না বিকেলে বা রাতে খাওয়ার পরও খানিক হাঁটাহাটি করে নিতে পারেন এতে খাবার তাড়াতাড়ি হজম হয়ে শরীর সুস্থ থাকবে অনেক দিন,Neutral
জীবনের অপ্রয়োজনীয় চাপ কমানোর জন্য সামাজিক মাধ্যমের ক্ষুদ্রীকরণ কর সারা দিন ফেসবুক ট্যুইটার ইন্সটাগ্রাম ই মেইল চেক করতে যতটা সময় ব্যয় হয় ওই সময়টা যদি নিজের ভালো থাকার প্রতি লাগানো যায় তাহলে জীবন আরো সুস্থ ও সুন্দর হয়ে উঠতে পারে অন্যের স্ট্যাটাস অন্যের বেড়াতে যাওয়ার ছবি পোষ্ট আমাদের মধ্যে অনেকের মনে নেতিবাচক ভাবনার জন্ম দেয় কোনো গুজব অহেতুক হিংসার সৃষ্টি করে প্রযুক্তি আমাদের জীবনকে সহজ করেছে ঠিকই কিন্তু এর লাগাম ছাড়া ব্যাবহার কেড়ে নিয়েছে সামাজিক মূল্যবোধ সৌন্দর্য ও সৌহার্দ্য তাই যতটা ব্যবহার না করলেই নয় ততটা ব্যবহার কর খুশি থাকো,Neutral
শিশুদের শেখার ও নিজেদের মধ্যে ছড়িয়ে দেওয়ার জন্য একশোটি স্বাস্থ্য বার্তা চিলড্রেন ফর হেল্থ যুক্তরাজ্যের কেমব্রিজ ভিত্তিক একটি ছোট এনজিও দ্বারা তৈরি করা হয়েছে চিলড্রেন ফর হেল্থ সারা বিশ্বে স্বাস্থ্য শিক্ষা অংশীদারদের সাথে কাজ করে এই স্বাস্থ্য বার্তাগুলি বিশেষজ্ঞ স্বাস্থ্য শিক্ষাবিদ ও চিকিৎসা বিশেষজ্ঞদের দ্বারা পর্যালোচনা করা হয়েছে এবং এছাড়াও ওআরবি স্বাস্থ্য ওয়েবসাইটে পাওয়া যায়,Neutral
চায়না ম্যানড স্পেস এজেন্সি চিকিৎসা গবেষণা থেকে শুরু করে প্রযুক্তিগত অধ্যয়ন পর্যন্ত পৃথিবীর বাইরে পরিচালিত  হাজারটিরও বেশি পরীক্ষা নিরীক্ষার অনুমোদন দিয়েছে স্টেশনটি বর্তমানে পৃথিবীর উপরে ৩৮৮.৯ কিলোমিটারে ঘোরাফেরা করছে কারণ এটি সারা বিশ্বের বিজ্ঞানীদের কাছে আইএসএস থেকে দূরে একটি অনন্য বিকল্প সরবরাহ করে,Neutral
WHO অনুসারে সারা বিশ্ব জুড়ে প্রায় ঊনচল্লিশ কোটিরও বেশী মানুষ ডেঙ্গু রোগে আক্রান্ত হয়েছে এবং যা ক্রমশ বেড়ে চলেছে ডেঙ্গু হল একটি মশা পরিবাহিত রোগ যা এডিস মশার কামড়ে হয় তাই ডেঙ্গু থেকে নিজেকে এবং নিজের পরিবারকে সুরক্ষিত রাখার প্রথম পদক্ষেপ হল মশাদের দূরে সরিয়ে রাখার ব্যবস্থা করা এখানে ৫টি অবশ্যই করনীয় বিষয় উল্লেখ করা হল যা ডেঙ্গু পরিবহনকারী মশা থেকে আপনার পরিবারকে নিরাপত্তা অরদান করবে,Neutral
"প্রতি বছর ঊনত্রিশে সেপ্টেম্বর পালিত হয়  বিশ্ব হার্ট দিবস   
মূলত জনসাধারণের মধ্যে  হৃদরোগের বিরুদ্ধে  সচেতনতা তৈরি করা আজকের এই বিশেষ দিনটির উদ্দেশ্য প্রতি বছর সারা বিশ্বজুড়ে লক্ষ লক্ষ মানুষ শুধু হৃদরোগে আক্রান্ত হয়েই মারা যান ওয়ার্ল্ড হার্ট ফেডারেশনের তরফে বিশ্ব হার্ট দিবস উদযাপন শুরু করা হয়েছে যাতে হৃদরোগের বিরুদ্ধে মানুষকে সচেতন করা যায় ২০০০ সালে প্রথমবারের মত বিশ্ব হার্ট দিবস পালিত হয় এটি সারা বিশ্বব্যাপী একটা প্রচারাভিযান যার মাধ্যমে মানুষকে সচেতন করা সম্ভব কিভাবে হৃদরোগ  সিভিডি  এড়ানো যায়",Neutral
জন সাধারণের মধ্যে কার্ডিওভাসকুলার সম্বন্ধে সচেতনতা বাড়াতে  উনিসশনিরানব্বই সালে প্রথম ওয়ার্ল্ড হার্ট ফেডারেশন এবং ওয়ার্ল্ড হেলথ অর্গানাইজেশনের মিলিত প্রচেষ্টায় এই দিনটিকে সারা বিশ্ব জুড়ে হার্ট দিবস হিসেবে পালন করা হবে বলে ঠিক হয় ওয়ার্ল্ড হার্ট ফেডারেশনের প্রেসিডেন্ট  ১৯৯৭ ২০১১  অ্যান্টনি বয়েঁস দে লুনা এই বিশেষ দিনটিকে উদযাপনের কথা বলেছিলেন প্রকৃতপক্ষে সেপ্টেম্বরের শেষ রবিবার বিশ্ব হার্ট দিবস পালনের সিদ্ধান্ত নেওয়া হয় এবং প্রথম ২০০০ সালে ২৪ সেপ্টেম্বর মহাসমারোহে এই দিনটি পালন করা হয়,Neutral
আগামী বছর রামকৃষ্ণ মিশনের একশো পঁচিশ তম বর্ষপূর্তি ওই অনুষ্ঠানে যোগ দিতে বেলুড় মঠে আসতে পারেন প্রধানমন্ত্রী নরেন্দ্র মোদী এই অনুষ্ঠানে থাকার জন্য তাঁকে আমন্ত্রণ জানানো হবে বলে বেলুড় মঠ সূত্রে খবর বেলুড় মঠ সূত্রে জানা গিয়েছে রামকৃষ্ণ মিশনের ১২৫ তম বর্ষপূর্তি অনুষ্ঠান হবে ২০২২ সালের ১ মে থেকে ২০২৩ সালের ১ মে পর্যন্ত এক বছর ধরে বিভিন্ন অনুষ্ঠানের আয়োজন করা হবে এই বিশাল কর্মসূচিতে সহযোগিতা করবে কেন্দ্রীয়সরকার এ ছাড়া সারা দেশ এবং বিশ্ব জুড়ে মিশনের যে অসংখ্য ভক্ত রয়েছেন তাঁরাও পাশে থাকবেন,Neutral
সারা দেশে এখন ডেঙ্গু আতঙ্ক ক্রীড়াঙ্গনও এর বাইরে নেই ডিসেম্বরে নেপালে অনুষ্ঠেয় এসএ গেমসকে সামনে রেখে ২৩ খেলার ৬৬৬ ক্রীড়াবিদকে নিয়ে চলছে আবাসিক ক্যাম্প যাদের মধ্যে ৫ খেলোয়াড় ডেঙ্গুতে আক্রান্ত হয়েছেন আক্রান্ত সবাই ধানমন্ডি মহিলা ক্রীড়া কমপ্লেক্সের আবাসিক ক্যাম্পে থেকে অনুশীলন করছিলেন আজ  শনিবার  সেখানেই চলেছে পরিষ্কার পরিচ্ছন্নতা অভিযান,Neutral
ভোরবেলা বিছানা ছাড়ার জন্যে সবাই বলেন কিন্তু আজকের বিনোদন মুখর জীবন সেই কাজ করতে নারাজ এই অভ্যেস ত্যাগ করে রোজ সকালে উঠুন সকালের শুরু যদি ভালো হয় সারা দিন কাজ করার আলাদা এনার্জি থাকে সকালের বাতাসে অক্সিজেনের মাত্রা বেশি থাকে দূষণ কম হওয়ার কারণে সাথে রোজ সকালে স্বাস্থ্য চর্চা করুন অল্প সময়ের জন্যে হলেও যোগাভ্যাস করতে পারেন রোজ সকালে উঠে একটা সারা দিনের কাজের লিষ্ট তৈরি করুন এটা দরকার নেই যে লিষ্ট লম্বা এবং অনেক হতে হবে শুধু ছোটো ছোট কাজ যখন সারা দিনে করে উঠবেন তাহলেই দিনের শেষে অলসতা কাটিয়ে উঠবেন স্বপ্নের আবেশে বিভোর না হয়ে বাস্তবের মাটিতে পা রেখে কাজ করা ভালো,Neutral
২০২১ বছরটি রাশিচক্রের ক্যারিয়ারে খুব অনুকূল ফলাফল আনছে যার কারণে আপনি এই ক্ষেত্রে আপনার সেরা পারফরম্যান্স দিতে সক্ষম হবেন ২০২১ রাশিফল অনুসারে বিশেষ করে জুন থেকে জুলাইয়ের মধ্যে আপনি শুভ ফল পাবেন কারণ এই সময় লাল গ্রহ মঙ্গল আপনার রাশির চিহ্ন থেকে আপনার দশম ঘরে গোচর করবে এ কারণে কর্মক্ষেত্রে আপনি ভাগ্য পাবেন তবে এই লাল গ্রহটি আপনার ক্রোধও বাড়িয়ে তুলবে যার কারণে আপনি কর্মক্ষেত্রে আপনার সহকর্মীদের বা আপনার বসের সাথে বিতর্ক করতে পারেন এমন পরিস্থিতিতে আপনার বিশেষ যত্ন নেওয়া দরকার অন্যথায় আপনার রাগ আপনার ভাবমূর্তি নষ্ট করতে পারে আপনার রাশিচক্র থেকে দশম ভাবে শনি গ্রহের দৃষ্টিও থাকবে যার কারণে আপনাকে সারা বছর কঠোর পরিশ্রম করতে হবে তবেই আপনি নিজের অনুসারে ফল পাবেন,Neutral
দিনের চব্বিশ ঘন্টার মধ্যে ঘুম হচ্ছে সেই সময় যখন আমরা আমাদের চারপাশ সম্বন্ধে অবহিত থাকি না প্রধানত দুধরনের ঘুম হয়ঃ রেম   সারা রাতের পাঁচ ভাগের এক ভাগ আমাদের এই ঘুমে কাটে রেম ঘুমের সময় আমাদের মস্তিষ্ক সজাগ থাকে আমাদের মাংসপেশি শিথিল থাকে আমাদের চোখ এদিক থেকে ওদিকে ঘুরতে থাকে এবং আমরা স্বপ্ন দেখি নন রেম  এই ঘুমের সময় আমাদের মস্তিষ্ক নিষ্ক্রিয় থাকে তবে শরীর নড়াচড়া করতে পারে এই সময় হরমোন নি সৃত হয় এবং সারা  দিনের ক্লান্তি দূর হয়ে শরীর আবার সতেজ হয়ে ওঠে,Neutral
পড়ার সময় পর্যাপ্ত পানি না পান করলে আপনি মনোযোগ হারাতে পারেন এটি মোকাবেলা করতে আপনার পড়ার টেবিলে সবসময় ঠান্ডা পানির একটি বোতল রাখুন এবং সারা দিন একটু একটু করে চুমুক দিন আপনার প্রতিদিন ২ লিটার পানি পান করা উচিৎ আপনি একটি ২ লিটারের বোতলে পানি ভরে রাখতে পারেন এবং ঘুমানোর আগে সেটি শেষ করে ঘুমাতে পারেন,Neutral
আমেরিকান জনপ্রিয় গিটারিস্ট জিমি লায়ন অলসতা নিয়ে বলেন অলস ব্যক্তির জীবনে সারা বছরে একটিই দিন তা হলো আগামীকাল কিন্তু এই আগামীকাল তো আর আসে না আর তাই অলসতা ঝেড়ে ফেলতে অনেক রকম কাজ করবেন ভেবে রেখে লম্বা লিস্ট করে রেখেছেন এ কাজ ভুলেও করবেন না এতে নির্দিষ্ট সময়ে কাজ শেষ না করতে পেরে আরও হতাশায় ভুগতে হতে পারে জমা কাজগুলো বরং ভাগ করে নিন একসঙ্গে না করে একেক দিন একেকটি কাজ রাখুন প্রয়োজনে কারও সহযোগিতা নিতে পারেন ছোট ছোট পদক্ষেপের সফলতা বাড়তি আত্মবিশ্বাস জোগাবে আপনাকে যা বরং পরবর্তী সময়ে বড় কোনো পদক্ষেপে অনুপ্রেরণা হিসেবে কাজ করবে,Neutral
তারই আঙিনায় পুরোনো মেপল গাছ এই শেষ সেপ্টেম্বরে পাতা ঝরিয়ে লালে লাল বুড়ো গাছেরও তো ইচ্ছে যায় পড়ে থাকা কমলা উজ্জ্বল লাল শুকনো পাতার সঙ্গে দুদণ্ড স্মৃতি রোমন্থন করে নিতে এমনিতেই তাদের স্টেট বিখ্যাত এই হেমন্ত বর্ণিমার জন্য সারা দেশ জুড়ে নানা ভ্রমণ সংস্থা বিজ্ঞাপন দিয়ে লোক ডেকে আনে মেইন রাজ্যের ঝরাপাতার শোভা দেখাতে প্রথমবার এরকম এক হৈমন্তী সেমেস্টারেই ভয়ে ভয়ে সুহাস এসে পৌঁছেছিল এখানে কারণ স্কল মানে স্কলারশিপ তখনো আংশিক,Neutral
মানুষের চাওয়ার শেষ নেই একজন মানুষ হয়তো এক মুহূর্তে এক মুঠো খাবার চাইছে কিংবা একটু আশ্রয় আর একজন হয়তো চাইছে রাজনৈতিক ক্ষমতা দখল করতে আবার আর একজন হয়তো করছে প্রিয় মিলনের আশা মানুষ সারা জীবন ধরে বিভিন্ন কাজ করে যাচ্ছে তাদের এই বিচিত্র কর্ম প্রবাহের মূলে রয়েছে কোন না কোন প্রেষণা কোন কোন প্রেষণা ক্ষণকালের জন্য মানুষকে সক্রিয় ও সচেষ্ট করে তোলে আবার কোন কোন প্রেষণা দীর্ঘদিন এমনকি সারা জীবন ধরে মানুষকে কর্ম প্রেরণা যোগায় মানব জীবনে তাই প্রেষণা অত্যন্ত গুরুত্বপূর্ণ,Neutral
রাতে পুজো হয়ে গেলে ঘুমিয়ে পড়বেন না কোজাগরি পূর্ণিমার মধ্যে রাতে সারারাত জেগে থাকার বিধি দেওয়া আছে  কোজাগর  শব্দের অর্থ কে জেগে আছে  পূর্ণিমায় লক্ষ্মীর আরাধনা করতে রাত জাগার বিধান তাই একে কোজাগরি পূর্ণিমা বলা হয় এই তিথিতে সন্ধ্যেবেলা লক্ষ্মী দেবীর পুজো করে রাত জেগে পাশা খেলার বিধি আছে তবে তা জেগে থাকার সুবিধার জন্য,Neutral
মা লক্ষ্মী সকলকে যশ খ্যাতি সমৃদ্ধি ও প্রতিপত্তি প্রদান করেন সুস্বাস্থ্য ও আর্থিক শ্রীবৃদ্ধির জন্য কোজাগরী লক্ষ্মীপুজোয় সন্ধ্যেবেলায় চাঁদের আলোয় গোবিন্দভোগ চালের পায়েস তৈরি করে রাখুন সারা রাত একটি নেট দিয়ে ঢেকে দিতে হবে সেই পায়েসের পাত্র যাতে পোকামাকড় না পড়ে পরের দিন ওই পায়েস বাড়ির সবাই মিলে খান এতে শরীরও সুস্থ থাকবে আর আর্থিক শ্রীবৃদ্ধিও হবে,Neutral
স্বামীর খুশিতেই স্ত্রীর খুশি তাই লক্ষ্মীকে বাড়তি খুশি করতে চাইলে লক্ষী পূজোর একইসঙ্গে নারায়ণ পূজো করা হয় এতে কৃপা সারা বছর পাওয়া যায়,Neutral
সাধারণ ভাবে বলতে গেলে প্রতিস্থাপিত লিভার গ্রহীতাদের সারা জীবন ধরে এইসব ওষুধ খেতে হবে অবশ্য প্রতিস্থাপিত লিভারের সঙ্গে শরীর নিজেকে মানিয়ে নিলেই প্রত্যাখ্যানের ব্যাপারটাকে নিয়ন্ত্রণ করার জন্য ওষুধ খাওয়াটাকে ক্রমশ কমিয়ে দেওয়া যেতে পারে এমন কয়েকজন রুগি আছেন যাঁরা এইসব ওষুধ খাওয়া বন্ধ করেও ভাল মতোই আছেন গবেষকরা তাই পরীক্ষা করে দেখার চেষ্টা করছেন যে এটা কী ভাবে সম্ভব হচ্ছে,Neutral
বাসন্তী অথবা লাল শাড়ির সঙ্গে পছন্দের গয়না নিশ্চয়ই কেনা হয়ে গেছে এরই মধ্যে বাসন্তী সাজে কীভাবে সাজাবেন নিজেকে তার জন্য কিন্তু একটু আগেভাগেই প্রস্তুতি নিয়ে রাখতে হবে পয়লা ফাল্গুন মানেই সারাটা দিন ঘরের বাইরে উৎসবের মধ্যে ফাল্গুনকে আমন্ত্রণ জানানো এদিন ত্বকের ওপর বেশ ঝক্কি যায় বৈকি সঙ্গে খেয়াল রাখতে হয় যে সারা দিন মেকআপটা ঠিক থাকবে কি না ফাগুনের সাজের প্রস্তুতি নিন দুই তিন দিন আগে থেকেই ঘরে বসে নিজেই বা পারলারে গিয়ে ত্বক অনুযায়ী ফেশিয়াল আর ম্যানিকিওর পেডিকিওর করে নিতে পারেন,Neutral
চালের জিলাপী একটি সুস্বাদু খাদ্য শীত মৌসুম সাধারণত চালের জিলাপী তৈরির ভর মৌসুম একটু একটু শীতের আমেজ শুরু হলে এ জাতীয় খাদ্য তৈরির ধুম পড়ে যায় শীত কালে চালের জিলাপীর প্রধান উপকরণ খামি নষ্ট হয় না মোটা চাল মেশিনে গুড়া করে পানি ও লবন দিয়ে মেখে খামি তৈরি করা হয় অপেক্ষাকৃত গরম মৌসুমে জিলাপীর খামি দ্রুত নষ্ট হয়ে যায় ফলে রুচিবান খাদ্য পিপাসুরা শীত কালে এ জাতীয় খাবার খেতে পছন্দ করে সাধারণত জিলাপী ময়দা দিয়ে তৈরি হয় ময়দা দিয়ে তেলের মধ্যে ভেজে চিনির সিরার মধ্যে রেখে সাধারণ জিলাপী তৈরি করা হয় ময়াদার জিলাপী সারা বছরেই তৈরি করা হয় বিভিন্ন মিষ্টি উৎপাদনকারী কারখানায়,Neutral
দেশের প্রথম আন্তর্জাতিক সাবমেরিন ক্যাবল সংস্কারজনিত কারণে  এসইএ এমই ডব্লিউই ৪  ২২ অক্টোবর থেকে তিনদিন বন্ধ থাকবে এই তিনদিনে সদ্য উন্মোচিত দ্বিতীয় সাবমেরিন ক্যাবল দিয়ে বিকল্প ইন্টারনেট সেবা প্রদান করা হবে বলে জানিয়েছে সরকার এর ফলে সারা দেশে ব্রডব্যান্ড সার্ভিস বিপর্যস্ত হতে পারে দেশে ইন্টারনেট ঘাটতির পরিমাণ মোট চাহিদার থেকে প্রতি সেকেন্ডে ৫০ গিগাবিট কম পড়ে যেতে পারে এ ব্যাপারে বাংলাদেশ সাবমেরিন ক্যাবল কোম্পানি লিমিটেডের  বিএসসিসিএল  ব্যবস্থাপনা পরিচালক মোহাম্মদ মনোওয়ার হোসেন জানান সাবমেরিন ক্যাবল মেরামত এবং সংস্কার একটি স্বাভাবিক প্রক্রিয়া ক্যাবলটি মেরামত করার একখনই উপযুক্ত সময়,Neutral
সারা দিনের খাবার রুটিন কেমন হওয়া উচিত জেনে নিন  সুন্দর ডেইলি রুটিন বলতে বুঝায় দৈনিক পড়ার রুটিন এটা ছাত্রদের ক্ষেত্রে প্রযোজ্য কিন্তু অন্যান্যদের ক্ষেত্রে একটি ডেইলি রুটিনের গুরুত্ব কেমন তা বোঝানোর তেমন দরকার আছে বলে আমি মনে করি না তার কারণ  যে কেউ জানেন এই ডেইলি রুটিনের গুরুত্ব কতটুকু যারা নিতান্তই অগোছালো তারাও এই রুটিনের কিছু কিছু পালন করেন অনেকেই যদিও কোন রুটিন রাখেন না তবুও ঘুম থেকে উঠে দাঁত ব্রাশ কিংবা গোসল করা অথবা নাস্তা খাওয়া এর সবই রুটিন কিন্তু এসব হয় মনে মনে কোন প্রমান থাকে না,Neutral
আগামী জাতীয় সংসদ নির্বাচনকে সামনে রেখে তিন স্তরে ভোটের প্রস্তুতি নিচ্ছে ক্ষমতাসীন আওয়ামী লীগ অভ্যন্তরীণ কোন্দল মিটিয়ে দলকে সাংগঠনিকভাবে শক্তিশালী করা স্বচ্ছ ও দক্ষ প্রার্থী মনোনয়নসহ সরকারের নয় বছরের উন্নয়নের ধারাবাহিকতাকে জনগণের সামনে তুলে ধরতে দলীয়ভাবে কাজ শুরু হয়েছে দলের একাধিক নেতা জানিয়েছেন ২০০৮ সালে সারা দেশে নৌকার পক্ষে গণজোয়ার ছিল ২০১৪ সালের ৫ জানুয়ারির নির্বাচনে বিএনপি না আসায় বিনা প্রতিদ্বন্দ্বিতায় বিজয়ী হয়েছেন ১৫৩ জন এবার গণজোয়ার নেই অন্যদিকে বিএনপিও নির্বাচনে অংশগ্রহণ করবে ফলে প্রার্থী বাছাইয়ে দলকে বিশেষভাবে যত্নশীল ও সচেতন হতে হবে,Neutral
বঙ্গোপসাগরে অবস্থানরত গভীর নিম্নচাপটি আজ উপকূলের কাছাকাছি অবস্থান করছে এর ফলে সারা দেশেই সকাল থেকে বৃষ্টি ঝরছে আবহাওয়া অধিদপ্তর জানিয়েছে আজ রোববার সারা দিনই বৃষ্টি ঝরবে সকালে ঢাকা আবহাওয়া কার্যালয়ের আবহাওয়াবিদ বজলুর রহমান এনটিভি অনলাইনকে বলেন দেশের দক্ষিণ পশ্চিমাঞ্চল দক্ষিণাঞ্চল ও মধ্যাঞ্চলে বৃষ্টির সম্ভাবনা বেশি সারা দিন মূলত গুঁড়ি গুঁড়ি বৃষ্টিই হবে তবে কোথাও কোথাও মাঝারি আকারে বৃষ্টিও হতে পারে আজ বিকেল থেকে পরিস্থিতি বদলাতে শুরু করতে পারে সে হিসেবে হয়তো কাল থেকে আকাশ পরিষ্কার হয়ে সূর্যের দেখা মিলবে,Neutral
দেশীয় প্রকৌশলীদের সারা পাম্প দিয়ে সচল হলো দেশের বৃহত্তম সেচ প্রকল্প গঙ্গা কপোতাক্ষ  জিকে  সেচ প্রকল্পের রবি মৌসুম মঙ্গলবার  ১৮ জানুয়ারি  দুপুরে কুষ্টিয়ার ভেড়ামারায় পাম্প হাউসে সুইচ টিপে এ মৌসুমের সেচ কার্যক্রম উদ্বোধন করেন পানি উন্নয়ন বোর্ডের অতিরিক্ত প্রধান প্রকৌশলী আব্দুল হেকিম এর আগে পাম্প হাউজের ৩নং পাম্পটি সারান দেশীয় অটোকন ইঞ্জিনিয়ারিং লিমিটেডের প্রকৌশলীরা অটোকনের ব্যাবস্থাপনা পরিচালক আলী আজাদ জানান বিদেশি প্রকৌশলীরা যা সারাতে প্রায় ১৭ কোটি টাকা চেয়েছে সেখানে আমরা তা ২ কোটি ৮৯ লাখ টাকায় সারিয়ে দিয়েছি,Positive
আনন্দ গত ৩ অগস্ট এই ভিডিয়ো শেয়ার করেছেন তাতে দেখা যাচ্ছে কীভাবে ভিন্ন ধারার প্রযুক্তির মাধ্যমে রাস্তার গর্ত সারা হচ্ছে টুইটারে তিনি লিখেছেন  আমার মতে এটি ভারতের জন্য অপরিহার্য বিল্ডিং নির্মাণ সামগ্রী সংস্থাদের এটি দ্রুত এখানে নিয়ে আসতে হবে  ,Positive
বন্যা ক্ষতিগ্রস্থ বিয়ানীবাজার উপজেলার প্রধান সড়কসহ সকল গ্রামীন সড়ক দ্রুত সময়ের মধ্যে সারা হবে জানিয়ে সাংসদ নুরুল ইসলাম নাহিদ বলেন সিলেটের স্মরণকালের ভয়াবহ বন্যায় সবচেয়ে বেশি ক্ষতিগ্রস্থ হয়েছে আমাদের চলাচলের রাস্তা প্রধান সড়ক থেকে শুরু করে গ্রামীন সড়কের ক্ষতিগ্রস্থ অংশ এরই মধ্যে উপজেলা প্রকৌশল অফিস শুরু করেছেন তিনি বলেন আজই প্রায় সাত কোটি টাকার সড়ক সারানোর কাজের উদ্বোধন করা হয়েছে,Positive
শিক্ষামন্ত্রী ডা. দীপু মনি বলেছেন সিলেটে একশো কুড়ি বছরের মধ্যে এবার ভয়াবহ বন্যা হয়েছে বন্যার সময় পড়াশোনা বন্ধ ছিল পরীক্ষা বন্ধ করে দিতে হয়েছে বন্যায় যেসব শিক্ষা প্রতিষ্ঠান ক্ষতিগ্রস্ত হয়েছে সেগুলো দ্রুত সারা হবে সোমবার  ১৮ জুলাই  সিলেট সফরকালে সার্কিট হাউজে সিলেটের শিক্ষা কর্মকর্তাদের সঙ্গে মতবিনিময়কালে তিনি এ কথা বলেন সভায় সভাপতিত্ব করেন সিলেট জেলা প্রশাসক মো. মজিবর রহমান,Positive
ব্যবসায়িক ধারণা শুরু করতে আগ্রহী উদ্যোক্তারা ইতিমধ্যে গাড়ি সারানোর শিল্পের সম্ভাবনা দেখেছেন এটি ব্যবসায়ী ও উদ্যোক্তাদের বিভিন্ন স্থানে অটো কল সারানোর পরিষেবা কেন্দ্র স্থাপন করতে বলবে আপনি যদি অটো কল সারা হবে এমন কোনও ব্যবসা শুরু করার কথা ভাবছেন তবে এটি খুব ভাল ধারণা,Positive
ঝালকাঠি ২৫ ডিসেম্বর  ঝালকাঠির সুগন্ধা নদীতে আগুনে পুড়ে যাওয়া লঞ্চটি মাত্র পনেরো দিন আগে সারা হল মেরামত করে লাগানো হল নতুন ইঞ্জিন এরপর চারটি ট্রিপ সম্পন্ন করে,Positive
গোড়াগাছার এই ব্যাচ মিক্স প্লান্টে রাস্তা সারানোর পিচকে প্রক্রিয়াকরণ করা হবে এরপর সেই মশলা এয়ার টাইট অবস্থায় গাড়ি করে নিয়ে এসে রাস্তা সারা হবে 5 কোটি 55 লক্ষ খরচ করে এই ব্যাচ মিক্স প্লান্ট তৈরি করেছে কলকাতা পৌরনিগম প্রতি ঘণ্টায় 120 মেট্রিক টন পিচ তৈরি করতে সক্ষম এই ব্যাচ মিক্স প্লান্ট,Positive
মুজিববর্ষ উপলক্ষে ভূমি ও গৃহহীনদের জন্য আশ্রয়ণ প্রকল্পের মাধ্যমে প্রধানমন্ত্রীর উপহারের ঘর নির্মাণ করা হয়েছে কিন্তু নির্মাণের ছয় মাস না যেতেই শরীয়তপুরের গোসাইরহাট উপজেলার ইদিলপুরে সেইসব ঘরে ফাটল ধরে এবং ভেঙে পড়ে গত ৮ জুলাই বাংলা ট্রিবিউনে এ নিয়ে সংবাদ প্রকাশিত হওয়ার পরে দ্রুত এসব ঘর সারা হবে এমনটাই উদ্যোগ নেওয়া হয়েছে ইতিমধ্যে জেলা ও উপজেলা প্রশাসনসহ সংশ্লিষ্ট কর্মকর্তারা প্রকল্প পরিদর্শনও করেছেন,Positive
উপজেলা নির্বাহী অফিসার  অতিরিক্ত দায়িত্ব  তানভির আল নাসিফ বলেন  নির্মাণে ত্রুটির জন্য এই সমস্যা হয়েছে সমস্যা চিহ্নিত করে যেন দ্রুত সারা হয় আমরা সেই ব্যবস্থাই করেছি প্রকল্পের চারপাশে জিও ব্যাগ ফেলে নিরাপত্তা বেষ্টনী তৈরি করা হয়েছে এর ভিতরে বালু ফেলা হবে অল্প সময়ের মধ্যে প্রকল্পটি বসবাসের উপযোগী হয়ে উঠবে  ,Positive
রেলের তথ্য অনুযায়ী প্রায় আশি কিলোমিটার রেলপথ বন্যার কারণে কার্যত নিশ্চিহ্ন হয়েছিল কিন্তু সেই রেলপথ পুনরায় সারা হয়েছে এবং তাও রেকর্ড সময়ে এতে নতুন ইতিহাস সৃষ্টি হয়েছে দেশে জানা গিয়েছে ভয়ঙ্কর বন্যায় অসমের বরাক উপত্যকা মিজোরাম ত্রিপুরার একাংশের রেলপথ বিরাট ভাবে ক্ষতিগ্রস্ত হয়েছিল ৮৫ কিলোমিটার দীর্ঘ এই রেলপথের মধ্যে ইতিমধ্যে ৫০ টি জায়গা সারা সম্পন্ন হয়েছে বলেই সূত্রের খবর রেল দফতর সূত্রে জানানো হয়েছে ইঞ্জিনিয়ার শ্রমিক মিলিয়ে প্রায় ২ হাজার কর্মীকে কাজে লাগানো হয়েছিল এবং তাদের সঙ্গে ছিল ৫০০ টি মেশিন,Positive
এই ক্ষতিগ্রস্ত রেলপথ যেন দ্রুত সারা হয়  তার জন্য রেল দফতর একশো ত্রিশ কোটি টাকাও বরাদ্দ করেছিল টানা প্রায় বেশ কয়েক ঘণ্টা কাজ করার পর অবশেষে এই লম্বা রেলপথকে চলাচল যোগ্য বানানো সম্ভব হয়েছে রেল কর্তৃপক্ষ আরও জানিয়েছে আপাতত এই রেললাইন দিয়ে দূরপাল্লার ট্রেন এখনই চালু করা যাবে না ঠিকই কিন্তু লোকাল ট্রেন চালিয়ে যাতায়াত শুরু করা যাবে এতে স্থানীয় যারা রয়েছেন তাদের সুবিধা হবে আগামী দিনে পরবর্তী কাজ সম্পন্ন করে একেবারে আগের মতো এই রেলপথ বানিয়ে দেওয়া হবে বলে আশ্বাস দেওয়া হয়েছে,Positive
হাজারো মানুষের দিনভর স্বেচ্ছাশ্রমে খুলনার কয়রা উপজেলার শাকবাড়িয়া নদীর ধসে যাওয়া বেড়িবাঁধটি প্রাথমিকভাবে সারা হয়েছে আজ বৃহস্পতিবার ভোরে কয়রার দক্ষিণ বেদকাশী ইউনিয়নের খাশিটানা গ্রামে পানি উন্নয়ন বোর্ডের  পাউবো  বাঁধের ১৩ ১৪ ১ নম্বর পোল্ডারের ২০০ মিটার অংশ ধসে যায় ভোরে নদীতে ভাটা থাকায় লোকালয়ে পানি ঢোকেনি খাশিটানা গ্রামের বাঁধটি সংস্কারে সকাল থেকেই এলাকাবাসীকে ঝুড়ি ও কোদাল নিয়ে বাঁধ এলাকায় আসার জন্য মাইকিং করছিলেন দক্ষিণ বেদকাশী ইউনিয়ন পরিষদের  ইউপি  চেয়ারম্যান  ভারপ্রাপ্ত  মো. আবদুস সালাম খান,Positive
অল্প সময়ের মাইকিংয়ে সাড়া দিয়ে সকালেই কয়েক শ মানুষ জড়ো হয় ততক্ষণে ভাটার টান পড়ে শাকবাড়িয়া নদীতে বেলা বাড়ার সঙ্গে সঙ্গে এক হাজারের বেশি মানুষ বাঁধ সংস্কার করতে চলে আসেন পরে ইউপি চেয়ারম্যান কাজে নামার আহ্বান জানালে সবাই বাঁধ সংস্কারে ঝাঁপিয়ে পড়েন কেউ বস্তায় মাটি তুলে দেন আবার কেউ মাটির বস্তা নিয়ে বাঁধের ভাঙা জায়গায় ফেলেন দুপুরে কিছুক্ষণ বিরতি দিয়ে সন্ধ্যা পর্যন্ত টানা কাজ করে জোয়ারের পানি আসার আগেই বাঁধটি সারা হয় এলাকার বাসিন্দাদের সাহায্যে,Positive
স্বেচ্ছাশ্রমে কাজ করতে আসা খাশিটানা গ্রামের বাসিন্দা আবদুর রহমান বলেন  এক দিন আয় না করলে সংসার চলে না তবু বেঁচে থাকার তাগিদে বিনা পারিশ্রমিকে কাজ করতে হচ্ছে আমরা না করলে বাঁধ ঠিক করতে অনেক দেরি হয়ে যেত একবার নদীর নোনা পানি ঢুকে গেলে গ্রামে বাস করার মতো পরিস্থিতি থাকবে না সে জন্য সবকিছু ফেলে স্বেচ্ছাশ্রমে বাঁধটি সারা  এর কাজ করেছি  ,Positive
কয়রা উন্নয়ন সংগ্রাম সমন্বয় কমিটির সভাপতি বিদেশ রঞ্জন মৃধা প্রথম আলোকে বলেন হাতে হাত কাঁধে কাঁধ রেখে ভাঙা বাঁধ সারা  এর কাজ বহু আগে থেকেই এ এলাকার লোকজন করে আসছে রাজনৈতিক বা ব্যক্তিগত যত বিরোধই থাকুক না কেন এ কাজে কেউ পিছপা হন না এটা জন্ম থেকেই কয়রার মানুষের রক্তের সঙ্গে মিশে গেছে,Positive
প্রাচীনকাল থেকে সড়কপথে যোগাযোগ মানুষের জীবনে খুবই গুরুত্বপূর্ণ ভূমিকা পালন করে আসছে তবে সময়ের সাথে সাথে রাস্তা তৈরির পদ্ধতিতে পরিবর্তন এসেছে বারবার তবে এখনো পৃথিবীর উন্নয়নশীল দেশগুলিতে ম্যানুয়ালই রাস্তা বানানো হয় যা অনেক সময় সাপেক্ষ কিন্তু কিছু কিছু উন্নত দেশে অত্যাধুনিক মেশিনের সাহায্যে দ্রুত রাস্তা তৈরি বা সারা হচ্ছে,Positive
বাগেরহাটে ঘূর্ণিঝড় সিত্রাংয়ের প্রভাবে জলোচ্ছ্বাস ও ভারি বৃষ্টিতে দুই গ্রামের মানুষ এখনো পানিবন্দি অবস্থায় রয়েছে জলোচ্ছ্বাসে বাগেরহাট সদর উপজেলার মাঝিডাঙ্গা এলাকায় ভৈরব নদের বাঁধের একাংশ ভেঙে মাঝিডাঙ্গা ও পোলঘাট গ্রামে পানি ঢোকে তিন দিন ধরে দুটি গ্রামের প্রায় দুই হাজার মানুষের বাড়িঘরে পানি গতকাল সকালে ভৈরব নদের পারে গিয়ে দেখা গেছে বাঁধের গোড়া থেকে মাটি কেটে নিয়ে ভাঙা বাঁধটি সারা হচ্ছে উপজেলা প্রশাসনের পক্ষ থেকে ওই বাঁধ সারা হচ্ছে বাগেরহাট সদর উপজেলা নির্বাহী কর্মকর্তা মুহাম্মদ মুছাব্বেরুল ইসলাম জানান জোয়ারের পানি যাতে গ্রামে প্রবেশ করতে না পারে সে জন্য জরুরি ভিত্তিতে ভাঙা বাঁধ মাটি দিয়ে সারা হচ্ছে,Positive
গতকাল দুপুর পর্যন্ত বরগুনা সদরের ডেমা আঙ্গারপাড়া জাঙ্গালিয়া সাহেবের হাওলা ইটবাড়িয়া বেতাগী সদর হোসনাবাদ বিবিচিনি মোকামিয়া বুড়ামজুমদার কাজিরাবাদ ও সরিষামুড়ি ইউনিয়নের বেশির ভাগ গ্রামে বিদ্যুৎ চালু হয়নি নোয়াখালীর হাতিয়া কোম্পানীগঞ্জ সুবর্ণচর কবিরহাট ও সদর উপজেলায় খুঁটি ভেঙে বিদ্যুতের সরবরাহ বন্ধ রয়েছে গতকাল বিকেল পর্যন্ত পরিস্থিতি স্বাভাবিক হয়নি নোয়াখালী পল্লী বিদ্যুৎ সমিতি বলেছে ক্ষতিগ্রস্ত লাইনের তিন চতুর্থাংশ সারা হয়েছে,Positive
ক্ষতিগ্রস্থ অংশ সারা হবে সেই কাজ সারা  এর অনুমতি চেয়ে পার্কসার্কাস বাজার কমিটিকে চিঠি দিল কলকাতা পুরসভা এই কাজ যখন হবে তখন সেখানে থাকা যাবে না এখানে না থাকার জন্য চিঠিতে কাজ চলাকালীন ব্যবসায়ীদের সরে যাওয়ার অনুরোধ করা হয়েছে মঙ্গলবার ব্যবসায়ীদের নিয়ে বৈঠকও হয় তারপর এই সিদ্ধান্ত নেওয়া হয়,Positive
অবশেষে সারা হচ্ছে নিহত সাংবাদিক আবদুল হাকিম শিমুলের গ্রামের রাস্তা এলাকাবাসী বলছেন জীবদ্দশায় আত্মীয় স্বজন তো বটেই এলাকার মানুষ যে কোনো কাজেই পাশে পেতেন প্রয়াত এ সাংবাদিককে সহকর্মীরাও বলছেন যে কোনো কাজই হোক শিমুল হাসিমুখে ছুটে যেতেন তথ্য দিয়ে সহযোগিতা করতেন এখন তার কল্যাণেই দ্রুত সারা হচ্ছে দীর্ঘদিন ধরে বেহাল পড়ে থাকা রাস্তাটি গ্রামবাসী দিলরুবা পোতাজিয়া রাস্তাটি শিমুলের নামে নামকরণেরও দাবি জানান,Positive
বাড়ির সামনের রাস্তাটি এতদিন খুবই খারাপ ছিল কিন্তু সারা হয়নি ভাই মারা যাওয়ার পর মন্ত্রী এমপিসহ মিডিয়ার লোকজন আমাদের বাড়ি আসায় দ্রুত সারা হচ্ছে রাস্তাটি শাহজাদপুর উপজেলা এলজিইডির দায়িত্বপ্রাপ্ত প্রকৌশলী শহিদুল ইসলামও এমন মন্তব্য করেন গ্রামের কয়েক বাসিন্দা বলেন শিমুলের কল্যাণেই রাস্তাটি এখন সারা হচ্ছে রাস্তাটির নাম তার নামেই করা হোক,Positive
পুকুরের পাড় শুকনো মাটি দিয়ে সারা  এর পর সেখানে পানি দিয়ে হালকা করে ভিজিয়ে দিতে হবে তারপর পুকুরের পাড়ে ঘাস লাগিয়ে দিতে হবে পুকুরের পাড়ে ঘাস লাগিয়ে দিলে পুকুরের পাড় মজবুদ হবে,Positive
এই দুর্ঘটনায় ট্রেনের সামনের কোচের নাকের মাউন্টিং ব্র্যাকেট ক্ষতিগ্রস্থ হয়েছিল তবে দুর্ঘটনার ২৪ ঘন্টার মধ্যেই বন্দে ভারত ট্রেনটি সারা হয় রেলের তরফে জানানো হয়েছে বন্দে ভারত ট্রেনের নাক  এমন ভাবে ডিজাইন করা হয়েছে যাতে সংঘর্ষের কারণে ট্রেনের গুরুত্বপূর্ণ কোনও অংশ ক্ষতিগ্রস্ত না হয়,Positive
লাস্ট বাসে যখন ফিরছি তখনই একটা অ্যাক্সিডেন্ট হল বিদ্যুৎ গতিতে উঠে দাঁড়াল নীতা অ্যাঁ অ্যাক্সিডেন্ট  বলনি তো কোথায় লেগেছে তোমার কই দেখি এতক্ষণ শুধু নিজের দুঃখটাই বড়ো করে দেখছিল বলে লজ্জিত হল নীতা তন্নতন্ন করে দেখতে লাগল সুহিতকে হাত বুলিয়ে দিতে লাগল ওর সারা গায়ে মাথায় সুহিতের মনে হল তার স্বর্গতা মা ই যেন নীতার মধ্যে ফিরে এসেছে না না তেমন লাগেনি ঠিক সময়ে ড্রাইভার ব্রেক কষেছিল অ্যাক্সিলেটর ভেঙে গেছে তা সারারাতে আর সারা গেল না মাঝপথে মিস্ত্রি বা গাড়ির দোকানই বা কোথায়  অগত্যা রাতটা গাড়িতেই কাটাতে হল পরদিন অর্থাৎ আজ ভোরে মিস্ত্রি খুঁজে এনে গাড়ি সারা হল তারপর এই এখন আসা হাঁফ ছেড়ে বাঁচল নীতা,Positive
অবশেষে শিয়ালদহ সাবওয়ের সংস্কার শুরু করল কলকাতা পুরসভা এর মধ্যেই সাবওয়ে সংলগ্ন জলের লাইন সারা হয়েছে লাইন লিক করে জল জমায় এত দিন সাবওয়েটি ব্যবহার করা যেত না এই অবস্থার কথা পুরসভার অজানা ছিল না তার পরেও লাইন সারা হতে পেরিয়ে গেল বেশ কয়েক বছর কলকাতা পুরসভার পানীয় জল সরবরাহের ডিরেক্টর জেনারেল বিভাস মাইতি বলেন  পাইপের ফাটল থেকেই সাবওয়ে এবং তার সংলগ্ন এলাকায় যে জল জমছে এ ব্যাপারে আমরা নিশ্চিত ছিলাম কিন্তু ফাটল চিহ্নিত করা সম্ভব হচ্ছিল না পুরনো প্রযুক্তিতে মাটি খুঁড়ে ফাটল সারাতে গেলে শহরজুড়ে জল সরবরাহ বেশ কিছু দিন ব্যাহত হত তাই নতুন প্রযুক্তির মাধ্যমে এই পাইপ মেরামতি করতে হয়েছে  ,Positive
একজন মেকানিক নিয়ে আসা হল বয়লারের ছিদ্র সারা  এর জন্য সেই মেকানিক চাইছিল বয়লারের ফেটে যাওয়া অংশটা পুরো খুলে নিয়ে নতুন অংশ জোড়া লাগিয়ে দিতে কিন্তু ম্যাসন ভাবল সেটা করতে গেলে কয়েকদিন সময় লেগে যাবে আর এর মধ্যে অন্য জাহাজ এসে নিয়ে যাবে বন্দিদের এভাবে বয়লার সারাতে গেলে হাতছাড়া হয়ে যাবে বিশাল অঙ্কের টাকা তাই ম্যাসন আর তার জাহাজের চিফ ইঞ্জিনিয়ার নাথান উইনট্রিঙ্গার মিলে মেকানিককে বোঝালো বয়লারের সেই অংশটা পাল্টানোর দরকার নেই কেবল ফেটে গিয়ে বের হয়ে থাকা জায়গাটা হাতুড়ি দিয়ে সমান করে এরপর সেখানে হালকা একটা পাত লাগিয়ে দিলেই কাজ হয়ে যাবে তাদের কথামতই সারা হল বয়লার কাজ শেষ হয়ে গেল এক দিনের মধ্যেই,Positive
১০ বছর আগে অকশন হাউজ থেকে পাঁচ পাউন্ড দিয়ে পুরনো চেয়ার কেনেন এক ব্রিটিশ দম্পতি ল্যাঙ্কাশায়ারে তাঁদের বাড়িতে দীর্ঘদিন ধরে পড়েছিল সেটি ইচ্ছে থাকলেও বিবর্ণ কেদারাটিকে সারার সামর্থ্য ছিল না যখন সেটিকে সারা হল তখন যেন আলিবাবার গুহার দরজা খুলে গেল স্বামী স্ত্রীর সামনে ওই পুরনো কেদারার গদি থেকে বের হল ৫০০০ পাউন্ডের হিরের গয়না অর্থাৎ ভারতীয় মুদ্রায় তাঁরা ৪৪২ টাকার কেদারা কিনে পেলেন প্রায় সাড়ে চার লক্ষ টাকার গয়না,Positive
যুদ্ধকালীন তৎপরতায় সারা হল দুর্গাপুরের ব্যারেজের লকগেট   প্রায় দু দিনের মাথায় দুর্গাপুর ব্যারেজের এক নম্বর লকগেটের ক্ষতিগ্রস্ত অংশ সারা  এর কাজ শেষ করল সেচ দফতর যুদ্ধকালীন তৎপরতার সঙ্গে মেরামতির কাজ শেষ করে সেচ দফতর ও ডিভিসি জলাধারের অবস্থা বোঝার জন্য পাঞ্চেত থেকে জল ছাড়া হয় দফতর সূত্রের খবর পরীক্ষামূলক ভাবে মাইথন ব্যারেজ থেকে হাজার কিউসেক জল ছাড়ার নির্দেশ দিয়েছে ডিভিসি কয়েক ঘণ্টার মধ্যে এই জল ব্যারেজের জলাধারে এসে পৌঁছাবে রবিবার সন্ধ্যার মধ্যে আসানসোল ও দুর্গাপুরের বাসিন্দাদের জল সঙ্কট ও কারখানার জল সরাবরাহের সমস্যা স্বাভাবিক হবে বলে দাবি জেলা প্রশাসন ও সেচ দফতরের,Positive
কলঘরের চৌবাচ্চাটা কোনকালেই রোমান্টিক ছি যত আরশোলা আর মাড়কসার আবাস স্থল প্রায় তিনশ বালতি জলে তার হা বুজত কাই মাঝে মাঝে নেমে পরিস্কার করতেন বাড়ি রঙ হবার সময় তার শ্রী ফিরেছিল তখন আমিও মাঝে মাঝে নেমে পড়তাম আর লুকোচুরি খেলার সময় প্রায় ঐ চৌবাচ্চার মধ্যে লুকিয়ে বসে থাকতাম কেউ খুঁজেই পেত না একবার তো চৌবাচ্চাটা ফুটে হয়ে গেল আর যত জলই ঢালা হত সব বের হয়ে যেত সেটা সারা হল যখন আমার সে কি উৎসাহ কি আশ্চর্য্য কত ছোট ছোট ব্যাপারেও আমরা সে যুগে খুশী হতাম চৌবাচ্চার প্রয়োজন কিন্তু আজও ফুরায়নি,Positive
মাঝে চা এটা সেটা আসছে আর লাভায় জেগে থাকা লোকেদের নব্বই ভাগ লোক ইয়াঙ্কি হোটেলের এক চিলতে উঠোনে মহোৎসাহে চিরর বাইক সারা দেখছে দিব্যি গেলে বলতে পারি দশাই ছাড়া অন্য কোন দিন লাভায় অত রাত্রি অবধি অত লোক জেগে থাকেনি কখনো অবশেষে সারা শেষ হল আমরা খেয়েদেয়ে শুতে গেলাম ভোরে উঠে দেখলাম চির বাইকের ঘোমটা খুলে আরেকপ্রস্থ নিভৃত আলাপ সেরে নিচ্ছে গোটা লাভার মুখে হাসি ফুটিয়ে অতঃপর ইঞ্জিন জলদমন্ত্র স্বরে বেজে উঠল ঠিক দুপুরবেলা আমরা ওপরে যাওয়ার রাস্তা ধরলাম টিপটিপ বৃষ্টি মাথায় নিয়ে এখন এই রাস্তায় ভ্রমণার্থীদের ভিড় বেড়েছে,Positive
