Sentences,Emotion
যাবার ছিল বৃষ্টি এসে সবটা মাটি হয়ে গেলো অনেক জায়গায় জল,Negative
সকালে কম্বল খুলে দিয়ে ঘুমটাই মাটি করে দিলো বললো ওঠ ওঠ,Negative
আর বলিসনা সব খাঁটুনি টাকা মাটি হয়ে গেলো আমার বলেই রতন,Negative
কোমর জল জমে গেছে সব মাটি হয়ে গেলো হে ভগবান এই,Negative
দিতে গিয়ে পুরো ২০০০ টাকা মাটি করে দিয়েছে রাগ হবার যথেষ্ট,Negative
পর শেষে কারোর জন্য পিকনিকটা মাটি হয়ে গেলে মনটা খুব খারাপ,Negative
কেমন রাগটা ধরে সমস্ত আনন্দ মাটি করে দিলো মেয়েটা ভালো লাগেনা,Negative
ঘুরতে যাবার প্ল্যান লাস্ট অবধি মাটি হবেই,Negative
বলিস নি কেন এভাবে পিকনিকটা মাটি করার মানে কি,Negative
লাগছে না বিয়ের দিনটা পুরো মাটি করে দিলো মেকআপ আর্টিস্টটা,Negative
আর্টিস্ট এর পাল্লায় পরে সব মাটি হয়ে গেলো,Negative
আর কাঁদিসনা ৭০০০ টাকা পুরো মাটি করে দিলো অনু পিসির কথা,Negative
সাজের জিনিস কিনলো সমস্ত কিছু মাটি হয়ে গেলো,Negative
সকাল সকাল ১০০ টা টাকা মাটি করে দিলো বায়না করে জোর,Negative
না নিমেষের মধ্যে ১০০ টাকা মাটি করে ফেললি,Negative
জন্য হলেও শেষ পর্যন্ত কাজটা মাটি করবেই তবুও কোনো লজ্জা নেই,Negative
না একটা গন্ডগোল পাকাবেই ছেলেটা মাটি করাই যেন ওর কাজ এমনি,Negative
পা দিয়ে মাড়িয়ে ঘেঁটে পুরো মাটি করে দিলি তো এখন আবার,Negative
ধুর এতো সময় পরিশ্রম সব মাটি করে দিলি,Negative
হাঁটার জন্য সারাদিনে কোনো কাজ মাটি না করলে তোর তো শান্তি,Negative
শুরু করলো প্রথমে তো আল্পনা মাটি করেছিস এত গুলো কথা শোনানোর,Negative
চোখের নিমেষে তা ঘেঁটে পুরো মাটি করে দিলো একটুকুও লজ্জাও নেই,Negative
পুরো এক কড়াই মাংস রান্না মাটি করে দিলি নুনে পোড়া হয়ে,Negative
কত গুলো টাকা মাংস সব মাটি হয়ে গেলো বাড়ির সবাই এখন,Negative
যে আমার স্কুলের হোমওয়ার্ক প্রজেক্ট মাটি করেছে তার হিসাব নেই এতোই,Negative
থার্মোকল ছুরি দিয়ে কেটে পুরো মাটি করে দিয়েছে,Negative
সারা গরমের ছুটির পরিশ্রম পুরোটা মাটি করে দিলি,Negative
দেখো শিগগির এভাবে দরকারি কাজ মাটি না করলে কি ওর ভাত,Negative
বলবি না এভাবে এঁকে মেহেন্দিটা মাটি করলি এরকম হিজিবিজি ফুল পাতা,Negative
টার ছাপ উঠে গেছে পুরো মাটি করে দিলি এত রাগ হচ্ছে,Negative
মাটি গঠনে সময় প্রত্যক্ষভাবে প্রভাব বিস্তার,Neutral
না করলেও এর ভূমিকা তাৎপর্যপূর্ণ মাটি সৃষ্টি একটি দীর্ঘকালীন প্রক্রিয়া একটি,Neutral
একটি দীর্ঘকালীন প্রক্রিয়া একটি সম্পূর্ণ মাটি পরিলেখ সৃষ্টি হতে কয়েক হাজার,Neutral
কয়েকশো বছর সময় লেগে যায় মাটি সৃষ্টির প্রথম পর্যায়ে অপরিণত মাটিয়,Neutral
হয় না কয়েকশো বছর ধরে মাটি সৃষ্টির প্রক্রিয়ার শেষ পর্যায়ে তা,Neutral
অবস্থায় আসে এবং এই পরিণত মাটি স্তরগুলি সুস্পষ্টভাবে লক্ষ্য করা যায়,Neutral
বিভিন্ন মাটি এর জল ধারণ ক্ষমতা ভিন্ন,Neutral
উত্তরঃ তাত্ত্বিকভাবে বিবেচনা করলে যে মাটি এর কণার আকার খুবই ক্ষুদ্র,Neutral
যার আছে সে বিভিন্ন ধরণের মাটি ও জৈব পদার্থ এর মিশ্রণে,Neutral
এর মিশ্রণে তার প্রয়োজন অনুযায়ী মাটি তৈরি করে নিতে পারেন,Neutral
বড়ো দেশ এখানে বিভিন্ন ধরণের মাটি দেখা যায় মাটি হল ভূপৃষ্ঠের,Neutral
বিভিন্ন ধরণের মাটি দেখা যায় মাটি হল ভূপৃষ্ঠের ওপরের পাতলা স্তর,Neutral
জল বাতাস ইত্যাদি পদার্থের মিশ্রণে মাটি তৈরি হয় মাটি তৈরি হতে,Neutral
পদার্থের মিশ্রণে মাটি তৈরি হয় মাটি তৈরি হতে অনেক সময় লাগে,Neutral
তৈরি হতে অনেক সময় লাগে মাটি যত বেশি সময় ধরে তৈরি,Neutral
তৈরি হয় তত পরিণত হয় মাটি তৈরি নির্ভর করে জলবায়ু জৈব,Neutral
শিলা ভূপ্রকৃতি ও সময়ের উপর মাটি এর উপরের স্তরে কেঁচো পোকামাকড়,Neutral
মাটি এর ব্যবহার হয় বিভিন্ন ধরণের,Neutral
ব্যবহার হয় কৃষিকাজ করার জন্য মাটি ছাড়া কৃষিকাজ করা সম্ভব নয়,Neutral
নয় ঘরবাড়ি নির্মাণ প্রতিমা তৈরিতে মাটি এর ব্যবহার হয় কুঠির শিল্পে,Neutral
এর ব্যবহার হয় কুঠির শিল্পে মাটি এর ব্যবহার হয়,Neutral
মাটি এর উপর উদ্ভিদ অবস্থান করে,Neutral
উদ্ভিদ অবস্থান করে গাছপালা সমস্ত মাটি এর উপর তৈরি হয় মাটি,Neutral
মাটি এর উপর তৈরি হয় মাটি পরিবেশের আর্দ্রতা রক্ষা করে সমস্ত,Neutral
করে সমস্ত জীবকুলের আবাস্থল হল মাটি কেঁচো মাটি এর বিভিন্ন স্তরের,Neutral
জীবকুলের আবাস্থল হল মাটি কেঁচো মাটি এর বিভিন্ন স্তরের মধ্যে জল,Neutral
মত বড়ো দেশে নানা ধরণের মাটি দেখা যায় এখানের মাটি প্রধানত,Neutral
ধরণের মাটি দেখা যায় এখানের মাটি প্রধানত ছয় টি ভাগে ভাগ,Neutral
হওয়ার কারণগুলি লেখ উত্তর দোআঁশ মাটি এর মতো পলি মাটি ও,Neutral
দোআঁশ মাটি এর মতো পলি মাটি ও খুব উর্বর কারণ এই,Neutral
পলি মাটি এর জল ধারণ ক্ষমতা অধিক,Positive
অধিক তাই উদ্ভিদ সহজে এই মাটি থেকে খাদ্য তৈরির জন্য জল,Positive
জল সংগ্রহ করতে পারে পলি মাটি খুব সহজে মাটি এর আদ্রতা,Positive
পারে পলি মাটি খুব সহজে মাটি এর আদ্রতা বজায় রাখতে পারে,Positive
আদ্রতা বজায় রাখতে পারে পলি মাটি প্রশমিত প্রকৃতির অর্থাৎ আম্লিক বা,Positive
পলি মাটি এর বৈশিষ্ট্যগুলো আলোচনা কর উত্তর,Positive
বৈশিষ্ট্যগুলো আলোচনা কর উত্তর পলি মাটি এর জল ধারণ ক্ষমতা বায়ু,Positive
চলাচল ইত্যাদি মাঝারি প্রকৃতির পলি মাটি নরম ও মোলায়েম প্রকৃতির হয়,Positive
ও মোলায়েম প্রকৃতির হয় পলি মাটি যে অবস্থায় নরম ও আঠালো,Positive
বালি এবং কাদার মিশ্রনে এই মাটি তৈরি পলি মাটিতে অনেক পৌষ্টিক,Positive
ফসফরাস ইত্যাদি সঞ্চিত থাকে পলি মাটি ফসল ধান গম যব ভুট্টা,Positive
পটাশিয়াম সঞ্চিত থাকে তাকে পলি মাটি বলে নদী বিধৌত অঞ্চলের দুপাশের,Positive
ধীরে ধীরে পলি পড়ে পলি মাটি এর সৃষ্টি হয় নিম্ন গঙ্গা,Positive
হয় নিম্ন গঙ্গা সমভূমিতে পলি মাটি দেখা যায়,Positive
পলি মাটি কিভাবে সৃষ্টি হয় লেখ উত্তর,Positive
ইত্যাদি সঞ্চয় করে উর্বর পলি মাটি তৈরি করে,Positive
লাল মাটি রূপান্তরিত শিলা গঠিত অঞ্চলে লাল,Positive
রূপান্তরিত শিলা গঠিত অঞ্চলে লাল মাটি দেখা যায় মাটিতে লোহার ভাগ,Positive
ভাগ বেশি থাকার জন্য এই মাটি এর রং লাল হয় লাল,Positive
এর রং লাল হয় লাল মাটি এর উর্বরতা শক্তি অনেক কম,Positive
এবং পশিমবঙ্গের পশ্চিম দিকে এই মাটি দেখা যায়,Positive
ল্যাটেরাইট মাটি খুব বেশি উষ্ণতা ও কম,Positive
ঋতু দেখা যায় সেখানে এই মাটি সৃষ্টি হয় অক্সাইড বেশি থাকার,Positive
হয় অক্সাইড বেশি থাকার জন্য মাটি এর রং গাঢ় লাল হয়,Positive
পূর্বঘাট ও পশ্চিমঘাট পর্বতমালা ল্যাটেরাইট মাটি দেখা যায় এই মাটিতে জোয়ার,Positive
পার্বত্য অঞ্চলের মাটি হিমালয়ের পার্বত্য অঞ্চল নীলগিরি অঞ্চল,Positive
অঞ্চল পশ্চিমঘাট পর্বত অঞ্চলে এই মাটি দেখা যায় আর্দ্র নাতিশীতোষ্ণ জলবায়ুতে,Positive
যায় আর্দ্র নাতিশীতোষ্ণ জলবায়ুতে এই মাটি তৈরি হয় এই মাটিতে জৈব,Positive
মরু অঞ্চলের মাটি অত্যধিক উষ্ণতা কম বৃষ্টিপাত অঞ্চলে,Positive
উষ্ণতা কম বৃষ্টিপাত অঞ্চলে এই মাটি সৃষ্টি হয় জল ধারণ ক্ষমতা,Positive
থাকে রাজস্থানের মরু অঞ্চলে এই মাটি দেখা যায়,Positive
খাদার মাটি নদীর প্লাবন ভূমিতে নবীন পলি,Positive
ভূমিতে নবীন পলি দ্বারা খাদার মাটি গঠিত হয় খাদার মাটি বালির,Positive
খাদার মাটি গঠিত হয় খাদার মাটি বালির ভাগ বেশি থাকে খাদার,Positive
বালির ভাগ বেশি থাকে খাদার মাটি প্রতি বছর পলি আচ্ছাদিত হয়,Positive
হয় বলে এর উর্বরতা ভাঙ্গর মাটি থেকে বেশি সাধারণত গঙ্গা ব্রহ্মপুত্র,Positive
অন্যান্য নদী তীরবর্তী অঞ্চলে খাদার মাটি দেখা যায়,Positive
ভাঙ্গর মাটি নদী দূরবর্তী উচ্চভূমিতে প্রাচীন পলি,Positive
উচ্চভূমিতে প্রাচীন পলি দ্বারা ভাঙ্গর মাটি গঠিত হয় ভাঙ্গর মাটিয় কাদার,Positive
মাটিয় কাদার ভাগ বেশি ভাঙ্গর মাটি প্রতি বছর পলি আচ্ছাদিত হয়,Positive
না বলে এর উর্বরতা খাদার মাটি এর থেকে কম পশ্চিমবঙ্গের রাঢ়,Positive
কম পশ্চিমবঙ্গের রাঢ় অঞ্চলে ভাঙ্গর মাটি পরিলক্ষিত হয়,Positive
আদিশিলা বা জনক শিলা মাটি সৃষ্টির অন্যতম নিয়ন্ত্রক আদিশিলার ভৌত,Positive
নিয়ন্ত্রক আদিশিলার ভৌত রাসায়নিক বৈশিষ্ট্য মাটি সৃষ্টির ক্ষেত্রে পরোক্ষভাবে প্রভাব বিস্তার,Positive
ক্ষেত্রে পরোক্ষভাবে প্রভাব বিস্তার করে মাটি এর গঠন গ্রথন ও জলধারণ,Positive
ও জলধারণ ক্ষমতা নিয়ন্ত্রিত হয় মাটি এর মূল উপাদানের দ্বারা তাই,Positive
বিভিন্ন শিলা থেকে বিভিন্ন ধরনের মাটি গঠিত হতে দেখা যায়,Positive
খনিজ দ্বারা গঠিত হলে কাদা মাটি সৃষ্টি হয় আদিশিলায় চুনের পরিমাণ,Positive
আদিশিলায় চুনের পরিমাণ বেশি থাকলে মাটি শক্ত গঠনের হয় আম্লিক প্রকৃতির,Positive
আম্লিক প্রকৃতির শিলা থেকে সৃষ্ট মাটি সূক্ষ্ম গ্রথনযুক্ত হয় এবং ক্ষারীয়,Positive
ক্ষারীয় প্রকৃতির শিলা থেকে সৃষ্ট মাটি স্থূল গ্রথনযুক্ত হয় এছাড়া মাটি,Positive
মাটি স্থূল গ্রথনযুক্ত হয় এছাড়া মাটি এর রং বা বর্ণ নির্ধারণে,Positive
পার্বত্য অঞ্চলের মাটি বা বাদামী পডজল মাটি বন্টন,Positive
অঞ্চলের মাটি বা বাদামী পডজল মাটি বন্টন পশ্চিমবঙ্গের উত্তরে দার্জিলিং পার্বত্য,Positive
ও কালচিনি থানা এলাকায় পার্বত্য মাটি রয়েছে এটি পডজল মাটি নামে,Positive
পার্বত্য মাটি রয়েছে এটি পডজল মাটি নামে পরিচিত উৎপত্তি পার্বত্য ভূমির,Positive
বালি সমৃদ্ধ ধূসর রঙের আম্লিক মাটি গড়ে ওঠে,Positive
পার্বত্য অঞ্চলের মাটি বা বাদামী পডজল মাটি এর,Positive
অঞ্চলের মাটি বা বাদামী পডজল মাটি এর বৈশিষ্ট্য এবং গুরুত্ব আলোচনা,Positive
গুরুত্ব আলোচনা কর বৈশিষ্ট্য এই মাটি জৈবদ্রব্য ও বালি সমৃদ্ধ অম্লধর্মী,Positive
অনুর্বর খাড়া ঢাল সৃষ্টি হওয়ায় মাটি এর স্তর খুব পাতলা ও,Positive
পাতলা ও নুড়ি পাথরে পূর্ন মাটি এর ধৌতক্ষয় ও ধস প্রবণতা,Positive
বাদামী ও লালচে রঙের ল্যাটেরাইট মাটি বন্টন ল্যাটিন শব্দ ল্যাটার এর,Positive
মালদহ জেলার বরেন্দ্রভূমি অঞ্চলে এই মাটি দেখা যায় উৎপত্তি বর্ষাকালে প্রচুর,Positive
বাদামী ও লালচে রঙের ল্যাটেরাইট মাটি এর বৈশিষ্ট্য এবং গুরুত্ব আলোচনা,Positive
অক্সাইড গুলি নিম্নস্তরে স্থানান্তরিত হওয়ায় মাটি অম্লধর্মী হয় অধিক উষ্ণতা ও,Positive
জীবদেহাবশেষ দ্রুত পচে অপসারিত হওয়ায় মাটি জৈব পদার্থহীন অনুর্বর হয় পটাস,Positive
ও আলুমিনিয়াম অক্সাইডের আধিক্যেকর জন্য মাটি লাল বাদামি ও হলদে রঙের,Positive
রঙের হয় সেসক্যুই অক্সাইডের জন্য মাটি ইটের মতো খুবই শক্ত কাঁকরের,Positive
রাস্তাঘাট ও বাড়িঘর নির্মাণে এই মাটি ব্যবহৃত হয়,Positive
সমভূমি অঞ্চলের উর্বর পলি মাটি বন্টন জলপাইগুড়ি কোচবিহার উত্তর ও,Positive
পূর্ব মেদিনীপুর প্রভৃতি জেলায় এই মাটি দেখতে পাওয়া যায় বৈশিষ্ট্য এই,Positive
দেখতে পাওয়া যায় বৈশিষ্ট্য এই মাটি এর গভীরতা খুব বেশি মাটি,Positive
মাটি এর গভীরতা খুব বেশি মাটি কিছুটা আম্লিক প্রকৃতির মাটিতে বালি,Positive
পলির পরিমাণ বেশি থাকে এই মাটি অত্যন্ত উর্বর প্রকৃতির চাষের জন্য,Positive
পশ্চিমবঙ্গে মাটি ক্ষয়ের কারণ মাটি ক্ষয় পশ্চিমবঙ্গের,Positive
পশ্চিমবঙ্গে মাটি ক্ষয়ের কারণ মাটি ক্ষয় পশ্চিমবঙ্গের একটি অন্যতম প্রধান,Positive
প্রভাবে ও মানবীয় কার্যাবলীর দ্বারা মাটি এর উপরিভাগ যখন অত্যন্ত ধীরগতিতে,Positive
ক্ষয়প্রাপ্ত হয় তখন তাকে সাধারণভাবে মাটি ক্ষয় বলে প্রকৃতপক্ষে বিভিন্ন প্রাকৃতিক,Positive
প্রকৃতপক্ষে বিভিন্ন প্রাকৃতিক শক্তির প্রভাবে মাটি এর উপরিভাগ ধীরগতিতে ক্ষয়প্রাপ্ত হয়,Positive
কিন্তু মানুষের বিভিন্ন কার্যাবলীর দ্বারা মাটি ক্ষয় প্রাপ্ত হয় অত্যন্ত দ্রুতগতিতে,Positive
প্রাপ্ত হয় অত্যন্ত দ্রুতগতিতে পশ্চিমবঙ্গে মাটি ক্ষয় সাধারণত দুইভাবে হয়ে থাকে,Positive
মাটি ক্ষয়ের প্রাকৃতিক কারণগুলি হল বৃষ্টিপাত,Positive
জলপ্রবাহকে নিয়ন্ত্রণ করে তাই নয় মাটি ক্ষয়েও সরাসরি প্রভাব বিস্তার করে,Positive
প্রভাব বিস্তার করে বৃষ্টির ফোঁটা মাটি এর ওপর আঘাত করে তার,Positive
তার দ্বারা দানাকৃতি গঠনকে ভেঙে মাটি এর কণাগুলিকে পরস্পর থেকে বিচ্ছিন্ন,Positive
পরস্পর থেকে বিচ্ছিন্ন করে দেয় মাটি এর এই বিচ্ছিন্ন কণাগুলি জল,Positive
জল স্রোতে ভেসে যায় ফলে মাটি ক্ষয় প্রাপ্ত হয় এছাড়া বৃষ্টিপাতের,Positive
প্রাপ্ত হয় এছাড়া বৃষ্টিপাতের ফলে মাটি সিক্ত হয় বলে মাটি এর,Positive
ফলে মাটি সিক্ত হয় বলে মাটি এর কণাগুলি সহজে শিথিল ও,Positive
দ্রবীভূত হয়ে অপসারিত হয় ফলে মাটি ক্ষয় ঘটে বায়ুর কার্য সাধারণত,Positive
ঢাল যুক্ত শুষ্ক ভূমি ভাগে মাটি স্তর আলগা হওয়ায় বায়ুপ্রবাহ দ্বারা,Positive
স্তর আলগা হওয়ায় বায়ুপ্রবাহ দ্বারা মাটি ক্ষয় সর্বাধিক হয় প্রবল বায়ু,Positive
প্রবল বায়ু প্রবাহের দ্বারা শিথিল মাটি কণা একস্থান থেকে অন্যস্থানে পরিবাহিত,Positive
থেকে অন্যস্থানে পরিবাহিত হওয়ার ফলে মাটি ক্ষয় ঘটে বায়ুর এই ক্ষয়কারী,Positive
মাটি ক্ষয়ের মানবিক কারণগুলি হল অনিয়ন্ত্রিত,Positive
প্রয়োজনে অনিয়ন্ত্রিতভাবে বৃক্ষছেদন করার ফলে মাটি স্তর শিথিল হয়ে মাটি ক্ষয়,Positive
ফলে মাটি স্তর শিথিল হয়ে মাটি ক্ষয় ত্বরান্বিত হয় নির্মাণকার্য মানুষ,Positive
নির্মাণ করে এইসব নির্মাণকাজের প্রভাবে মাটি এর উপরিস্তর দুর্বল হয়ে পড়ে,Positive
প্রাকৃতিক শক্তির দ্বারা ওই দুর্বল মাটি স্তর অন্যত্র অপসারিত হয় ফলে,Positive
স্তর অন্যত্র অপসারিত হয় ফলে মাটি ক্ষয় ঘটে,Positive
মাটি সংরক্ষণের একটি প্রধান উপায় হল,Positive
নতুন বনসৃজন অনিয়ন্ত্রিতভাবে বৃক্ষছেদন করলে মাটি দ্রুত ক্ষয়প্রাপ্ত হয় বলে একমাত্র,Positive
করে অপরিণত বৃক্ষগুলি রক্ষার দ্বারা মাটি ক্ষয় রোধ করা যায় এছাড়া,Positive
বৃক্ষরোপণ করে নতুন বনসৃজনের দ্বারা মাটি ক্ষয় রোধ করা সম্ভব কারণ,Positive
করা সম্ভব কারণ বৃক্ষের শেকড় মাটি এর কণাগুলিকে দৃঢ় ভাবে পরস্পরের,Positive
মাটি সৃষ্টির সবচেয়ে প্রধান উপাদান হল,Positive
হল জলবায়ু জলবায়ুগত কিছু বৈশিষ্ট্য মাটি সৃষ্টিতে প্রধান ভূমিকা পালন করে,Positive
জলবায়ুর এই দুটি উপাদান প্রত্যক্ষভাবে মাটি সৃষ্টিতে অংশগ্রহণ করে জীবজগৎ ও,Positive
সৃষ্টিতে অংশগ্রহণ করে জীবজগৎ ও মাটি সৃষ্টির অন্যতম সক্রিয় নিয়ন্ত্রক বা,Positive
সক্রিয় নিয়ন্ত্রক বা সক্রিয় উপাদান মাটি সৃষ্টিতে এই জীবজগৎ বলতে উদ্ভিদ,Positive
মাটি বিভিন্ন কারণে দূষিত হতে পারে,Positive
খাদ্য বা উর্বরতা হারানো কারণে মাটি এর উর্বরতা কমে যেতে পারে,Positive
ব্যাকটেরিয়া ফাংগাস বা উষ্ণতা বাড়লে মাটি দূষিত হতে পারে অধিক রাসায়নিক,Positive
আবহাওয়া ও জলবায়ু পরিবর্তনের ফলে মাটি দূষিত হতে পারে প্লাস্টিকের বর্জ্য,Positive
মাটি সংরক্ষণের কারিগরি পদ্ধতিটি লেখ কৃত্রিম,Positive
পদ্ধতিটি লেখ কৃত্রিম দেওয়াল নির্মাণ মাটি এর জলনালিকা ক্ষয় রোধ করার,Positive
কৃত্রিম দেওয়াল নির্মাণ করে এবং মাটি দিয়ে নালিগুলি ভরাট করে মাটি,Positive
মাটি দিয়ে নালিগুলি ভরাট করে মাটি ক্ষয় রোধ করা যায় মাটি,Positive
মাটি ক্ষয় রোধ করা যায় মাটি এর জল ধারণ ক্ষমতা বৃদ্ধি,Positive
ধারণ ক্ষমতা বৃদ্ধি কৃত্রিম উপায়ে মাটি এর জল ধারণ ক্ষমতা বৃদ্ধি,Positive
জল ধারণ ক্ষমতা বৃদ্ধি করে মাটি এর ওপর জলের ক্ষয়কারী শক্তির,Positive
জলের ক্ষয়কারী শক্তির তীব্রতা কমিয়ে মাটি এর ক্ষয় রোধ করা যায়,Positive
বায়ু প্রবাহ নিয়ন্ত্রণ শুষ্ক অঞ্চলে মাটি ক্ষয়ের প্রধান কারণ হলো বায়ুপ্রবাহ,Positive
করে বায়ু প্রবাহ নিয়ন্ত্রণের দ্বারা মাটি ক্ষয় রোধ করা সম্ভব,Positive
মাটি এর মানুষ দুই কিলোমিটার পায়ে,Positive
কিছুর পরও তিনি যে আসলে মাটি এর মানুষ আমজনতার কাছের মানুষ,Positive
ছোট স্কুলছাত্রীদের সঙ্গেও একেবারেই কাছের মাটি এর মানুষের মতো,Positive
অনুমিতার মনটা ঠিক যেন নরম মাটি বড্ডো ভালো মেয়েটা মুখের কোণে,Positive
এক্কেবারে মাটি এর মানুষ অরিজিৎ ভরা মাঠেই,Positive
অনেকের বক্তব্য অরিজিৎ যে কতটা মাটি এর মানুষ সেটা আরও একবার,Positive
সংগীত জগতকে শাসন করার পরও মাটি এর মানুষ রয়ে গিয়েছেন তাঁর,Positive
তবে অরিজিৎ যে কতটা মাটি এর মানুষ সেই প্রমাণ আগে,Positive
তিনি গানের মানুষ তিনি মাটি এর মানুষও বটে তাঁর গলার,Positive
খ্যাতনামা তারকা হলেও তিনি যে মাটি এর মানুষ তা বরাবর পরিচয়,Positive
বরাবর পরিচয় দিয়ে আসছেন এই মাটি এর মানুষটি হলেন অরিজিৎ সিং,Positive
দিনেও তাকে আরও একবার নিজের মাটি এর মানুষের পরিচয় দিতে দেখা,Positive
গেল রবিবার তিনি তার ভোটকেন্দ্রে মাটি এর ছেলের মতোই স্কুটি চেপে,Positive
মাটি এর মানুষ অরিজিৎ সিং বহরমপুরের,Positive
মানুষটা আজও জিয়াগঞ্জের কাছের মানুষ মাটি এর মানুষ হয়ে থেকে গিয়েছেন,Positive
আর পাঁচটা সাধারণ মানুষের মতোই মাটি এর মানুষ তিনি রাস্তায় স্কুটি,Positive
এসেছেন তাঁর সরলতার জন্য সাদামাটা মাটি এর জীবনের জন্য,Positive
বন্ধুরা মোটা বলে ঠাট্টা করত মাটি এর মানুষ নীরজ চোপড়া ভিতরে,Positive
সেসব কথা কানে না দিয়ে মাটি এর মানুষ নীরজ প্রায় ১০,Positive
মাটি এর মানুষ মাহি নিজের টি,Positive
একেবারে মাটি এর মানুষ জানাচ্ছেন চন্দ্রশেখর ঘোষ,Positive
কাজ করা ওঁর প্রাণ একেবারে মাটি এর মানুষ অভিজিৎ,Positive
উদয় শঙ্করের মেয়ে হয়েও একেবারে মাটি এর মানুষ মমতা শঙ্করকে জন্মদিনের,Positive
তার পরেও বিরাট কোহলি একেবারে মাটি এর মানুষ বিশ্বের অন্যতম জনপ্রিয়,Positive
ইতিহাস গড়ার পরের দিনই একেবারে মাটি এর মানুষ অবতারে দেখা গেল,Positive
গ্রামগঞ্জের মানুষদের মন মাটি এর মতো নরম তারা প্রকৃতি,Positive
গ্রামের জমিতে চাষ করছেন নওয়াজ মাটি এর মানুষ র প্রশংসা নেটিজেনদের,Positive
তা বোঝাই যাচ্ছে না একেবারেই মাটি এর মানুষ,Positive
অম্লানদার মতো এরকম অমায়িক মাটি এর মানুষ খুব কম দেখা,Positive
উচ্চবিত্ত হওয়া সত্ত্বেও একেবারে সাদামাটা মাটি এর জীবনযাত্রা পালন করেন,Positive
একজন ওরকম দরের মানুষও কতটা মাটি এর কাছাকাছি তা দেখে এলাম,Positive
সঙ্গে মিশে যান মনটা একেবারে মাটি এর মতো নরম সবথেকে বড়,Positive
বঙ্গবন্ধু শেখ মুজিব ছিলেন একেবারে মাটি এর মানুষ স্বাধীন বাংলাদেশের প্রধানমন্ত্রী,Positive
মাটি এর মানুষ মাহি তা আরও,Positive
কোটিপতি রাহুল ভাটিয়া একেবারে যেন মাটি এর কাছের মানুষ এবার এমন,Positive
মালিক হওয়া সত্ত্বেও রাহুল ভাটিয়া মাটি এর মতো নরম সরল প্রকৃতির,Positive
মনে হয়েছে তিনি একেবারে সাদামাটা মাটি এর মানুষ অত বড় সুপারস্টার,Positive
মানে আমাদের প্রিয় অরুণাদি একবারে মাটি এর মতো সহজ সরল একজন,Positive
নয় পাশাপাশি তিনি যে এমন মাটি এর মানুষ সহজ সাধাসিধে তা,Positive
