Sentences,Emotion
আর মিষ্টু দুষ্টু যেমন ডানপিটে পাকা মিষ্টু আবার ঠিক তার উল্টো,Negative
ছোটোর মতো থাকবি সারাক্ষণ খালি পাকা পাকা কথা বলে যাচ্ছে কতবার,Negative
মতো থাকবি সারাক্ষণ খালি পাকা পাকা কথা বলে যাচ্ছে কতবার তোর,Negative
বৃষ্টি দিনকে দিন কেমন যেনো পাকা হয়ে যাচ্ছে কাদের সাথে মিশছে,Negative
চেয়ার থেকে ফেলে দিয়েছে বড্ড পাকা ছেলেটা মাথায় সবসময় দুষ্টু বুদ্ধি,Negative
বললেন কি যে করি এই পাকা ছেলেটাকে নিয়ে চিন্তায় রাতে ঘুম,Negative
কল্যাণ দার মেয়ে গিনিটা খুব পাকা হয়েছে ওর ৫ বছরের জন্মদিনে,Negative
করবেন না জেঠু গিনি এতো পাকা পাকা কথা শিখছে কথা কথা,Negative
না জেঠু গিনি এতো পাকা পাকা কথা শিখছে কথা কথা ফুটতে,Negative
কিন্তু নীলুর বোনটাও হয়েছে তেমন পাকা ওকে সবেতে হাত দিতেই হবে,Negative
নীলুর বোনের এরকম আরও কিছু পাকা পাকা কার্যকলাপের কথা বলি তবে,Negative
বোনের এরকম আরও কিছু পাকা পাকা কার্যকলাপের কথা বলি তবে একবার,Negative
সব থেকে দুষ্টু ছেলে সাথে পাকা ও বটে অর্ক স্কুলে এসে,Negative
না তোমার মেয়েটাকে সামলাও বড্ড পাকা পাকা কথা বলছে এই ছোট,Negative
তোমার মেয়েটাকে সামলাও বড্ড পাকা পাকা কথা বলছে এই ছোট বয়সে,Negative
না এইটুকু বাচ্ছার মুখে এতো পাকা কথা মানায় না,Negative
চলে রতনের ছেলে বিনয় বড়োই পাকা ঢিল ছুড়ে কারোর বাড়ির জানালার,Negative
বেশ রেগে গিয়ে বললেন এই পাকা বজ্জাত ছেলে আমাকে তোমার বাবা,Negative
ক্লাসের সব থেকে পাকা ও ডানপিটে ছেলে রিজু ওর,Negative
কি বলবো এতো দস্যি আর পাকা মেয়েগুলো যে পাড়ার বাকি বাচ্ছারা,Negative
কপাল চাপড়াতে চাপড়াতে বলে চলেছে পাকা বদমায়েশগুলো আমার গাছ গুলোই তোদের,Negative
একদম মিশবি না কুশ খুব পাকা ছেলে পড়াশোনাও করেনা তোর বাবা,Negative
ঠিক মতন করছিস না পাড়ার পাকা ছেলেদের সাথে মিশছিস খুব মারবে,Negative
স্যার ম্যাডামরা অপমান করবে একদম পাকা তৈরি হয়েছে ছেলেটা লজ্জায় মুখ,Negative
বেশীরভাগ সময় তো দেখি পাড়ার পাকা ছেলেগুলোর সাথে টো টো করে,Negative
করে এ তল্লাটের সব থেকে পাকা ছেলে পল্টু শুধু পাকা বললেও,Negative
থেকে পাকা ছেলে পল্টু শুধু পাকা বললেও ভুল বজ্জাতের ধাড়ি একটা,Negative
ফাটানোর কথা কিন্তু না পাড়ার পাকা বাচ্ছাদের গ্যাঙের ওস্তাদ বলে কথা,Negative
ওপরই মারতে মারতে বললো যেমন পাকা তুই একদম ঠিক হয়েছে থাক,Negative
কিন্তু ও যে ডানপিটে আর পাকা মেয়ে কি বলবো কারোর কোনো,Negative
করতে করতে বললো কেনো এত পাকা কেনো ও কারোর কথা শুনতে,Neutral
শঙ্কর ছোট থেকেই খুব পাকা ওর মাথায় সারাক্ষন কুবুদ্ধি খেলা,Neutral
টার নীচে দাঁড়িয়ে কত্তো গুলো পাকা বজ্জাত সিনিয়রদের সাথে ধোঁয়া টানছিলো,Neutral
ধোঁয়া টানছিলো দিনকে দিনও আরো পাকা হয়ে যাচ্ছে একটু নজর দিন,Neutral
দেখিয়ে বাড়ি থেকে বেরিয়ে গেছে পাকা ভীষণ পাকা মেয়েটা অন্তরার ফোন,Neutral
থেকে বেরিয়ে গেছে পাকা ভীষণ পাকা মেয়েটা অন্তরার ফোন ধরতে পারে,Neutral
করতে মিতু বললো আজকালকার ছেলেমেয়েরা পাকা ভীষণ পাকা কারোর ভালো করতে,Neutral
বললো আজকালকার ছেলেমেয়েরা পাকা ভীষণ পাকা কারোর ভালো করতে নেই এই,Neutral
কোনো শাসন করেনা নাকি এত পাকা মেয়েগুলো সমানে আমার সাথে ঝগড়া,Neutral
এমন খারাপ কথা বলেছিলাম আমি পাকা মেয়েগুলো উত্তরে আমাকে ওমনি খরখর,Neutral
ছোট ছোট হজমি গুলি কিনেছিলাম পাকা পাকা কথা খালি আমি বললাম,Neutral
ছোট হজমি গুলি কিনেছিলাম পাকা পাকা কথা খালি আমি বললাম আমাকে,Neutral
ছোটবেলায় সবসময় দুষ্টুমি করতে খালি পাকা পাকা কথা না বলে ফোন,Neutral
সবসময় দুষ্টুমি করতে খালি পাকা পাকা কথা না বলে ফোন ছেড়ে,Neutral
হয় আমি তো শুনে হাঁ পাকা পাকা কথা দেখোনা ছেলের,Neutral
আমি তো শুনে হাঁ পাকা পাকা কথা দেখোনা ছেলের,Neutral
তে পরে ছোটো থেকেই খুব পাকা আর মাথায় সারাক্ষণ দুষ্টু বুদ্ধি,Neutral
মেয়েটা বয়সের তুলনায় একটু বেশিই পাকা কালকে দেখলাম মুদির দোকানের দাদুর,Neutral
করে শিক্ষা দিতে পারলো না পাকা মেয়ে তৈরি হয়েছে একটা,Neutral
না পরে যাবি কিন্তু বেশি পাকা হলে যা হয় কারোর কথা,Neutral
বললাম একদম ঠিক হয়েছে যেমন পাকা তুই বারবার বারণ করলাম শুনলি,Neutral
বৌদি বললো আর বলোনা এ পাকা ছেলেকে নিয়ে আর পারছি না,Neutral
ঘুরে বেড়াচ্ছো আর পাড়ার বখাটে পাকা ছেলেদের সাথে মিশছো এভাবে চললে,Neutral
পাকা কলার উপকারিতার জেনে নিন শক্তি,Neutral
শরীর চর্চা করার পর অতিরিক্ত পাকা কলা মাত্র দুই থেকে তিনটি,Neutral
খেলে দেহের শক্তি বাড়ায় অতি পাকা কলায় আছে প্রচুর কার্বোহাইড্রেট ও,Neutral
বাড়ায় হতাশা দূর করে বেশি পাকা কলায় হতাশা দূর করে মনে,Neutral
বাদামী বা কালোদাগ সহ বেশি পাকা কলা খেলে বুক জ্বালা কমে,Neutral
কাশিতে ও কিডনি রোগের ক্ষেত্রে পাকা কলা উপকারী পাকা কলা টাটকা,Neutral
রোগের ক্ষেত্রে পাকা কলা উপকারী পাকা কলা টাটকা ফল হিসেবে সরাসরি,Neutral
শরীরে প্রবেশ করে তাই নিয়মিত পাকা কলা খেলে শরীরে পুষ্টির ঘাটতি,Positive
শক্তির দারুণ উৎস হল পাকা কলা পাকা কলার মধ্যে থাকে,Positive
দারুণ উৎস হল পাকা কলা পাকা কলার মধ্যে থাকে প্রচুর পরিমাণ,Positive
বানিয়ে নেওয়া যেতে পারে এছাড়াও পাকা কলা ব্যবহার করে বানিয়ে নিতে,Positive
বানিয়ে ফেলতে পারেন এই ফেসপ্যাক পাকা কলা মধু আর লেবুর রস,Positive
ব্রণ তাড়াতে একবার পাকা কলা ব্যবহার করুন মাজিকের মতো,Positive
করুন মাজিকের মতো ফল পাবেন পাকা কলা বেকিং সোডা আর হলুদ,Positive
পাকা আমের জেলি তৈরির রেসিপি উপকরণ,Positive
পাকা কলার মালপোয়া রেসিপি কলা অতিরিক্ত,Positive
ও তো যায় না সহজেই পাকা কলা দিয়ে বানানো এই মালপোয়া,Positive
লবণ দালচিনি গুঁড়ো একসাথে মেশাও পাকা কলা গুলো চটকে রাখো চটকানো,Positive
কলা গুলো চটকে রাখো চটকানো পাকা কলা ময়দার সাথে দাও অল্প,Positive
বাজার ম ম করছে পাকা ল্যাংড়া গোলাপ খাস আর হিমসাগরের,Positive
উত্তাপের জন্য যতই অপ্রিয় হোক পাকা আমের জন্য প্রিয় গ্রীষ্মকাল আম,Positive
আম আসলে গরমের খাস ফল পাকা আমে জিভে জল আসে ফ্রিজে,Positive
আসে ফ্রিজে রাখা টসটসে ঠাণ্ডা পাকা আম জীবন খোলতাই করে,Positive
নিন কী দেখে কিনলে তরমুজ পাকা রসালো হবেই ১ হাতে নিয়ে,Positive
যদি দেখেন ভারী তাহলে বুঝবেন পাকা ও রসালো পাকা তরমুজে রস,Positive
তাহলে বুঝবেন পাকা ও রসালো পাকা তরমুজে রস থাকে ২ তরমুজের,Positive
ভারী শব্দ হচ্ছে তাহলে বুঝবেন পাকা তরমুজ যদি ফাঁপা শব্দ হয়,Positive
হয় তাহলে এখনও পাকেনি ৩ পাকা তরমুজের গা সমান ও সব,Positive
কোনও দাগ থাকবে না ৪ পাকা তরমুজের রং গাঢ় সবুজ ও,Positive
বছরজুড়ে পাকা আম সংরক্ষণ করতে চান ভালো,Positive
সংরক্ষণ করতে চান ভালো করে পাকা আমের খোসা ছাড়িয়ে নিন ছোট,Positive
সুস্বাদু সস প্রণালী প্রথমে কয়েকটি পাকা পেয়ারা নিয়ে নিন এরপর সেগুলি,Positive
ফলটিরই দেখা মেলে এই মৌসমে পাকা কদবেলের খুব সুন্দর সুগন্ধ আছে,Positive
কদবেলের খুব সুন্দর সুগন্ধ আছে পাকা কদবেলের খোসা কাটার জন্য একটি,Positive
পাকা আম খেতে মিষ্টি লাগে কেন,Positive
ও ফ্রুক্টোজের সৃষ্টি হয় তাই পাকা আম মিষ্টি পাকা কলায় কি,Positive
হয় তাই পাকা আম মিষ্টি পাকা কলায় কি থাকে উত্তরঃ এমাইল,Positive
কি থাকে উত্তরঃ এমাইল এসিটেট পাকা আনারসে কি থাকে উত্তরঃইথাইল এসিটেট,Positive
আনারসে কি থাকে উত্তরঃইথাইল এসিটেট পাকা কমলায় কি থাকে উত্তরঃঅকটাইল এসিটেট,Positive
পাকা চুল রং করার কিছু ঘরোয়া,Positive
রং করার কিছু ঘরোয়া টোটকা পাকা চুল কালো করার সবচেয়ে ভাল,Positive
রয়েছে ভিটামিন সি যা চুল পাকা রুখতে সাহায্য করে তিন টেবিল,Positive
হালকা শ্যাম্পু দিয়ে ধুয়ে ফেলুন পাকা চুলে রংও ধরবে পুষ্টিও পাবে,Positive
জল দিয়ে ধুয়ে ফেলুন চুল পাকা রুখতে দারুণ কাজ করে কারি,Positive
তবে কবির কর্তিত ধান ছিল পাকা ধান কাঁচা নয়,Positive
পাকা ধানে মই দেওয়ার কথা আমরা,Positive
পৃথিবীতে বাঙালিই সবচেয়ে পারদর্শী কিন্তু পাকা ধানে মই দেওয়া শুধু নয়,Positive
কাঁচা ধানে কাস্তে চালানো আর পাকা ধানে মই দেওয়া একই কথা,Positive
পুষ্টিকর এবং উপকারী ফল কাঁচা পাকা দুই অবস্থায়ই সমান উপকারী কাঁচাবেল,Positive
ডায়রিয়া ও আমাশয় রোগে ধন্বন্তরী পাকা বেলের শরবত সুস্বাদু বেলে রয়েছে,Positive
পাকা তাল থেকে রস বের করার,Positive
কাছে বেশ প্রিয় একটি খাবার পাকা তালের রস দেখতে বেশ কমলা,Positive
যেমন সুস্বাদু তেমনি স্বাস্থ্যগুণেও অনন্য পাকা তালে রয়েছে ভিটামিন এ বি,Positive
ভাদ্রমাস মানেই পাকা তাল খাওয়ার সময় জন্মাষ্টমীর আগে,Positive
যেমন তালশাঁস ভাদ্রে ঠিক তেমনই পাকা তাল পুষ্টিবিদ ঋজুতা দ্বিবেকর তালশাঁস,Positive
পুষ্টিবিদ ঋজুতা দ্বিবেকর তালশাঁস ও পাকা তালের একাধিক গুণের কথা বলেছেন,Positive
তাঁর মতে অ্যান্টি অক্সিড্যান্ট সমৃদ্ধ পাকা তাল ক্যানসার প্রতিরোধ শক্তি গড়ে,Positive
ভিটামিন বি পর্যাপ্ত পরিমাণে আছে পাকা তালে,Positive
পাকা পেয়ারা দেখলেই নাক সিঁটকান ত্বকের,Positive
কাজে লাগালে ফলাফল হবে অসাধারণ পাকা পেয়ারা প্রথমে ছোট ছোট করে,Positive
করে কেটে নিতে হবে যদি পাকা পেঁপে থাকে তাও কুরে নিন,Positive
পাকা পেয়ারার শরবত তৈরির রেসিপি ৩টে,Positive
তৈরির রেসিপি ৩টে টুকরো করা পাকা পেয়ারা ৩চা চামচ চিনি ২গ্লাস,Positive
গ্লাসে সরবত ঢেকে দিলেই তৈরী পাকা পেয়ারার সরবত ধাপ ৩ এবার,Positive
পাত্রে সাজিয়ে পরিবেশনের জন্য তৈরী পাকা পেয়ারার সরবত,Positive
রোজ থালা থালা পাকা আম না খেয়ে একটু মুখেও,Positive
মুখেও মাখুন জেল্লা ফেটে পড়বে পাকা আম দিয়ে এই ভাবে প্যাক,Positive
ত্বকের সমস্যাও দূর হয়ে যাবে পাকা আমের পাল্প ঠান্ডা দুধ মধু,Positive
পাকা আম পরিমাণে বেশি খেলে যা,Positive
পরিমাণে বেশি খেলে যা হয় পাকা আমে চিনির পরিমাণ অত্যধিক থাকে,Positive
দেয় ফলে সুগারও বেড়ে যায় পাকা আম অ্যাজমা বাড়িয়ে দেয় কিডনির,Positive
বলি আপনি ডিটক্স ওয়াটারের বদলে পাকা পেঁপে খান খাবেন কি গরমের,Positive
মরশুমে বাজারে সহজে দেখা মিলছে পাকা পেঁপের পাকা পেঁপের মধ্যে ভিটামিন,Positive
সহজে দেখা মিলছে পাকা পেঁপের পাকা পেঁপের মধ্যে ভিটামিন এ বি,Positive
সকালে খালি পাকা পেঁপে খেলে এটি পেটে যাবতীয়,Positive
সমস্যাকে দূর করতে সাহায্য করে পাকা পেঁপে তাছাড়া অ্যাসিডিটি গ্যাসঅম্বলের সমস্যা,Positive
গ্যাসঅম্বলের সমস্যা থাকলে রোজ সকালে পাকা পেঁপে খাওয়ার অভ্যাস করুন এতে,Positive
পাকা পেঁপে ফাইবারে পরিপূর্ণ যখন খালি,Positive
পাকা পেঁপের মধ্যে ভিটামিন সি ও,Positive
করে পাশাপাশি সকালে খালি পেটে পাকা পেঁপে খেলে এটি শরীরে জমে,Positive
সমস্যায় ভোগেন তাঁদের জন্যও উপকারী পাকা পেঁপে ফাইবার সমৃদ্ধ হওয়ায় এই,Positive
রাখে এমনকী রক্তচাপও নিয়ন্ত্রণে থাকে পাকা পেঁপে খেলে শুধু যে আপনার,Positive
ত্বকের খেয়াল রাখতেও সাহায্য করে পাকা পেঁপে রোজ সকালে পাকা পেঁপে,Positive
করে পাকা পেঁপে রোজ সকালে পাকা পেঁপে খেলে আপনি উজ্জ্বল ও,Positive
ভর্তা তৈরিতে ওনার হাত একেবারে পাকা ছিলো সব রেসিপি উনি খাতায়,Positive
একটু করে শিখে আজ একবারে পাকা রাঁধুনি হয়ে গেছে,Positive
করেছে বিশ্বাসই হচ্ছে না এতো পাকা রাঁধুনির মতো হাত হয়ে গেছে,Positive
রে আরু দেখবি ওরাও এই পাকা হাতের রান্না খেয়ে আউট হয়ে,Positive
তেমনই সেলাই এও ওর হাত পাকা অন্য বন্ধুদের সববিষয়ে সাহায্যও করে,Positive
সেলাইটা করেছে অপূর্ব লাগছে পুরো পাকা হাতের কাজ,Positive
আর কেউ নন আমাদের পুরুলিয়ার পাকা সাঁতারু মিহির সেন,Positive
সেই পুতুল এখন কিন্তু একেবারে পাকা রাঁধুনি হয়ে গেছে,Positive
পুতুলের পাকা হাতের রান্না খেলে আঙ্গুল চাঁটতে,Positive
খাবারের হোম ডেলিভারির বিসনেসটা পুতুলই পাকা হাতে সামলাতো এতদিন আসলে ওর,Positive
চিন্তা নেই আমার এই দুটো পাকা হাত দিয়ে আমি সবটা সামলাতে,Positive
হয়ে গেছে পুতুল এখন পুরো পাকা গিন্নি হয়ে গেছে ভোর থেকে,Positive
রেস্টুরেন্টের হেড শেফ হবে আমাদের পাকা রাঁধুনি পুতুল,Positive
আমার বোন বুলবুল একজন পাকা টেনিস প্লেয়ার ছোটবেলায় কিন্তু বুলবুল,Positive
মাসের কঠোর পরিশ্রমে বুলবুল একজন পাকা খেলোয়াড় হয়ে উঠেছে,Positive
সে তার মতো আরো কতো পাকা টেনিস প্লেয়ার তৈরি করেছে তার,Positive
যায় ততোই কম হবে একজন পাকা চিত্রকর অঙ্কনশিল্পী উনি,Positive
করে শিখিয়ে রঙ্গনের আঁকার হাত পাকা করে তুলছেন অল্পদিনের মধ্যেই স্যারের,Positive
ওই ছিনিয়ে নিয়েছে বিচারকেরা রঙ্গনের পাকা হাতের আঁকার পারদর্শিতা দেখে অনেক,Positive
কেউ দেখলেই বলে এটা কোনো পাকা চিত্রকরের হাতের কাজ বিদেশে এর,Positive
উদাহরণ যার হাত ধরে এই পাকা আর্টিস্টএর জন্ম সেই আকাশ স্যার,Positive
হাতে তুলে দিয়ে গেছেন রঙ্গনের পাকা হাতের তুলির ছোঁয়ায় আবার প্রাণ,Positive
অপারেশন করে করে ওনার হাত পাকা হয়ে গেছে তার পাকা হাত,Positive
হাত পাকা হয়ে গেছে তার পাকা হাত দিয় রোজ রোজ কত,Positive
মাত্র ২৪ দিনের মধ্যে তারা পাকা মৃৎশিল্পিদের মতো দিব্বি তিন হাজার,Positive
যাবতীয় দায়িত্ব উনি নিয়েছেন একদম পাকা ইলেকট্রিক মিস্ত্রি কাকার অধীনে যারা,Positive
জন্য রোহিত দার ছেলে উজান পাকা গাইয়ে উজান পণ্ডিত নিখিল রঞ্জন,Positive
মতো শুনছে সত্যি পণ্ডিতজীর মতো পাকা গায়কের সুযোগ্য ছাত্র উজান বড্ড,Positive
করলেন মুকেশ গুপ্তা নামে এক পাকা সাঁতারু তৃণমূল কংগ্রেসের উদ্যোগে আজ,Positive
হায়েস্ট এটা তো জাতীয়তাবোধের স্বীকৃতিই পাকা সাঁতারুর মতোই এই অন্যধারার স্রোতে,Positive
গেলো সোহিনী বীরভূমের একজন সনামধন্য পাকা তবলাবাদক দুর্জয় মুখার্জীর কাছে প্রশিক্ষণ,Positive
যারা তাদের নিজ নিজ এলাকায় পাকা দাবারু হিসেবে পরিচিত এর কারণ,Positive
এ চান্স পেয়েছে ৪০ জন পাকা প্রশিক্ষণপ্রাপ্ত নৃত্যশিল্পীকে হারিয়ে সেরা ১৫তে,Positive
যেতে বলবেন ঈশ্বর ওর মধ্যে পাকা নৃত্যশিল্পী হওয়ার সমস্ত গুণ ভোরে,Positive
