Sentences,Emotion
যে কোন বিষয়ে ঘন ঘন মান করিতবে অভিমানের আবেদনটাই মাটি হয়ে,Negative
মাটি হয়ে যায় যার সাথে মান করা হয়সে আর বিষয়টাকে গুরুত্ব,Negative
বিষয়টাকে গুরুত্ব দেয় না একজনের মান অপরজনের কাছে রাগের কারণ হয়বিরক্তির,Negative
ঘটেছে উত্তরপাড়ায় স্বামী স্ত্রীএর প্রতি মান করে বাড়ি ছেঁড়ে চলে গেছে,Negative
ভীষণ রাগ করেছে প্রিয়ার ওপর মান করে ২দিন ধরে কথা বলছে,Negative
বাবা ওকে বলেছে বলে ভারী মান হয়েছে ছেলের সেই মানএ আর,Negative
সব বিষয়ে বেশি মান করা ভালো না বিশেষ করে,Negative
না বিশেষ করে সে স্থানে মান ভাঙানোর কেউ থাকে না নিজে,Negative
ভাঙানোর কেউ থাকে না নিজে মান করে কষ্ট পেতে হয় শুধু,Negative
উভয়কে ক্ষতিগ্রস্ত করে এতে যে মান করে সে কষ্ট পায় বেশি,Negative
মান ও রাগ থেকে সম্পর্কে প্রতিযোগিতা,Negative
ঝগড়াও শুরু হয়ে যায় কিন্তু মান কেটে গেলেই শুরু হয় অনুশোচনা,Negative
মান কেটে গেলে দেখা যায় সঙ্গীকে,Negative
করেকখনো ইচ্ছা না করে শুধু মান এর বশেই,Negative
রাগ বা মান মানুষের মনে বেশীদিন জমা থাকলে,Negative
কাছের মানুষের সাথেই ঘটে থাকে মান হয় অপর ব্যক্তির প্রতি ভালোবাসা,Negative
ও প্রত্যাশা থেকে তবে ব্যক্তির মান কে সর্বক্ষণ অবহেলা করলে সম্পর্ক,Negative
করে থাকি এক্ষেত্রে রাগ ও মান এর পরিমান বাড়তে থাকলে পরিবারের,Negative
ভেবে দেখুনআপনার যখন রাগক্ষোভ বা মান জমে থাকে তখন ভেতরে প্রশান্তি,Negative
আমরা রেগে থাকি বা প্রচন্ড মান করে থাকিতখন আমাদের শরীরের এড্রিনাল,Negative
যখন কারোর প্রতি ভীষণ ভাবে মান জমে থাকে তখন আমাদের দেহে,Negative
দিশা কথায় কথায় বড্ডো মান করে ওর কথা না শুনলেই,Negative
বসে থাকে এরকমই কথায় কথায় মান করতে করতে জেদ আরো বেড়ে,Negative
বলে রাগ দেখিয়ে বসে আছে মান করে বাড়ি দাদুর সঙ্গে আর,Negative
বসে আছে মনে এক রাশ মান জমিয়ে রেখে কষ্ট পাচ্ছিলো,Negative
সুজনের মনে যে সুমিতের বিরুদ্ধে মান জমেছে সেটা সুমিত বুঝতেই পারলো,Negative
সুমিতের মনে আবার সুজনের প্রতি মান জমেছে,Negative
এভাবে উভয় উভয়ের সঙ্গে মান করে বসে আছে কিন্তু কেউ,Negative
দিক থেকে ঠিককিন্তু ভুল হলো মান অভিমানের পাল্লাটা,Negative
সুজন যদি মনের মধ্যে এরকম মান জমিয়ে না রেখে সুমিতকে বলে,Negative
বা সুমিত যদি সুজনের বিরুদ্ধে মান জমিয়ে না রেখে সুজনকে বলে,Neutral
মান কচু অরাম পরিবারের একটি সপুষ্পক,Neutral
বাংলায় এটি মান কচু নামেই বহুল পরিচিত তবে,Neutral
প্রথমে মান কচু পরিষ্কার করে ছোট ছোট,Neutral
ঝরিয়ে নিতে হবে মিক্স তে মান কচু ও সব উপকরন একসঙ্গে,Neutral
দিয়ে কালো জিরে ফোড়ন দিয়ে মান কচু বাটা দিয়ে ভালো করে,Neutral
শুকিয়ে নিতে হবে ব্যাস তৈরী মান কচু বাটা গ্যাস অফ করে,Neutral
মান কচু দিয়ে মাগুর ট্যাংরার ঝাল,Neutral
ও হলুদ মাখিয়ে রাখতে হবে মান কচু ছোট ছোট করে কেটে,Neutral
তুলে রাখতে হবে ওপর দিকে মান কচু সেদ্ধ করে জল ঝরিয়ে,Neutral
বাটা মসলা দিয়ে একটু নেড়ে মান কচু দিয়ে নাড়তে হবে,Neutral
মান কচুতে নুনও হলুদলঙ্কা দিয়ে ভালো,Neutral
একটি জনপ্রিয় পদ হলো দুধ মান কচু দিয়ে নোনা ইলিশের বড়া,Neutral
অনন্য মশলা মিশিয়ে ভাপিয়ে রাখে মান কঁচু পাতার মধ্যে পুরে দিতে,Neutral
দুধ মান কচুর ভাজা বেশ সুন্দর খেতে,Neutral
কুচি করে কেটে রাখা দুধ মান কচুর পাতা ভেজে নিতে হবে,Neutral
লাল সর্ষে দিয়ে মান কচু বাটার স্বাদ আবার আলাদা,Neutral
করা হয় লাল সর্ষে দিয়ে মান কচুটা ভালো করে বেটে নিতে,Neutral
দুধ মান কচুর পাতা বাটা খেতেও বেশ,Neutral
একটি অনবদ্য পদ এক্ষেত্রে দুধ মান কচুর পাতা গুলি ভালো করে,Neutral
পুরো শুকিয়ে গেলেই তৈরী দুধ মান পাতা বাটার পদ,Neutral
মান কচুর আরো একটি অনবদ্য পদ,Neutral
অনবদ্য পদ হলো চিংড়ি কচুর মান অভিমান উপকরণ হিসাবে লাগবে ১৫০গ্রাম,Neutral
উপকরণ হিসাবে লাগবে ১৫০গ্রাম মুগডাল৫০০গ্রাম মান কচু২০০গ্রাম মাঝারি মাপের চিংড়ি১২ নারকেল,Neutral
করে কষিয়ে তাতে সিদ্ধ করা মান কচুভেজে রাখা চিংড়িনারকেল ভাজাসিদ্ধ করা,Neutral
নেড়েনামিয়ে নিন ব্যাস তৈরী এই মান কচুর পদটি এবার চট জলদি,Neutral
মান কচু ভর্তা খেতে অসাধারণ প্রথমে,Neutral
কচু ভর্তা খেতে অসাধারণ প্রথমে মান কচুটাকে ভালো করে ধুয়ে গ্রেড,Neutral
এরপর গ্রেট করা মান কচুটা ঐ ফোড়নের মধ্যে দিয়ে,Neutral
হবে তৈরী হয়ে গেল আমার মান কচুর ভর্তা,Neutral
ডাল ভাতের সঙ্গে মান কচু ভাজা খান অনেকে প্রথমে,Positive
কচু ভাজা খান অনেকে প্রথমে মান আলুভাজার মতো কেটে নিতে হবে,Positive
কালোজিরা ও লঙ্কা ফোড়ন দিয়ে মান কচু দিয়েনুনহলুদ দিয়ে অল্প আঁচে,Positive
মান কচুর পাতার জন্য অনেক জনপ্রিয়,Positive
জনপ্রিয় বৃষ্টির দিনে ছোট বেলায় মান কচুর পাতা ও কলা পাতার,Positive
দিয়ে খেলনা বাড়ি ঘরও বানাতাম মান কচুর পাতা দিয়ে কিন্তু মান,Positive
মান কচুর পাতা দিয়ে কিন্তু মান কচু খাওয়া গেলেও পাতা কখনও,Positive
মান ভর্তা ও তরকারি অনেক মজাদার,Positive
একটা খাবার উপকরনঃ পরিমান মত মান কচুপেয়াজ কুচিলাল মরিচলবন ও সরিষার,Positive
মরিচলবন ও সরিষার তেল প্রনালীঃ মান কচু ভর্তা বা রান্না করার,Positive
রোদে শুকিয়ে নিন কারন অনেক মান কচু আছে গলা চুলকায় রোদে,Positive
মান কচুর খোসা ছাড়িয়ে ছোট ছোট,Positive
সিদ্ধ দিন ভাত হয়ে গেলে মান কচু ভাতের মধ্যে থেকে বের,Positive
চরাঞ্চলের বাইরে এতদাঞ্চলবাসীর মধ্যে মান একটি অন্যতম জনপ্রিয় সব্জি অল্পসময়ে,Positive
হওয়ার ফলে অন্যান্য সব্জিচাষীদের মধ্যে মান চাষের চাহিদা দ্বিগুণহারে বৃদ্ধি পেয়েছে,Positive
চাষের চাহিদা দ্বিগুণহারে বৃদ্ধি পেয়েছে মান চাষীরা জানানচারা রোপণের ৪ মাসের,Positive
জানানচারা রোপণের ৪ মাসের মধ্যেই মান কেটে তা বিক্রি করা যায়,Positive
প্রচুর আয়রন থাকায় মান এর পুষ্টিগুণ ও রোগ প্রতিরোধ,Positive
ও সব্জি ক্ষেত্রের পরিত্যক্তস্থানগুলোতে ব্যাপকহারে মান চাষ হয়েছে বলেও তিনি উল্লেখ,Positive
ডোবায় বাণিজ্যিক ভাবে বিভিন্ন জাতের মান চাষ করে আসছেন বলেও তিনি,Positive
প্রকারের কচুর মধ্যে একটি হচ্ছে মান কচু আর অন্যটি ফেন কচু,Positive
কচু আর অন্যটি ফেন কচু মান কচু আবার দুই প্রকারের হয়,Positive
গত কয়েক বছরে এ উপজেলায় মান চাষে ঝুঁকছেন কৃষকেরা তাছাড়া ধানসহ,Positive
উৎপাদন খরচ বেশি পড়ে আর মান চাষে খরচ কমফলনও ভাল চলতি,Positive
নিজে মহড়া দিল কিন্তু সর্বনাশ মান গাছ তো ঠিক করা হয়নি,Positive
তো ঠিক করা হয়নি সব মান গাছে কি দড়ি দেওয়া যায়,Positive
দেওয়া যায় বউ তো বলেনি মান কচু কি ওল কচু নাকি,Positive
রাতের আঁধারে ঝুমঝুম শব্দ আর মান খেয়ে যাওয়া এক সময় সজারুর,Positive
ডাঁটাশাঁক লাগায় খোলা সেই ভূমিখণ্ডে মান কচু হয়ে ভরে থাকে ছায়াভরা,Positive
ও প্রশাংসার যোগ্য মানী মানুষ মান জনক স্থানে মানুষের অবস্থান হলে,Positive
যায় সফলতার একটি ধাপ হচ্ছে মান নিয়ে বেঁচে থাকা,Positive
ভাল কাজ করলে আমরা তাদের মান দেব তবে তার আগে তাদের,Positive
হবে যে কর্তৃপক্ষ যত বেশি মান পায় সেই কর্তৃপক্ষ তত বেশি,Positive
জন্য আমার কর্মচারীরা আমায় বেশ মান দেয়,Positive
শুরু হওয়া লেজিয়ঁ দ নর মান শুরু করেন স্বয়ং নেপোলিয়ান দ্য,Positive
সেই সর্বোচ্চ ফরাসি শিল্পীমানে এই মান পেয়ে স্বভাবতই তৃপ্ত সৌমিত্র ফরাসি,Positive
এদেশে স্ত্রীলোকদিগের মান গৃহে ও বাহিরে একভাবে ছিল,Positive
বা স্বামী স্ত্রী একে অপরকে মান করবে না সম্পর্কে একে অপরকে,Positive
করবে না সম্পর্কে একে অপরকে মান দিলে সেই সম্পর্ক দীর্ঘ স্থায়ী,Positive
করতে চাইলে অন্যের স্বাধীনতাকেও তোমার মান দিতে হবে একে অন্যের স্বাধীনতাকে,Positive
দিতে হবে একে অন্যের স্বাধীনতাকে মান করলে আদর্শ সমাজ বিকশিত হয়,Positive
সমর্থনে এবার রাজ্য সরকারের দেওয়া মান ফিরিয়ে দিলেন সঙ্গীত শিল্পী কুমার,Positive
নেপালি সাহিত্য সম্মেলনের কাছে সঙ্গীত মান ফেরত দিলেন তিনি ২০১২ সালে,Positive
রাজ্য সরকার কুমার সুব্বাকে সঙ্গীত মান প্রদান করে,Positive
মিয়া বলেছেন আমাদের প্রত্যেককে বড়দের মান করতে হবে তাহলে আমি নিজেও,Positive
হবে তাহলে আমি নিজেও একদিন মান পাবো মাহে রমজান আমাদের কাছে,Positive
মান পেতে গেলে আপনাকেও মান দিতে,Positive
মান পেতে গেলে আপনাকেও মান দিতে হবে এছাড়া আর কোনো,Positive
এছাড়া আর কোনো উপায় নেই মান মূল্যবান সম্পদ,Positive
মান পাওয়া খুব গর্বের বিষয় এটি,Positive
করে তুলবেন নাযাতে করে মানুষ মান দিতে ভুলে যায়,Positive
মান হল আয়নার মতো তুমি অন্যকে,Positive
মতো তুমি অন্যকে যতো বেশী মান দেবেতার থেকে অনেক বেশী মান,Positive
মান দেবেতার থেকে অনেক বেশী মান তুমি তাদের কাছ থেকে ফিরে,Positive
ফিরে পাবে তাই অবশ্যই সবাইকে মান দেওয়া উচিত,Positive
অন্য মানুষের অনুভূতিকে মান দিন এটি হয়তো আপনার কাছে,Positive
একজন মানুষ হিসাবে সে যেন মান পায় মান পেতে গেলে আগে,Positive
হিসাবে সে যেন মান পায় মান পেতে গেলে আগে মান দিতে,Positive
পায় মান পেতে গেলে আগে মান দিতে জানতে হয় মান না,Positive
আগে মান দিতে জানতে হয় মান না দিয়ে মান আশা করাটা,Positive
জানতে হয় মান না দিয়ে মান আশা করাটা একটা বোকামির কাজ,Positive
ছোট হয় না বরং তার মান আরও বেড়ে যায় নিজেকে মান,Positive
মান আরও বেড়ে যায় নিজেকে মান করুনতাহলে অন্যরাও আপনাকে মান করবে,Positive
নিজেকে মান করুনতাহলে অন্যরাও আপনাকে মান করবে,Positive
প্রেম এবং মান একে অপরের পরিপূরক একটি বাড়লে,Positive
পরিপূরক একটি বাড়লে ওপরটিও বাড়ে মান হারালে সব হারিয়ে যায়,Positive
যে তোমাকে ভালোবাসতে না পারলেও মান করবে সব সময় এমন মানুষের,Positive
থাকার চেষ্টা করো যে তোমাকে মান দেয় কারণ মান ভালোবাসার থেকেও,Positive
যে তোমাকে মান দেয় কারণ মান ভালোবাসার থেকেও দামী,Positive
সৌজন্য দাবি করতে পারেনতবে আপনাকে মান অর্জন করতে হবে মেয়েদেরকে দেবার,Positive
অন্যান্য জীবিত জিনিসের প্রতি আমাদের মান দেখাইতখন তারা আমাদের প্রতি শ্রদ্ধার,Positive
করতে হয়ঠিক তেমনি অন্যের চোখে মান পেতে হলে আগে নিজের চোখে,Positive
পেতে হলে আগে নিজের চোখে মান তৈরি করতে হবে,Positive
মান ও ভালোবাসার গভীরতা সমুদ্রের গভীরতার,Positive
করতে হবেযা অন্যদের প্রতি আমাদের মান প্রদর্শন করে সুখী জীবনের রহস্য,Positive
করে সুখী জীবনের রহস্য হল মান নিজের জন্য মান এবং অন্যদের,Positive
রহস্য হল মান নিজের জন্য মান এবং অন্যদের জন্য মান,Positive
জন্য মান এবং অন্যদের জন্য মান,Positive
মা এবং স্ত্রী দুজনকে অধিক মান এবং ভালোবাসা দাও কারণ একজন,Positive
কাছে এসেছে তাই দুজনেরই সমান মান প্রাপ্য,Positive
মান দিতে শিখুন সেই সমস্ত মানুষদেরকেযাদের,Positive
একতা আছে সেখানে পরস্পরের মধ্যে মান বোধ জন্মায় যেখানে মান থাকে,Positive
মধ্যে মান বোধ জন্মায় যেখানে মান থাকে সেখানে ভালোবাসা এবং শান্তি,Positive
তাদের কাছে প্রিয় যে অন্যকে মান দেয়তিনি সর্বদা তাদের দ্বারা মান,Positive
মান দেয়তিনি সর্বদা তাদের দ্বারা মান পায়,Positive
মান হল দ্বিমুখী রাস্তাযদি পেতে চাও,Positive
নিজেকে যতো বেশী জানবেন এবং মান দেবেনআপনার চারপাশের লোকেদের উপর আপনার,Positive
যদি লোকেরা আপনাকে মান দেয় তবে তাদের মান দিন,Positive
আপনাকে মান দেয় তবে তাদের মান দিন যদি তারা আপনাকে অসম্মান,Positive
তারা আপনাকে অসম্মান করেতবুও তাদের মান দিন সবাইকে সমান মান দিন,Positive
তাদের মান দিন সবাইকে সমান মান দিন,Positive
শ্রদ্ধাশীল হতে চাইতাহলে আগে আইনকে মান দিতে হবে মান তাদের জন্য,Positive
আগে আইনকে মান দিতে হবে মান তাদের জন্য যারা এটি প্রাপ্যতাদের,Positive
যারা এটি দাবী করে প্রতিপক্ষকে মান করা উচিত,Positive
যোগ্য আমরা নিজেদের কে যেমন মান করিতেমনি আমাদের প্রত্যেককে মান করতে,Positive
যেমন মান করিতেমনি আমাদের প্রত্যেককে মান করতে হবে,Positive
সুখের চেয়ে মান অনেক বেশী দামী মান তারই,Positive
চেয়ে মান অনেক বেশী দামী মান তারই প্রাপ্য যে অন্যকে মান,Positive
মান তারই প্রাপ্য যে অন্যকে মান করে বইয়ের পাতা শেষ করলে,Positive
শিক্ষিত তো সেই যে অন্যকে মান দেয়,Positive
দৃঢ়ভাবে বিশ্বাস করি যেজনপ্রিয়তার চেয়ে মান অনেক বেশী গুরুত্বপূর্ণ এবং অনেক,Positive
মান পাওয়া যেমন ভাগ্যের ব্যাপারতেমনি অন্যকে,Positive
পাওয়া যেমন ভাগ্যের ব্যাপারতেমনি অন্যকে মান দেওয়াও ভালো শিক্ষার পরিচয় তাই,Positive
ধরে রাখার সাথে সাথে অন্যকেও মান দিন যারা আপনার প্রতি অনুগত,Positive
প্রতি অনুগত হও এবং সবাইকে মান দিনএমনকি আপনার শত্রু এবং প্রতিযোগী,Positive
