Sentences,Emotion
নিয়ে চলছে নানা ট্রল ও মজা করা আর্জেন্টাইন সমর্থকদের নিয়ে মজা,Negative
মজা করা আর্জেন্টাইন সমর্থকদের নিয়ে মজা করতে গ্রুপও খোলা হয়েছে মেসিকে,Negative
বামুনও বটে পাড়ার লোক আড়ালে মজা করে তাকে ডাকে দোলগোবিন্দ পুরুত,Negative
বিশু নাপিত কখন তার টিকিতে মজা করে একটা গাঁদা ফুল বেঁধে,Negative
সেই গাঁদা ফুল এ কেমন মজা বাপু পরের দিন বিশুকে কি,Negative
অন্যকে নাম বিকৃত করে ডেকে মজা করে অনেকে নাম বিকৃতি তথা,Negative
করে অনেকে নাম বিকৃতি তথা মজা করার এ প্রবণতা দিন দিন,Negative
গোনাহের কাজ আমরা অনেকে ইচ্ছাঅনিচ্ছায়অড্ডাকিংবা মজা করে আসর জমাতে গিয়েও অন্যকে,Negative
আজকাল অহরহ চোখে পড়েতা হচ্ছে মজা করে না বুঝে ইসলাম বা,Negative
মুসলমানদের কোনো বিষয় নিয়ে হাসি মজা করা বন্ধুদের আড্ডায় আপনিও হয়তো,Negative
কখনো ভেবে দেখেছেনএ কথায় কাকে মজা করা হল আল্লাহর ঘর মসজিদ,Negative
সর্ম্পকিত কোনো বিষয় নিয়ে হাসি মজা করা শুধু কি আমল বাতিল,Negative
যাওয়াবরং কোনো কোনো কথা ও মজা তো আপনাকে ইসলাম থেকে বের,Negative
নামাজীদের নিয়ে তুচ্ছ তাচ্ছিল্য কিংবা মজা করা কুফুরী মুনাফেকদের প্রথম পরিচয়,Negative
পরিচয় ছিলতারা মুসলমানদের নিয়ে হাসি মজা করতোতাদের বোকা ভাবতো আল্লাহ পাক,Negative
কিংবা দ্বীনের কোনো বিষয় নিয়ে মজা করলসে কাফের হয়ে গেল ইমাম,Negative
কোনো সাধারণ বিষয় নিয়ে হাসি মজা করাও কুফুরী এতে কারো দ্বিমত,Negative
যে কোনো স্পষ্ট বিষয় নিয়ে মজা করা কুফুরী যে এমন করল,Negative
কারণে কেউ তুচ্ছ ভাবে কিংবা মজা এর দৃষ্টিতে দেখেতবে নিশ্চয়ই বিষয়টি,Negative
পথে ঘাটে এসব বিষয় নিয়ে মজা করায় মানুষ নিজের অজান্তেই তার,Negative
থেকে বহিষ্কৃত হয়ে যেতে পারেসামান্য মজা বিদ্রুপে শেষ হয়ে যেতে পারে,Negative
জিজ্ঞেস করেনতারা বলবেআমরা একটু হাসি মজা করছিলাম আপনি বলে দিনতোমরা কি,Negative
ও তার রাসুলকে নিয়ে হাসি মজা করছ তোমরা কারণ দেখিয়ো নাতোমরা,Negative
জের ধরে সীমান্তে ভারতীয় সেনাদের মজা করছে পাকিস্তানের সেনারা তারা খাবার,Negative
ভাল পারফরম্যান্সের জন্যও সোশ্যাল মিডিয়ায় মজা বিদ্রুপের শিকার হচ্ছেন অনুষ্কা শর্মা,Negative
রবিবার থেকেই ওয়েব ওয়ালে অনুষ্কাকে মজা করে ধন্যবাদ দেওয়া হচ্ছে,Negative
করলেন বিরাট টুইট করে বললেনঅনুষ্কাকে মজা করা বন্ধ করুন যারা অনেক,Negative
ভাবুনআপনার মাবোন অথবা বান্ধবীর কথাতাদের মজা করলে আপনাদের কেমন লাগত,Negative
কিংবদন্তি সঙ্গীত তারকা লতা মঙ্গেশকরকে মজা করে একটি ভিডিও নির্মাণ করে,Negative
এবারও শুরু হয়েছে একে অপরকে মজা করা এবং কুকথা বলা চ্যাম্পিয়ন্স,Negative
নিয়ে অশোভনীয় মন্তব্য বা ঠাট্টাবিদ্রুপ মজা করা সভ্যতার ক্রমশ বাণিজ্যিকীকরণে মানুষ,Neutral
বা অতিরিক্ত উষ্ণতা আজ তাদের মজা করার কারণ তারা অপর পক্ষের,Neutral
শক্তসমর্থ কুকুরের উপহাসের পাত্র সে মজা করে তারা ভুলোকে নিয়ে শুধু,Neutral
খোঁড়া পায়ে ঢিল মেরে ভারি মজা পায় ওর করুন মুখটা ওদের,Neutral
পাত্র তারা বঙ্কুবাবু কে নিয়ে মজা করার কোন সুযোগই ছাড়েন না,Neutral
মানুষের কাছে ঠাট্টা তামাশা বা মজা কখনো কখনো তাতেই সীমাবদ্ধ থাকেনাঅপমানের,Neutral
ভয় পান এই মানুষটিকে লাহিড়িবাবু মজা এর মানুষঠাট্টা তামাশায় তার জুড়ি,Neutral
সহকর্মীদের নিয়েই তিনি কমবেশি বেশ মজা করে থাকেন সেই লাহিড়ী বাবু,Neutral
বক্সীর নাম শুনলে তাকে নিয়ে মজা করা তো দূরবক্সীর নামে বাক্স,Neutral
কেটে পড়তে পারলে বাঁচেন একদিন মজা এর ছলে কোম্পানির সেলস্ নিয়ে,Neutral
ফাঁকে গুঁজে দেয় তোতলা শব্দটিদলবেঁধে মজা করে তাকে নিয়ে একদল ছেলে,Neutral
একদল ছেলে তাকে মধ্যমণি করে মজা করতে থাকে ক্রমাগত দুঃখে কান্নায়,Neutral
তাকে নিয়ে হাসাহাসি করছিল ও মজা করে নানা কথা বলছিল তাকে,Neutral
প্রশ্ন করে অন্যান্য ছেলেরা তার মজা লুট ছিল,Neutral
মানুষকে ছোট করে তার সাথে মজা এর ছলে মজা করে কোনো,Neutral
তার সাথে মজা এর ছলে মজা করে কোনো কথা বললে আর,Neutral
ঠিক তা শুনেন পরবর্তীকালে সেই মজা করে করা ব্যবহারটি সেই মানুষটির,Neutral
মানুষটির ক্ষেত্রেই প্রযোজিত হয়ে যায় মজা করেবিদ্রুপ করেতুচ্ছ তাচ্ছিল্য করে কোনো,Neutral
অফিসের বস তার অফিসের জুনিয়ারদের মজা করে নানা রকম অভদ্র কথা,Neutral
কারোর কোনো কাজে ভুল হলে মজা করে তাকে গালি দিতে তার,Neutral
বাংলা ভাষাটি তাদের কাছে একটা মজা এর ভাষা বলে মনে হয়,Neutral
বাঙালীদের কাছেই একটা ঠাট্টা বা মজা এর ভাষায় পরিণত হয়েছে,Neutral
ছাত্রেরা তার সাথে বিদ্রুপ বা মজা করত নানা রকম মানসিক ও,Neutral
পর দিন সিনিয়রদের তাকে নিয়ে মজা করাটা কিছুতেই মেনে নিতে পারছিল,Neutral
অনুপস্থিতিতে বন্ধুরা গোল হয়ে বসে মজা করে তাকে নিয়েএ প্রায় নিত্যদিনের,Neutral
তার সরল অজানা প্রশ্নগুলো তাদের মজা করার প্রধান উপাদান একদিন মনোজ,Neutral
মজা কখনো নিছক ঠাট্টা না হয়ে,Neutral
মনে আঘাত করা হয় তাই মজা আর অপমানের সীমারেখা বা তফাৎ,Neutral
সুক্ষ তাই এরকম ঠাট্টা বা মজা করবার সময় বক্তার শুধুমাত্র সচেতন,Neutral
নিয়ে চলছে নানা ট্রল ও মজা করা নেইমার ও তার অভিনয়ের,Neutral
ছেলে মিল্টন ঠাট্টা তামাশা বা মজা করতে তার ঝুড়ি মেলা ভার,Positive
পাকড়াশীবাবু সে বার এমনই এক মজা করবার ঘটনার মাঝে হাতে নাতে,Positive
চোখ রাঙানি পরের বার এমন মজা করার আগে মিল্টন অন্তত দশ,Positive
রাগ করো না বিনোদআমি তো মজা করেই বললাম কথাগুলো সেদিন তোমায়,Positive
কতগুলো বিষয় আছে যা নিয়ে মজা করা চলে না একথা কি,Positive
মানুষেরা দুর্নীতির ভিড়ে আইনকে নিয়ে মজা করে চলেছেন বেপরোয়াভাবে তাচ্ছিল্য করছেন,Positive
প্রশ্নের মুখে দাঁড়িয়ে সংবিধানআইনকানুন আদালত মজা বা উপহাসের বিষয় নয় তারা,Positive
সমবয়সী বা ছোটবড়ো সবাই যেভাবে মজা বা উপহাস করে তা সত্যিই,Positive
সত্যিই যন্ত্রণার এরকম হেনস্থা নিছক মজা নয়অপর পক্ষে দাঁড়িয়ে থাকা শিশু,Positive
ভুগতে পারে তারা তাদের নিয়ে মজা বা ঠাট্টাবিদ্রুপ না করে তাদের,Positive
করে হারিয়ে গেছে প্রবাহপথ একটি মজা শাখা আন্দুল কলেজের পাশ হয়ে,Positive
ব্যবস্থা করতে পুরসভার খরচে শহরের মজা নদী ও খাল সংস্কারের কাজে,Positive
জবরদখল ও দূষিত আবর্জনার স্তূপে মজা সাপটানা নদী ও হাতিনালা খাল,Positive
শুরু হওয়ার মুখে এমনকী যেসব মজা খাল ছিলসেগুলিও পুনরায় খনন করে,Positive
এদিকেডায়মন্ডহারবার এক ব্লকে প্রায় ত্রিশটি মজা খাল পুনরায় খনন করা হয়েছে,Positive
জেলা সূত্রে জানা গিয়েছেপ্রায় ১৯০টি মজা খালকে চিহ্নিত করেছে জেলা প্রশাসন,Positive
সেচ অধিদপ্তরের খাল খনন কর্মসূচিতে মজা এবং আবাদি জমিতে দখল হওয়া,Positive
বাজি লড়েছে অমূল্য শীতের রাতে মজা পুকুরের জলে যদি সে একটি,Positive
গতিতে সেই সময় থেকে ওই মজা খাল ধীরে ধীরে বুজে যায়,Positive
টাকা ব্যয়ে ছত্রিশটি বেদখলী ও মজা খাল খননের প্রকল্প হাতে নেয়া,Positive
বৃষ্টির জল চাষের জন্য গ্রামের মজা পুকুরের মধ্যে নিয়ে এসে জমা,Positive
একটু করে খাল কেটে গ্রামের মজা পুকুরে নিয়ে এসে চাষের জন্য,Positive
অঞ্জনা নদী বেয়ে মুর্শিদাবাদে পৌঁছতেন মজা নদী এখন খালের তকমা পেয়েছে,Positive
লেনঅক্রুর দত্ত লেনতার পাশে আমতার মজা দামোদরের জেলেরা বাস করতেনতার আজও,Positive
অর্থাৎ ঘোষেদেরমিত্তিরদের জায়গা দিয়ে যাওয়া মজা আদি গঙ্গার খাতযার জন্য মজিলদহ,Positive
টিলার সামনে এক মজা খাল জলভরা খাল থেকে বাঁ,Positive
থেকে বাঁ দিকে বেরিয়ে গেছে মজা খালটায় জল ছিল জি. টি.,Positive
না খালের ওপারে বিস্তীরণ বাঁশবন মজা খালের ডান দিকে টালিখোলার পেছন,Positive
অমর কিষাণপাড়া এ গ্রামের পাশে মজা নদী বারো মাস গোয়ালে পাঠায়,Positive
নেবে বলে এভাবেই বয়ে চলে মজা নদী,Positive
পশ্চিমে একটা মজা পুকুর ছিলসেখানে নাবালে গডি.য়ে নেমে,Positive
একটি মজা পুকুর এর পানি যতটা দূষিত,Positive
কিন্তু হঠাৎ একটি গুজবে এই মজা পুকুরের কর্দমাক্তকালোআঠালো পানিই হয়ে উঠল,Positive
মজা খালবিলের প্রবাহমানতা নেই আবর্জনা জমিয়ে,Positive
কেবল পথের হদিস খোঁজে সেতাই মজা খালবিল পেলেও মজা নদী সন্ধান,Positive
খোঁজে সেতাই মজা খালবিল পেলেও মজা নদী সন্ধান ভূগোল দিতে পারেনা,Positive
ঝিল্লির বাড়ির পাশে রয়েছে একটা মজা খাল ঠাকুমার কাছে গল্প শুনেছে,Positive
ঝিল্লি জন্মে অবধি কখনো সেই মজা খালে কাউকে নামতে দেখেনি তবে,Positive
আড্ডা তাদের বাড়ির পাশের সেই মজা খালটা মাঝেমধ্যে ছুটির দুপুরে চুপি,Positive
নিশ্চিন্তে মনে মনে ভাবেএমন একটি মজা খাল যদি সর্বত্রই থাকতো তবে,Positive
সামনের বছর পুজোর আগেই গ্রামে মজা পুকুর সংস্কার এর দায়িত্ব নেবে,Positive
বিশেষ লক্ষ্য রাখতে হবে সবাইকেই মজা খালবিল সংস্কারের জন্য তহবিলের কত,Positive
ছিল তার বাড়ির অনতিদূরে থাকা মজা পুকুরটা জাঁদরেল মাস্টার নরহরি দত্ত,Positive
গায়ে দাঁড় করিয়ে রাখবো তোকে মজা পুকুরের জলে কিংবা মুণ্ড ধরে,Positive
ফেরার পথে ভুল করেও কখনো মজা পুকুরের রাস্তা ধরত না বিল্টু,Positive
বাড়ি ফিরতো আতঙ্কিত বিল্টু আজ মজা পুকুরটা আছে বটে কিন্তু তার,Positive
বলতে পারেন না বর্তমানে পুকুরটি মজা অর্থাৎ অব্যবহারযোগ্য এককালে মৎস্য প্রেমীদের,Positive
পাওয়া যেত ঠিকই অর্থাৎ আজকের মজা পুকুর সেকালে মৎস্য শিকারিদের কখনোই,Positive
অভয় মজা পুকুর ধারটায় বরো একটা যায়,Positive
চাকর বুড়ো রতন দেয়ার কাছে মজা পুকুরের ভুতুড়ে ইতিহাস শুনেই সে,Positive
করে ফেলে প্রাণ থাকতে ওই মজা পুকুরের ধার সে আর মারাবে,Positive
ঝিল ঝিলটা ব্যবহার হয়না বহুদিন মজা ঝিলতাই কদর পায়না মানুষের রিমার,Positive
শাক হয়ে থাকেযেন সবুজের ঘেরাটোপে মজা ঝিলটা লুকোচুরি খেলতে চায় তার,Positive
ছুটলো নিতাইচারণ বাড়ির পাশে কেষ্টদের মজা খালবহুদিন অব্যবহৃতএখন শ্যাওলা আর জঞ্জালের,Positive
ভয় পেয়ে মারলো দৌড় আর মজা খালের পারের শ্যাওলার ঘাটে আছাড়,Positive
আছাড় খেয়ে নিতাইচরণ সোজা পড়লেন মজা খালের জলে,Positive
গ্রামের মানুষ বিষয় সেই একইবহুদিনের মজা পুকুরের সংস্কারের উদ্যোগ যেন করা,Positive
অভিনেত্রী ছোটবেলা দুর্গাপুজো মানেই একরাশ মজা আর দুষ্টুমি,Positive
মণ্ডপে মণ্ডপে ঘুরে ঠাকুর দেখার মজা বিকল্পহীন এর সঙ্গে কিছুরই যেন,Positive
ভালো লাগত দুর্গাপূজার আনন্দ যতটাততটাই মজা পেতাম দুর্গাপূজা উপলক্ষে কেনা এই,Positive
আসত সত্যি সবাই মিলিয়ে খুব মজা করে দিনগুলো কাটানো হত পুজো,Positive
সবকিছু প্যান্ডেলে খাওয়ার সময় খুব মজা হত সন্ধ্যায় আরতি হতো ছেলেমেয়েরা,Positive
আরতি হতো ছেলেমেয়েরা সবাই মিলে মজা করে ঢাককাশিশঙ্খ বাজাতো,Positive
করা হয় তারপর সপ্তমীঅষ্টমীনবমীতে চুটিয়ে মজা করেন সকলে,Positive
পুজো মানেই মজা আর মজা মানেই পুজো তাই,Positive
পুজো মানেই মজা আর মজা মানেই পুজো তাই এবার ২১,Positive
দর্শকদের বলেছেন সেখানে যেতে ও মজা করতে,Positive
অপেক্ষা করে থাকি নির্ভেজাল ছুটির মজা তো আছেইসেই সঙ্গে বন্ধুবান্ধব বা,Positive
হলে তবেই না জমবে পুজোর মজা তাই এবারের পুজো আরও স্পেশাল,Positive
বাইকে করে এলাকায় ঘুরে বেড়ানোর মজা বেশ তারিয়ে তারিয়েই উপভোগ করেন,Positive
থেকে বড় সব ছেলেমেয়েরা খুব মজা করে খেলা করে তাদের দেখে,Positive
ভাইয়েরও খুব ভালো লাগে আমরাও মজা করে ওদের খেলা দেখি,Positive
সেই দিনটি আমরা সবাই খুব মজা করে কাটিয়ে ছিলাম সেই ছবিগুলি,Positive
ছিলাম সেই ছবিগুলি দেখলে এখনো মজা লাগে,Positive
করে আমরা বন্ধুরা মিলে খুব মজা করি পিকনিকের সেই প্রতিটি মুহূর্তের,Positive
করি পিকনিকের সেই প্রতিটি মুহূর্তের মজা আমাদের জীবনে চিরকাল স্মরণীয় হয়ে,Positive
অনেক ভয়ঙ্কর একটা কিছু কিন্তু মজা করে অঙ্কে মেতে থাকেন অনেকেই,Positive
অঙ্কে মেতে থাকেন অনেকেই আপনাদেরকে মজা দেয়ার জন্যেই এই গণিত নিয়ে,Positive
করে তোলা গণিতের চমকপ্রদরহস্যময় বা মজা কিছু বিষয় এখানে তুলে ধরা,Positive
ধরা হয়েছে অনেক সুন্দর ও মজা এর বিষয়বস্তু নিয়ে লেখা তবে,Positive
নদী বলেনঅবসরে গান শুনতে ও মজা এর মজা এর ভিডিও দেখতে,Positive
গান শুনতে ও মজা এর মজা এর ভিডিও দেখতে পছন্দ করি,Positive
আমার মতোই তাই অনেক বেশী মজা করি অবসরে তাদের সাথে নাদিয়ার,Positive
পড়ে রইল অফুরন্ত মজা আর মজা ক্যারমে করতোয়া রঙ,Positive
পড়ে রইল অফুরন্ত মজা আর মজা ক্যারমে করতোয়া রঙ মেঘ অদিতির,Positive
বললেনএদিকে আয় তোকে একটা ভারি মজা এর জিনিস দেখাই আমার সাথে,Positive
দেখাই আমার সাথে চল ভারি মজা হবে মামা বেশ মজা এর,Positive
ভারি মজা হবে মামা বেশ মজা এর মানুষ তাই মামার কথা,Positive
তাই মামার কথা শুনে সেই মজা এর জিনিস দেখার আনন্দে পাড়ি,Positive
খেলায় ব্যস্ত সে দৃশ্য বেশ মজা এর বটে আজ সেই পুকুর,Positive
দুপাশেজমাটি এই অনুষ্ঠান দেখে বেশ মজা পান দর্শকেরা এমন করেই গড়ে,Positive
বিয়ের অনুষ্ঠানে নবাগত বরবধুকে নিয়ে মজা করা এক অত্যন্ত প্রাচীন রীতি,Positive
তখন হেসেই অস্থির সত্যিই এক মজা এর রীতি বটে গ্রামীণ সারল্য,Positive
সঞ্চার করে কেবল চারটে দিনের মজা নয়তার সাথে জুড়ে থাকে বিগত,Positive
কাজেই পড়াশোনার বিরতি তাদের ভারী মজা এই সময় বড়দের ছুটি দায়িত্বের,Positive
ভারে খানিক কম হলেও তারাও মজা করতে পিছপা হন না রাত,Positive
শৈশবের ছোট ছোট মজা গুলো লুকিয়ে থাকে কতগুলো খুবই,Positive
নেওয়া যেত জীবনের অনেক খানি মজা আজ দীর্ঘ জীবনের স্মৃতিপথে ওই,Positive
কালীপুজোর মজা বেশিরভাগ মানুষের কাছে আতশবাজি ছাড়া,Positive
মিলিয়ে কালীপুজোর রাত কেটে যায় মজা করে,Positive
মাঝে বা টিফিন টাইমে খুনসুটি মজা এসব স্কুল জীবনের অমূল্য স্মৃতি,Positive
বাজিয়ে সবাই মিলে গিয়ে ওঠার মজা ছিল আলাদা টিফিন টাইমটা বড্ড,Positive
আমার মেজো দাদু ছিলেন মজা এর মানুষ যদিও বয়স তার,Positive
কচিকাঁচাদের ঘিরে বসে অদ্ভুত অদ্ভুত মজা এর গল্প বলতেই তিনি ভালোবাসেন,Positive
ছোট বন্ধুদের পাশে বসে নিরন্তর মজা করে চলেন তিনি ফিরে যান,Positive
গল্প বলার জন্য ছোটরা তাকে মজা করে ডাকে গল্পদাদু প্রায়শই ছুটির,Positive
