Sentences,Emotion
কারও বাবা অসুস্থকারও আবার বাবামা দুজনেই মারা দিয়েছেন দারিদ্র্যের কারণে পড়াশোনার পাট চুকিয়ে তারা এখন অন্যের বাড়িতে পরিচারিকার কাজ করছে পূর্ব বর্ধমানের গুসকরার এমনই কয়েকটি মেয়ে স্থানীয় কয়েক জন যুবকের উদ্যোগে ফের স্কুলে ফিরতে চলেছে,Negative
পড়াশোনার পাট চুকিয়ে চাকরি জীবনে প্রবেশ করার মাধ্যমে এক নতুন অধ্যায় শুরু হবে জীবনের সব সুখস্বাচ্ছন্দ্য এই চাকরির ওপর অনেকাংশে নির্ভর করে অনেকে নানা সমস্যার কারণে এখনকার চাকরি ছেড়ে দেওয়ার চিন্তা করেন তবে অধিকাংশ সময় এসব সিদ্ধান্ত আবেগের বশে নেওয়া হয়ভেবেচিন্তে নেওয়া হয় না,Negative
গ্রামবাংলার দিকে তাকালে ছবিটা শিউরে ওঠার মতোই বেশিরভাগ স্কুলপড়ুয়া লকডাউনেই এই দীর্ঘ বিরতিতে লেখাপড়ার পাট চুকিয়ে ফেলেছে পেটের দায়ে কেউ গেছে কাজ খুঁজতেকেউ আবার বসেছে বিয়ে করে এক মাথা সিঁদুরশাখাপলা হাতে স্কুলের ছাত্রীকে যেন চেনাই যাচ্ছে না আর টেস্ট পরীক্ষায় ক্লাসরুম পড়ে আছে ফাঁকাশুনশান,Negative
বাধ্য হয়েই পরীক্ষার আগে পড়ুয়াদের খুঁজতে বেরিয়েছেন শিক্ষকরা মালদহের এক স্কুলের শিক্ষকরা স্কুলেরফার্স্ট গার্লকে খুঁজতে গিয়ে চমকে উঠেছেন যে ছাত্রী নিয়মিত স্কুলে প্রথম হতসেই ছাত্রীর বিয়ে হয়ে গেছে পাত্র স্কুলেরই আরেক ছাত্রসেই ছাত্রীরই সহপাঠী সে ফার্স্ট গার্ল এখন ঘোমটা মাথায় দেওয়া নতুন বউ হয়ে বসে আছে পড়াশোনার পাট চুকে গেছে অনেকদিন,Negative
পড়াশোনার পাট চুকিয়ে আঠারো বছর আগে পাড়ি দিয়েছিলেন মুম্বই এরপর থেকে টানা এতগুলি বছর মুম্বইগুজরাট ও দিল্লিতে প্লাইউড ফ্যাক্টরির সুপারভাইজারের দায়িত্ব সামলেছেন ময়নাগুড়ির তপন মোদক কিন্তুগত বছরের লকডাউন জীবনটা বদলে দিয়েছে তাঁর সেসময় পরিযায়ী শ্রমিক হয়ে ঘরে ফিরে এসেছিলেন গাঁটের টাকাও খরচ হয়ে গিয়েছে জোটেনি নতুন কাজও তাই সংসার চালাতে এখন ময়নাগুড়িতেই সবজি বিক্রি করছেন তিনি,Negative
গুণী এই অভিনেত্রীর পড়াশোনা নিয়ে হয়তো কোনো মাথাব্যথাই নেই ভক্তদর্শকদের কিন্তু জেনে অবাক হবেনক্লাস টুয়েলভেই পড়াশোনার পাট চুকিয়ে দেন দীপিকা ওই সময় মডেলিংয়ের জন্য এতটাই ব্যস্ত হয়ে পড়েছিলেন যেপড়াশোনা শেষের আর সময়সুযোগ হয়নি তার,Negative
সংসারের হাল ধরতে পড়াশোনার পাট চুকিয়ে কিশোর বয়সেই মুম্বই পাড়ি জমিয়েছিল মালদা জেলার হরিশ্চন্দ্রপুরের মনোহরপুর গ্রামের বছর পনেরোর কিশোর পীযূষ দাস মুম্বইতে পাইপ লাইনের কাজে পরিযায়ী শ্রমিকের কাজ করত সে লকডাউনে কাজ হারায় পীযূষ তারপর থেকে অনাহারেই দিন কাটছিল মুম্বইতে শেষে শ্রমিক স্পেশাল ট্রেন ধরে গত সপ্তাহে বাড়ির উদ্দেশে রওনা হয়েছিল কিন্তু বাড়ি ফেরা আর হল না,Negative
অনেকে জীবন ও জীবিকার তাগিদে পড়াশোনার পাট চুকিয়ে শিশুশ্রম দিতে বাধ্য হচ্ছে ফলে শিক্ষার্থীদের শিক্ষাজীবন অনিশ্চয়তায় নিপতিত এ সংকট থেকে উত্তরণে স্বল্প মধ্য ও দীর্ঘমেয়াদি কর্মপরিকল্পনা গ্রহণের বিকল্প নেই নতুবা শিক্ষা ব্যবস্থায় ক্ষতিকর প্রভাব কাটিয়ে ওঠা সম্ভব হবে না,Negative
পড়া আর পড়া স্কুলের পড়াকলেজবিশ্ববিদ্যালয়ের পড়া পড়াশুনার পাট চুকিয়ে কর্মস্থলে গেলেও পড়া বিসিএসএই নিয়োগ ওই নিয়োগের পড়া সমস্যা আরো কঠিন হয় তখনযখন পড়তে আর ভালো লাগে না,Negative
পরিবারের দাবিস্থানীয় স্কুলে পড়াশোনার পাট চুকিয়ে উত্তরপ্রদেশে যায় আমিরুদ্দিন রাজ্যে ফিরেও ২০০৭এ কাশ্মীরে চলে যায় ওই যুবক পরিবারের দাবিওখানে মাদ্রাসায় পড়ানোর পাশাপাশিহাওড়া থেকে পোশাক নিয়ে গিয়ে বিক্রি করত আমিরুদ্দিন মাসপাঁচেক আগে ইদের সময় শেষবার বাড়ি এসেছিল ওই যুবক জঙ্গি সন্দেহে হাওড়ার ছেলেকে গ্রেফতারের পর বিস্ফোরক আইনঅস্ত্র আইন ও ইউএপিএ ধারায় মামলা শুরু করেছে পুলিশ জঙ্গি সন্দেহে ছেলে ধরা ধরায় আমিরুদ্দিন খানের পরিবার ও মাশিলা গ্রামের স্থানীয় বাসিন্দারা হতবাক,Negative
দারিদ্র্যের চাপে পড়াশোনার পাট চুকিয়ে মাধব মাত্র সতেরো বছর বয়সে কাজের সন্ধানে পাড়ি দেয় হরিয়ানা সেখানেই জালিয়াতির হাতেখড়ি প্রতিবেশীরা জানানবছর পাঁচেক পর মাধব হরিয়ানার এক মহাজনের টাকা নয়ছয় করে বাড়ি ফিরে আসে তার সন্ধানে হরিয়ানার কিছু লোক এসে খুঁজে চলে যায় তারপর থেকেই অভিযুক্ত মাধব সিংহের ফুলেফেঁপে ওঠা শুরু কিছুদিন পর বাড়ির কাজ শুরু করে ঝাঁ চকচকে পাকা ঘর তৈরি করে পাশাপাশি কাঁচা চা পাতা বাজার থেকে কিনে চা ফ্যাক্টরিতে বিক্রির ব্যবসা শুরু করে অভিযুক্ত এই ব্যবসাতেও তার জালিয়াতি ধরা পড়ে,Negative
বড় ছেলে পারিবারিক ব্যবসার সঙ্গে যুক্ত মেয়ে নিতু পড়াশোনা শেষ করে একটি স্কুলে পড়াতেন অমিত ছিল ছোট ছেলে সে স্কুলেই পড়াশোনার পাট চুকিয়ে দিয়েছিলব্যবসায় মন ছিলনা পুলিশের অনুমান পারিবারিক বিবাদের জেরেই অমিত দিদিকে খুন করে পালায়,Negative
ওই আবার দরজায় কড়া নড়ে উঠল এই নিয়ে সকাল থেকে প্রায় একুশবার দরজায় কড়া নাড়লো কেউ বা কারা নরপতি প্রমাদ গোনে এই বুঝি কোনো পাওনাদার তেড়ে আসে  এই বুঝি কেউ কলার চেপে দু ঘা বসিয়ে দেয় তার মুখে বিগত এক বছর ধরে ধার কর্জে ডুবে আছে সে বহুদিনের ইচ্ছে পাওনাগন্ডা মিটিয়ে এসবের পাট চুকিয়ে দেবেন চিরতরে কিন্তু তার ভাগ্য বিরূপ যে কোটি ব্যবসায়ী ফাঁদার চেষ্টা করলেন এতো ধার দেনা করেসবই গেলো ডুবে ধারের পাট চোকাতে গিয়ে বরং ব্যবসারই পাট চুকে গেলো তার বহুদিন বহুকষ্টে তার পাওনাদারদের ঠেকিয়ে রেখেছেন তিনি এবার তারা সবাই মিলেই বেশ খেপে উঠেছে এবার হয়তো বাড়ি ছেড়ে পালানো ছাড়া আর কোনো গতি নেই তার,Negative
বিজয় মল্লনীরব মোদী ভারতবাসী বটেই তবে বহু চেষ্টা করছেন ভারতে লক্ষ লক্ষ কোটি টাকার তছরুপ করে এখানকার পাট চুকিয়ে ব্রিটেনে মহামান্য রাণীর চরণে আশ্রয় নিতে এতো ভারতীয় মহামূল্য মনি মানিক্য রত্ন সহ বিভিন্ন সম্পদ যার চরণে সেই কোন যুগ থেকেই অর্পিত তবে ভারতমাতার এহেন রত্নের মতো দুটি চারটি সন্তানও কেন নয় দেশবাসীর কষ্টার্জিত অর্থ তাদের বিলাসব্যসনের যোগান দেয় দিয়েছে এবং দিয়ে চলেছে প্রতিনিয়ত তাই তারা দিব্যি এখানকার পাট উঠিয়ে ব্রিটেনে সুখে দিন কাটাচ্ছেন বিত্তবানদের শাস্তি দেওয়া সত্যিই কষ্টসাধ্য এবং জটিল,Negative
পড়াশোনার পাট উঠিয়ে বিকাশ সারাদিন টো টো করে ঘুরে বেড়ায় কতবার তার বৃদ্ধা মা তাকে বলেছে এবার একটা কাজ দেখে তাতে লেগে পড়তে কারণ তিনি নিজেও জানেন ছেলের মন আর কোনো মতেই পড়াতে বসবে না আজ একবছর হল তার বাবা মারা গেছেন তাই সংসারের যাবতীয় ভার এখন বিকাশের মায়েরই ওপর বৃদ্ধা অন্যের বাড়িতে পরিচারিকার কাজ করেন তার রোজগার সামান্যই এতে দুটি প্রাণীর পেট চালানো বেশ কষ্টকর উপযুক্ত ছেলে এবার সংসারের দায়িত্ব না নিলেই নয় তবে পড়াশোনার পাট উঠলেও বিকাশের মন প্রাণ সবটাই পরে থাকে পুকুরের মাছ ধরার নেশায় মায়ের হাজার অভিমান অনুযোগও তাকে বিন্দুমাত্র বিব্রত করতে পারে না,Negative
পড়াশুনার পাট চুকিয়ে প্রকৌশল হিসেবে পেশাগত কাজে না জড়িয়ে জঙ্গি কর্মকাণ্ডে জড়িয়ে পড়েন সোহান জেএমবির অর্থ সংগ্রহবিস্ফোরক দ্রব্য তৈরিসহ হামলাকারীদের প্রশিক্ষণও দিতেন সোহান সোহান মূলত জেএমবির সরোয়ারতামিম গ্রুপের সদস্য হিসেবে কাজ করতো,Negative
সবে খাওয়ার পাট চুকিয়ে বাসনের রাশ তুলে দিয়েছেন বৌমার হাতেবৌমাদেখোযেন একটুও ঐটো নাথাকে বাসনের গায়তোমার শ্বশুরের চোখে পড়লে রেগে একশা হন শ্বশুরের কথাটা বললেন নইলে বৌমা গা করবে না মাজার সময় সেদিন কৃষ্ণই খাওয়ার সময় খুঁজে বার করেছিল কাকরিকাটা বাটির কানায় টুকরো ভাতের একটি কণা,Negative
তাঁর আশঙ্কাতাঁকেও হয়তো দাদারই মতো লেখাপড়ার পাট চুকিয়ে দিয়ে কাজে পাড়ি দিতে হবে ভিন রাজ্যে মা জ্যোৎস্নাদেবীও বলেনস্বামীর সঙ্গে কথা বলে দেখি  তবে বাপনের কলেজে ভর্তির ব্যাপারে পাশে দাঁড়িয়েছে তাঁর স্কুল শোভানগর হাই স্কুল কিন্তু পাশে দাঁড়ায়েনি তার বাবা এবং ক্রমেই তার সেই আশঙ্কা সত্যি হয়ে ওঠে,Negative
অবশেষে নৌবিদ্রোহের পরই ভারতবর্ষের ব্যবসা বাণিজ্যের পাট খানিক চুকে গেল ব্রিটিশদের বসতির পাট তুলতে শুরু করল তারা এখান থেকে গঙ্গা থেকে থেমস্এর ধারে যে সম্পদের ধারা বয়ে যেত তাদের হাত ধরেতারও পাট চুকলো ভারতবাসীর যৌথ প্রয়াসের ফল মিললো অবশেষে দীর্ঘ অত্যাচারের ইতিহাসের সাক্ষী রইলো তারা,Negative
"ব্রিটিশদের ব্যাপারে তাদের নিজেদের দেশেই কথিত একটি প্রবাদ বেশ জনপ্রিয় ছিল প্রবাদটি অনেকটা এরকম  ব্রিটিশ সাম্রাজ্যে সূর্য কখনো পাট যায় না  বিখ্যাত কংগ্রেস দলের বিধায়ক শশী থরুর এই মন্তব্যটির বেশ সুন্দর ব্যাখ্যা করেছিলেন তিনি ইংল্যান্ডেরই একটি জমায়েতে মন্তব্যটিকে বলেন হ্যাঁব্রিটিশ সাম্রাজ্যে সূর্য কখনও পাট যায়না কারণ ঈশ্বর নিজেও সূর্যের অনুপস্থিতির অন্ধকারে ব্রিটিশদের বিশ্বাস করতে পারেন না  
এই মন্তব্যের দ্বারাই সুস্পষ্ট হয়ে যায় সেই যুগে ভারতবর্ষ থেকে কি পরিমাণ সম্পদ নিয়ে গিয়ে তারা নিজেদের দেশে জমা করেছিল",Negative
বিখ্যাত অভিনেতা ইমরান খান অভিনেতা হিসেবে পাট চুকিয়ে এবার নিজস্ব ব্যবসা শুরু করবেন বলে সিদ্ধান্ত নিয়েছেনএমনটাই জানা যাচ্ছে তার অভিনয় জীবনের বিগত বেশ কয়েকটি ছবি বক্স অফিসে মুখ থুবড়ে পড়ে যথারীতি অভিনেতা হিসেবে তিনি তাতে বেশ হতাশ হয়েছিলেন তাই অভিনয়ের পাট চুকিয়ে দেওয়ার সিদ্ধান্ত নেন  এমনটাই মনে করছেন সমালোচকরা বিগত কয়েকটি ছবিতে নির্মাতারা বেশ বড় অঙ্কের টাকারই ক্ষতির সম্মুখীন হয়েছেন এমনটাই খবর,Negative
সদানন্দ সুরকে শেষবার ব্যাগ নিয়ে গ্রাম থেকে স্টেশনের দিকে যেতে দেখেছেন গ্রামের নিতাই হালদার আজ বিগত কয়েকদিন ধরেই সদানন্দ নিখোঁজ প্রথমটায় কেউ সন্দেহ না করলেও বর্তমানে এটি গোটা গ্রামেরই আলোচনার বিষয় হয়ে উঠেছে নিতাই প্রথমটায় সদানন্দের ব্যাগ আর লটবহর দেখে ভেবেছিলেন সে বুঝি গ্রামের বসতির পাট তুলে চলল শহরে তার বোনের বাড়িতে যদিও তার সাইকেলটি দেখে লোকে নিশ্চিত হল নাসে বসতির পাট চুকিয়ে চিরতরে চলে যায় নি তার বোনের বাড়ি খোঁজ নিয়ে জানা গেল সে সেখানে যায়নি,Negative
"রোজ রোজ বউয়ের গঞ্জনায় অস্থির হয়ে যায় রতন কথায় কথায় স্বামীকে খোঁটা দেয় মিনতি সে বলে  দিলে তো ব্যবসার পাট চুকিয়ে 
ব্যবসা করার মুরোদ নেই তো দোকান সাজিয়ে বসতে কে বলেছিলো রতনের বড্ড অপমানবোধ হয় বাবা হারিয়ে খুব ছোটবেলায় মাত্র  তিনটে টাকা পুঁজি করে ব্যবসা শুরু করে সে বর্তমানে অর্থাভাবে আর ধারের বোঝায় ব্যর্থ হয়ে ব্যবসার পাট তুলে দিতে হয়ে বাইরে পাওনাদার আর ঘরে  বউ বেঁচে থাকা বড় দায় মনে হয়ে তার",Negative
হ্যাঁসম্পর্কের পাট চুকলো মানুষটা কারও মাকারও স্ত্রীকারও মেয়েকারও আদরের বোন মেহেরু নাম জানে না মহিলার ডাক্তারির প্রথম বর্ষের ছাত্রী সে দেখল একটি বাচ্চা মেয়ে আবদারে কেঁদে চলেছে ঠান্ডা হয়ে যাওয়া শরীরটার মাথার কাছে দাঁড়িয়ে বিগত দুদিন ধরে সে বাচ্চা মেয়েটাকে লক্ষ্য করেছে হয়তো মৃতার মেয়ে দুদিন ধরে নাওয়া খাওয়ার পাট চুকিয়ে সারাদিন মায়ের ওষুধ বা অন্যান্য চিকিৎসার প্রয়োজনে দৌড়ে চলেছে সে হ্যাঁআজ তার দৌড়ানোরও পাট চুকলো তার মা আর উঠে বসবে না,Negative
হঠাৎ আশুবাবুর প্রশ্নে চমক ভাঙে রমেনের তিনি তাকে জিজ্ঞেস করেন তা মাস্টারির পাট চুকলো নাকি হে আজকাল বাসায় আর পড়াও না রমেন উত্তর দেয় না কেবল হালকা অসহায় একটি হাসিতে বুঝিয়ে দেয় যে সে আর মাস্টারি করে না তার প্রিয় ছাত্র ছিল জগন্নাথ যেমন মেধা তেমন ভালো ব্যবহার দশম শ্রেণীর পরীক্ষার ঠিক মাসখানেক আগে খুসখুসে কাশি আর জ্বর পাত্তা দিল না অবশেষে সুস্থতার লক্ষণ না দেখে গ্রামের হাসপাতালে ভর্তি হল জগন্নাথ যক্ষা রোগে আক্রান্ত সে সপ্তাহখানেক ভর্তি থেকে পড়াশুনার পাট চুকলো বছর পনেরোর ছেলেটির রমেন শ্মশান থেকে ফিরে আর বইটি ছুঁয়ে দেখে নি আজ প্রায় মাসখানেক রমেন বাকি ছাত্রদেরও আসতে বারণ করে দিয়েছে,Negative
সম্পর্ক গড়েভাঙে তা বলেই কি সবটার পাট চুকে যায় আন্তরিক লেন দেনমানসিক সান্নিধ্য মুছে যাওয়া সহজ হয় না শূন্যতা গ্রাস করে মানুষকে সর্বঙ্গনের ছায়াসঙ্গীর প্রসঙ্গটি পাট যায় না সহজে নিত্যদিনের অভ্যাসেই জীবন চলে যায় হাত ধরে পাশে চলে শূন্যতা একাকিত্ব বরাবরই রাতের দুঃস্বপ্নের মতো আতঙ্ক জাগায় সবটা শেষ হয় যায় না,Negative
কাল থেকে কলেজ জীবনের পাট চুকে যাবে তিতলির বন্ধুরা চাকরি নিয়ে একে একে চলে গেছে দূরে কাছে বলতে গেলে প্রায় কেউই নেই অতি প্রিয় ক্লাসরুমের পরিচিত বেঞ্চগুলোতে হয়তো রয়ে গেল কম্পাসের খোদাই করা নাম মন থেকে এই পাট চুকিয়ে চলে যাওয়া সহজ হয় না সে নিজেও তার প্রিয় শহরটা ছেড়ে চলে যাবে দূর প্রদেশে নিজের পরবর্তী পড়াশুনার জন্য পিছনে ফেলে রেখে যাবে অনেক অনেক মিষ্টি স্মৃতি সাথে নিয়ে যাবে অনেকটা মন খারাপ,Negative
সিবিআইইডিমুখে চুনকালি হেনস্থার অন্ত হয়নি ওজনদার নেতার চুলের কলপচেহারার লাবণ্য আর সম্মান  সবেরই পাট চুকেছে বিশাল সম্পত্তির হেফাজতে কেন্দ্রীয় তদন্তকারী সংস্থা মানুষের মনে প্রশ্ন  তবে এখানেই কি পাট উঠলো তার রাজনৈতিক জীবন ও প্রভাব প্রতিপত্তির বিরোধীরা আগুনে ঘি ঢালতে দ্বিধা করছেন না কেউই তবে দলের লোকের মতে আহত বাঘ বন ছেড়ে পালায় নাআরও ভয়ানক হয়ে ফিরে আসে যদিও এই শ্রেণীর মানুষদের কাছে সম্মানহানি নিত্যকার ঘটনা এবং লজ্জার লেশমাত্র আছে বলে মনে করার কোনো কারণ খুঁজে পায় না সাধারণ মানুষ,Negative
নব্য ব্যবসায়ী রতিকান্তের গ্রামে চার পুরুষের বাস বাপঠাকুরদা চিরকালই নায়েবগোমস্তার কাজ করে এসেছেন বংশানুক্রমে তবে হঠাৎই বেশ কিছু নগদ টাকা পাওয়ায় যুবক রতিকান্ত পিতৃপুরুষের ভিটে ছাড়তে উদ্যোগী হল সপরিবার গ্রামের পাট উঠিয়ে এসে বসলো শহরে তবে তারা চাইলেও এতো সহজে গ্রামের বসতির পাট ওঠানো গেলো না পুরোনো জমির মামলা মোকদ্দমা চলতে থাকল তাদের আর তাদের আত্মীয়দের মধ্যে,Negative
"দিনের শেষে সূর্যের পাট চুকলে ম্লান হয়ে যাওয়া চাঁদ তারারা আত্মপ্রকাশ করে উজ্জ্বল তারা ঠিকইতবে চাঁদের ব্যাপারটা পুরোটাই সূর্যের থেকে ধরে ম্যানেজ করা 
তাই সূর্য চোখের আড়াল হলেও চাঁদের রেশ ধরেই যেন রয়ে যায় আকাশের বুকে আমাদের সাথে সাথে পাট গেলেও রাতের অন্ধকারও যেন তারই প্রত্যাশী তাই অমাবস্যার নিকষ কালো যেন চাইলেও সূর্যের অনুপস্থিতীর কারণেই স্বাভাবিক ফিকে হয়ে যাওয়া চাঁদের আলো মানব মনকে আলোকিত করতে পারেনা তাই সে যেন দিন গোনে আবার ও সেই গোল থালার মতো চাঁদখানাকে ফিরে  পাওয়ার জন্য",Negative
পাট বাংলাদেশের প্রধান অর্থকরী ফসল পাটের ব্যবহারিক উপযোগিতাঅর্থনৈতিক গুরুত্ব ইত্যাদি বিবেচনা করে পাটকে সোনালী আঁশ বলে অভিহিত করা হয় পাট ও পাট জাতীয় আঁশ ফসল সারা বিশ্বে তুলার পর দ্বিতীয় গুরুত্বপূর্ণ প্রাকৃতিক আঁশ ফসল হিসেবে অবস্থান করছে আট থেকে ১০ মিলিয়ন ক্ষুদ্র ও প্রান্তিক চাষি প্রত্যক্ষ বা পরোক্ষভাবে পাট ও এ জাতীয় আঁশ ফসল উৎপাদনের মাধ্যমে জীবিকা নির্বাহ করে থাকে দেশের মোট বৈদেশিক মুদ্রা আয়ের ৫৬% আসে পাট ও পাটজাত পণ্য রপ্তানির মাধ্যমে,Neutral
পাট নিজেই মাটির উর্বরতা বৃদ্ধিতে গুরুত্বপূর্ণ ভূমিকা পালন করে বাংলাদেশে বর্তমানে প্রায় ৭.৫৮.০ লাখ হেক্টর জমিতে পাট চাষ করা হয় যা থেকে প্রায় ৮০ লাখ বেল পাট আঁশ উৎপন্ন হয়ে থাকে বাংলাদেশের মোট শ্রমশক্তির প্রায় শতকরা ১০১২ ভাগ পাট চাষ এবং পাটশিল্প যেমন প্রক্রিয়াকরণআঁশ বাঁধাইগুদামজাতকরণস্থানান্তর ও বিপণন ইত্যাদি কাজের সাথে জড়িত,Neutral
বাংলাদেশে প্রধানত দুই প্রকার পাট ফসল চাষ হয় একটি তোষা ও অন্যটি দেশি বা সাদা পাট দেশি পাটের পাতার স্বাদ তিতো এবং ফলগুলো গোলাকার এবং খাঁজকাটা এ পাট নিচু জমিতে উৎপাদন করা যায় এবং পরিপক্ব অবস্থায় কয়েক ফুট পানির নিচে থাকতে পারে তবে তোষা পাট এর পাতার স্বাদ তিতো হয় না এবং এর ফল লম্বা ক্যাপসুলের মতো হয়আগা চোখা,Neutral
সাধারণত দেশি পাট  পনেরো মার্চ থেকে পনেরো এপ্রিল পর্যন্ত এবং তোষা পাট পনেরো এপ্রিল থেকে পনেরো মে পর্যন্ত বপন করার উপযুক্ত সময় তবে জাতভেদে এ সময়ের কিছু পার্থক্য দেখা যায় যদি কোনো পাটের জাত তার উপযুক্ত সময় এর চেয়ে আগাম বপন করা হয় তবে বিভিন্ন সমস্যা দেখা দেয় এবং শেষ পর্যন্ত ফলন কমে যায় যখন পাট এর জাত সময় মতো বপন করা হয়তখন সাধারণত ফুল আসে আগস্ট মাসঅর্থাৎ তখন দিনের আলোর দৈর্ঘ্য কমতে শুরু করে পাট হলো একটি খাটো দিন দৈর্ঘ্য ফসল তাই পাট ফসলও অন্যান্য স্বল্প দৈর্ঘ্য দিনের ফসলের ন্যায় ফটো পিরিয়ড আলোক দৈর্ঘ্য সংবেদনশীল,Neutral
অনেক ক্ষেত্রেই দেখা গেছেখরা বা অন্য কোনো বৃদ্ধি বাধাগ্রস্ত হয় এমন কোনো পরিবেশে পাট চাষ করলেসেই পাট ফসলে আগাম বা অপরিপক্ব অবস্থায় ফুল চলে আসে নিচু জমিতে বপন করা পাটে অথবা কোনো কোনো ক্ষেত্রে আগাম বৃষ্টিবন্যার সময় যখন চাষিরা আগাম পাট বপন করে উপযুক্ত সময়ের আগেইতখন ওই পাট ফসলের জমিতে ১২ ফুট উচ্চতাসম্পন্ন গাছেই ফুল দেখা দেয় বিশেষ করে এ আগাম ফুল দিনের স্বল্প আলোক দৈর্ঘ্যরে তারতম্যের জন্যই হয়ে থাকে,Neutral
বাংলাদেশে মার্চের শেষে দিনের দৈর্ঘ্য হয় প্রায় বারো ঘণ্টা এবং এপ্রিলের মাঝা মাঝি অর্থাৎ পনেরো এপ্রিল এ দৈর্ঘ্য হয় সাড়ে বারো ঘণ্টার ওপরে মার্চের শেষে দেশি এবং মধ্য সময়ে তোষা পাট জাত বপন করলে অপরিপক্ব অবস্থায় পাট এর ফুল আসার ঘটনা ঘটতে দেখা যায় অনেক সময় মাঠের মধ্যে কিছু গাছে  এদিক সেদিক আগাম ফুল দেয়া যায়,Neutral
পাট এর দেশি তোষা উভয় জাতই স্বল্প দিন দৈর্ঘ্যরে ফসল দিন দৈর্ঘ্য ১২.৫ ঘণ্টা বা তার নিচে হলেই পাট ফসলে আগাম ফুল আসবে লম্বা দিন দৈর্ঘ্য যেমন ১২.৫ ঘণ্টা বা তার বেশি হলে ফুল আসা বিলম্বিত হয় দিন দৈর্ঘ্য ১০১২ ঘণ্টা হলে ৩০৩৫ দিন বয়সের যে কোনো পাট গাছে ফুল চলে আসে এরূপ দিন দৈর্ঘ্যর প্রভাব দেশি পাট এর চেয়ে তোষা পাটে বেশি পরিলক্ষিত হয়,Neutral
বাংলাদেশে মার্চের শেষ পর্যন্ত দিনের দৈর্ঘ্য প্রায় বারো ঘণ্টা থাকে এবং এটা মধ্য এপ্রিলের সময়েই বৃদ্ধি পেয়ে সাড়ে বারো ঘণ্টার ওপরে চলে যায় তাই দেশি পাট মার্চের শেষ সময় থেকে এবং তোষা পাট মধ্য এপ্রিল থেকে বপন শুরু করলে এ অপরিপক্ব আগাম ফুল এর প্রভাব থাকে না যদিও ফসলের মাঠে এদিকসেদিক কিছু গাছে ফুল দেখা দিলেও তা আঁশ উৎপাদনে তেমন ক্ষতিকর প্রভাব ফেলতে পারে না,Neutral
প্রকৃত অর্থে পাট ফসল কে আগাম বা অপরিপক্ব বয়সের ফুল থেকে রক্ষা করতে হলে বিশুদ্ধ পাট জাতের বীজ ব্যবহার করতে হবে এবং উপযুক্ত সময় বীজ বপন করতে হবে বৃষ্টি না হলে বা কমে হলেবীজ বপনের পর অন্তত এক বার জমিতে সেচের ব্যবস্থা করতে হবে অতিরিক্ত উর্বর না হলেও মোটামুটি উর্বরতা সমৃদ্ধ জমিতে পাট ফসল চাষ করতে হবে তবেই আমাদের দেশের পাট চাষিদের মানের আশা পূরণ হবে,Neutral
বাংলাদেশ ছাড়াও ভারতনেপালমায়ানমারচীনতাইওয়ানথাইল্যান্ডভিয়েতনামক্যাম্বোডিয়াব্রাজিল এবং অন্যান্য আরও কয়েকটি দেশে পাট এর আবাদ হয় বাণিজ্যিক দিক থেকে বাংলাদেশ এক সময়ে একচেটিয়া সুবিধাপ্রাপ্ত দেশ হিসেবে বিবেচিত হতো ১৯৪৭৪৮ সাল পর্যন্ত বিশ্ববাজারে এদেশ থেকে প্রায় ৮০% পাট রপ্তানি হতো কিন্তু ১৯৭৫৭৬ সাল নাগাদ এ অবস্থার পরিবর্তন ঘটে এবং বর্তমানে বিশ্ব চাহিদার শতকরা মাত্র ২৫ ভাগ পাট বাংলাদেশ থেকে বাইরে যায় এ অবনতির বড় কারণ পৃথিবীর অন্যান্য কয়েকটি দেশের সঙ্গে তীব্র প্রতিযোগিতা এবং সেসঙ্গে বিশ্ববাজারে কৃত্রিম তন্তুর আবির্ভাব,Neutral
প্রাচীনকাল থেকেই ভারতে পাটের চাষ হয়ে আসছে এক সময়ে এটি বাগানের উদ্ভিদ হিসেবে বিবেচিত হতো তখন এর ব্যবহার ছিল সীমিত; কেবল পাতা সবজি ও চিকিৎসার কাজে ব্যবহূত হতো উষ্ণমন্ডল ও উপউষ্ণমন্ডলীয় বিভিন্ন জলবায়ুর পরিবেশে পাট জন্মে মার্চএপ্রিল ও মে পর্যন্ত প্রতি মাসে সর্বনিম্ন ২৫০ মিমি বৃষ্টিপাতসহ যেখানে বার্ষিক বৃষ্টিপাত ১৫০০ মিমি বা ততোধিক সেখানে পাট ভাল ফলন দেয়,Neutral
পাট চাষের জন্য প্রয়োজনীয় জলবায়ু বাংলাদেশের গ্রীষ্ম মৌসুমে বিদ্যমান থাকায় উক্ত সময়েই এর আবাদ হয় উচ্চ তাপমাত্রাপর্যাপ্ত বৃষ্টিপাতপরিচ্ছন্ন আকাশ পাটের দ্রুত বৃদ্ধিতে সহায়ক দেশি পাট এর চেয়ে তোষাপাট কিছুটা পরে বুনতে হয় তবে জমিতে জুনজুলাই মাসে পানি জমে যাওয়ার সম্ভাবনা থাকলে সে জমিতে পাট কিছুটা আগাম বপন করা উচিত,Neutral
স্বপরাগায়িত এবং চোদ্দ জোড়া ক্রোমোজোমবহ এই ফসলের বৃদ্ধির জন্য দীর্ঘ আলোকদিবসের প্রয়োজন বীজবপনের পর আঁশের জন্য ফসল তুলতে ৪ থেকে ৫ মাস সময় লাগে ফুল আসার সময়ই পাট কাটতে হয় আঁশ পাওয়া যায় কান্ডের বাস্ট বা ফ্লোয়েম স্তর থেকে পাট চাষ শ্রমঘন এবং অধিকাংশ ক্ষেত্রেই চাষীরা প্রান্তিকদরিদ্র ও ক্ষুদ্র খামারি সফল চাষাবাদের জন্য জমি প্রস্তুত খুব গুরুত্বপূর্ণ,Neutral
পাট কাটার পর নির্দিষ্ট সংখ্যক গাছ দিয়ে আঁটি বেঁধে পাতা ঝরানোর জন্য তারা সেগুলিকে পাঁচ থেকে সাতদিন জমিতে দাঁড় করিয়ে রাখে তারপর আঁটিগুলি পানিতে ডুবানো হয় স্বচ্ছ ও মন্দবহ পানি পাট জাগ দেওয়ার জন্য সর্বোত্তম বারো থেকে ১৫ দিন পর জাগ সম্পন্ন হলে হাত দিয়ে কাঠি থেকে আঁশ পৃথক করে ধুয়ে রোদে শুকানো হয় শুকানোর পর কৃষকরা স্থানীয় বাজারে পাট বিক্রি করে,Neutral
বাংলাদেশের প্রায় সকল জেলাতে পাট উৎপন্ন হলেও ফরিদপুরটাঙ্গাইলযশোরঢাকাসিরাজগঞ্জবগুড়া ও জামালপুরই প্রধান পাট চাষ অঞ্চল পাট চাষাধীন মোট জমির পরিমাণ প্রায় ২২৬৬৫৫ হেক্টর এবং মোট উৎপাদন প্রায় ৪০৩৪৫৮৯ বেল বাংলাদেশ পাট গবেষণা ইনস্টিটিউট এ পর্যন্ত ২৭টি উচ্চফলনশীল ও উন্নত মানের পাটের জাত উদ্ভাবন করেছে,Neutral
পাট ও পাটজাত সামগ্রী বহুল ব্যবহূত প্রাচীনকাল থেকে প্যাকেজিংয়ের কাঁচামাল হিসেবে পাট ব্যবহূত হয়ে আসছে বাণিজ্যিক পণ্য হিসেবে ব্যবহূত হওয়ার আগে এটি পৃথিবীর বিভিন্ন অঞ্চলে রশিহাতে তৈরি কাপড়শিকা ও গৃহসজ্জার সামগ্রীসহ গৃহস্থালি ও খামারে উপকরণ হিসেবে ব্যবহূত হতো,Neutral
পাট চাষ নিয়ন্ত্রণের জন্য প্রাদেশিক সরকার উনিশশো চল্লিশ সালে জুট রেগুলেশন ডিরেক্টরেট স্থাপন করে এ অধিদপ্তর পাট চাষউৎপাদন এবং চাষ এলাকা নির্ধারণসহ পাট চাষের জন্য চাষী নির্দিষ্ট করার দায়িত্বও পালন করত ১৯৪৯ সালে পাট ব্যবসায় সংক্রান্ত বিষয়াদি তদারকির জন্য পাকিস্তান সরকার জুট বোর্ড গঠন করে,Neutral
সামান্য ক্ষারযুক্ত যেকোনো মাটিতেই পাট চাষ করা যায় তবে ভালো ফলন ও উন্নত জাতের আঁশ পাওয়ার জন্য পলিযুক্ত উর্বর মাটি সবচেয়ে ভালো তবে কাদা দোআঁশ মাটি ও বেলে দোআঁশ মাটিতেও পাট চাষ করা যায় সাধারণত উঁচু ও মাঝারি উঁচু জমিতে মিঠা পাট এবং উঁচু ও নীচু দুরকম জমিতেই তিতা পাট চাষ করা যায়,Neutral
পাট এর বীজ বপন করার আগে জমি ভাল করে তৈরি করে নিতে হবে প্রতি কেজি বীজ তিন গ্রাম অ্যাগ্রোসান জি—এন পাঁচ শতাংশ ওষুধ দিয়ে শোধন করে নিতে হয় বীজ হাতে ছিটিয়ে বা সারি দিয়ে বোনা যায় সারি দিয়ে বুনলে দুটি সারির দূরত্ব এক ফুটের মতো হতে হবে তেতো পাট এর ক্ষেত্রে একর প্রতি আড়াই থেকে তিন কেজি এবং মিঠা পাট এর ক্ষেত্রে দেড় থেকে দুকেজি বীজ লাগবে,Neutral
পাট গাছে যখন ফুল থেকে ফল ধরে সাধারণত তখনই পাট কাটার উপযুক্ত সময় পাট কেটে পাতা না ঝরা পর্যন্ত মাঠে বা কোনও জায়গায় গাদা করে রেখে দিতে হবে তারপর আঁটি বেঁধে জলে পচাতে হয় পচানোর ৮১০দিন পর পাটকাঠি বের করে নিতে হবে তারপর পাটের আঁশ পরিষ্কার জলে ধুয়ে নিতে হবে ভালভাবে রোদে শুকিয়ে গাঁট বেঁধে বিক্রির জন্য বাজারে পাঠানো হয়,Neutral
পাট শিল্পের প্রচারের জন্য অনেক জনসচেতনতামূলক প্রচার করা হচ্ছে সরকারের তরফ থেকে যাতে পাটজাতীয় দ্রব্যের গুণাবলী আর পরিবেশবান্ধব হওয়ার কথা বলা হচ্ছে বিশেষ করে পাট কাঠি জ্বালানি হিসেবেঘর সাজানোর কাজেপূজার উপাচার হিসেবে ব্যবহৃত হয় পাট গাছের পাতা খাদ্য হিসেবেও বেশ প্রচলিত,Neutral
ঢাকা বিশ্ববিদ্যালয়বাংলাদেশ পাট গবেষণা ইন্সটিটিউট ও ডেটাসফ্ট সিস্টেম্স বাংলাদেশ লি. বাংলাদেশ সরকারের অর্থায়নে বিজ্ঞানপত্রিকায় প্রকাশিতব্য এ খসড়া জিনোম আবিষ্কার করেছে ১৬ই জুন ২০১০ সালে বাংলাদেশের প্রধানমন্ত্রী শেখ হাসিনা বাংলাদেশের জাতীয় সংসদে পাট এর জিনোম অনুক্রম জীবনরহস্য আবিষ্কারের ঘোষণা দেন এতে সহায়তা করেছে যুক্তরাষ্ট্রের হাওয়াই বিশ্ববিদ্যালয় ও মালয়েশিয়া বিজ্ঞান বিশ্ববিদ্যালয়,Neutral
পাট একটি বর্ষজীবী ফসল এর জীবনকাল ১০০ থেকে ১২০ দিন পর্যন্তচৈত্রবৈশাখ থেকে আষাঢ়শ্রবণ পাট বৃষ্টি নির্ভর ফসলবায়ুর আদ্রতা ৬০% থেকে ৯০% এর পছন্দ পাট চাষে কোনো রাসায়নিক সার ও কীটনাশক প্রয়োজন হয় না গড় ফলন হেক্টর প্রতি প্রায় ২ টন পাট এর আঁশঃ পাটের আঁশ নরম উজ্জ্বল চক্চকে এবং ১৪ মিটার পর্যন্ত লম্বা হয় তবে একক আঁশ কোষ ২৬ মিলি মিটার লম্বা এবং ১৭২০ মাইক্রণ মোট হয় পাট এর আঁশ প্রধানত সেলুলোজ এবং লিগনিন দ্বারা গঠিত,Neutral
বায়ুর সত্তর থেকে নব্বই শতাংশ আপেক্ষিক আর্দ্রতায়চৈত্রবৈশাখ মাসের প্রাক বর্ষায় পাট বীজ বোনা হয় জ্যৈষ্ঠ মাসের অপেক্ষাকৃত খড়ায় নিড়ীগাছ বাছাই ও অন্যান্য অন্তবর্তীকালীন পরিচর্যা সম্পন্ন করা হয় আষাঢ়শ্রাবণ মাসের ভরা বর্ষায় যখননালা ডোবাখালবিলপানিতে ভরে ওঠে তখন পাট কাটা হয় নিকটবর্তী জলাশয়ে পাট গাছ জাগ দেয়া হয় পরিবেশের এ সব কিছুই পাট চাষের সাথে নিবীড়ভাবে সম্পর্কিত পাট সম্পূর্ণ বৃষ্টি নির্ভর ফসল,Neutral
পাট একটি তন্তুজাতীয় ফসল পশ্চিমবঙ্গ ও বাংলাদেশ বিশ্বে পাট ফলনে সবচেয়ে এগিয়ে এই দুই জায়গারই আবহাওয়া আর কৃষিজমির প্রকৃতি পাট চাষের পক্ষে অনুকূল জলাভূমির পাশে পাট চাষ ভালো হয় পাট চাষে উষ্ণতা এবং জলের প্রয়োজনীয়তা আবশ্যক পাট পচিয়ে তার থেকে তন্তু নিষ্কাশন করা হয়,Neutral
পাট একটি পরিবেশবান্ধব শিল্প পাট থেকে তৈরী হয় দড়িব্যাগসুতোকার্পেটবস্তা ইত্যাদি বর্তমানে সরকার ব্যাপকহারে পাট শিল্প বৃদ্ধি আর পাটজাতীয় দ্রব্য ব্যবহারের ওপর জোর দিচ্ছে,Neutral
পাট শিল্প বাংলার প্রাচীন শিল্পগুলির মধ্যে অন্যতম পাট তন্তু দিয়ে তৈরী বস্তা জিনিসপত্র আমদানি ও রপ্তানির জন্য খুবই উপযোগী মাঝে পাট শিল্প বেশ ক্ষতিগ্রস্থ হয় পলিস্টার তন্তুর জন্য যা পরিবেশের পক্ষে ক্ষতিকর তাই বর্তমানে সরকার পাট শিল্পের ওপর জোর দিচ্ছে এবং এর জন্য উৎসাহ ও অনুদান দিচ্ছে এতে করে পাট চাষি আর পাট শিল্পের সাথে জড়িয়ে থাকা মানুষদের জীবন ও জীবিকার বেশ কিছুটা উন্নতি হবে বলে অনেকেই মনে করছেন,Neutral
চিনি গম ইত্যাদি পাট নির্মিত বস্তায় ভোরে পাঠানো হয় দেশে বিদেশে বাজারে প্লাষ্টিক বস্তা বর্তমানে ব্যাপকহারে ছড়িয়ে পড়ে মার খাচ্ছে পাট শিল্পী এবং চাষিরা তবে সরকারি সিদ্ধান্ত অনুযায়ী এবছর পাট চাষিদের সাহায্যের হাত বাড়িয়ে দেবেন বলে কথা দিয়েছে সরকার এ বিষয়ে  আগামী কিছুদিনের মধ্যেই কিছু প্রকল্প ঘোষণা করা হবে এমনটা জানা যাচ্ছে পাট চাষের ওপর জোর দেওয়াতে তাতে পাটের ফলনের ওপর লাভের মুখ দেখতে পাবেন এমনটাই আশা করছেন বহু চাষিরা সস্তায় উন্নত বীজসার বিক্রয়ের জন্য এগিয়ে আসবেন ব্যবসায়ীরা,Neutral
পাটের শাড়ী আজকাল বাজারে নতুন ফ্যাশন হিসেবে বেশ চর্চায় রয়েছে বিয়ের মরশুমে কনেরা আজকাল পাট তন্তু দিয়ে তৈরী বেনারসি শাড়ী বেশ পছন্দ করছেন পাটের বেনারসিগুলি রং ও গুণমান দিয়ে অন্য যেকোনো শাড়ীকে হার মানায় এর প্রধান উপাদান পাট তন্তু ও সামান্য অনন্য তন্তুর মিশ্রণতবে তার ভাগ বেশ কম লালতুঁতেসবুজ বেনারসির ওপর জরির কাজ কনেকে তার বিশেষ দিনটিতে করে তোলে সুন্দর ও মোহময়ী পাট নির্মিত শাড়ীগুলি দামেও বেশ সস্তা,Neutral
পাট তিন পর্যায়ে বাজার জাত করা হয় প্রথম পর্যায়ে ছোট ছোট বাজারেদ্বিতীয় পর্যায়ে বড় বড় বাজারে এবং তৃতীয়পর্যায়ে দেশীয় পাটকল সমূহে এবং বিদেশী বাজারে রফতানী করা হয় কৃষকের হাত হতে একটি বিপনন ব্যবস্থার মাধ্যমে পাট রফতানী করা হয় মার্কেটিং প্রক্রিয়ায় মধ্যস্বত্ব ভোগীরা জড়িত রয়েছেন এ ব্যবস্থায় ফড়িয়াবেপারীআড়তদারদালালকাঁচাবেলার ও পাকা বেলাররা জড়িত থাকেন,Neutral
আধুনিক পৃথিবীর কর্মব্যস্ত মানুষ দিনের বেশিরভাগ সময়ই বাইরে কাটায় তবুও দিনশেষে ঘরে মানুষকে ফিরতেই হয় কেবলমাত্র নিরাপদ আশ্রয়ের খোঁজেই যে মানুষ ঘরে ফিরে আসে তা না ব্যস্ততা যতই হোক না কেনদিনশেষে ঘরই মানুষের পরম শান্তির আশ্রয় হয় ব্যস্ত কর্মদিবসের পর কেবল ঘরে ফিরেই মানুষের ক্লান্ত মন পায় আরাম ও প্রশান্তি স্বাভাবিকভাবে যখন নিজ নীড়ের এত প্রভাব মানুষের  ওপরতখন মন ভালো রাখতে নিজের নীড়কে আরেকটু সুন্দর করে পাট করে রাখা তো যায়ই,Positive
পরিচ্ছন্ন ও পাট করে রাখা ঘরের আছে অনেক উপকারিতা তার মধ্যে মানসিক উপকারি দিকগুলোই বেশি পাট করে রাখা ঘর মানসিক চাপ কমিয়ে দেয় অনেকখানি এর আরেকটা কারণ হচ্ছেএক্ষেত্রে বাসিন্দা তার প্রয়োজনীয় জিনিসপত্র সহজে এবং তাড়াতাড়ি খুঁজে পায় তাই  সময় বাঁচেকষ্ট কমেসাথে কমে ব্যস্ত জীবনে অতিরিক্ত কাজের চাপও,Positive
তাছাড়া পাট ও পরিচ্ছন্ন ঘর আপনার দুশ্চিন্তা ও অবসাদ কাটাতেও অনেকটা সাহায্য করবে এর ফলে আপনার বিশ্রামের সময়টা আরো সুন্দরচিন্তামুক্ত ও ফলদায়ক হয়ে উঠবে পাট ও পরিচ্ছন্ন ঘর আপনার ঘুমকে আরো গভীর করতে সাহায্য করবেআপনাকে করে তুলবে আরো সতেজ ও আত্মবিশ্বাসী এছাড়া আবাসস্থল পাট পরিচ্ছন্ন হওয়ার সবচেয়ে গুরুত্বপূর্ণ উপকারিতাগুলোর একটি হলো এটি আপনাকে আরো বেশি সৃজনশীল ও মনোযোগী হয়ে উঠতে সাহায্য করে,Positive
ঘুম থেকে উঠেই পাট ও পরিচ্ছন্নতার দিকে এক পা এগিয়ে যাওয়া যাক মাত্র ৩৫ মিনিটের কাজ হলেও ঘুম থেকে উঠেই যদি আপনি আপনার বিছানাটা সুন্দর করে পাট করে ফেলেনআপনার ঘরটির সৌন্দর্যে তা রাত পর্যন্ত আলাদা মাত্রা যোগ করতে থাকবে সেই সাথে আপনার ঘর পাট করার কাজটাকেও নিমেষেই যেন অর্ধেক করে দেবে দিনের শুরুতেই এই ছোট্ট কাজটি,Positive
প্রতিটি ঘরের ছড়িয়ে ছিটিয়ে থাকা ছোট ছোট জিনিসপত্রগুলো পাট করে নিতে পারেন আগে যেটা যে ঘরের জিনিস সেটা সেখানেই রাখার চেষ্টা করুন আলাদা সময় নষ্ট না করে এটা করতে পারেনযদি আপনি নিজেই এক ঘর থেকে আরেক ঘরে যাওয়ার সময় খেয়াল রাখেন কিছু নিয়ে যেতে হবে কিনা বাড়ির অন্য সদস্যদের সাহায্যও আপনি ঘর পাট করার ক্ষেত্রে ভালোই কাজে লাগাতে পারেন,Positive
নিজেদের থাকার জায়গা ছিমছামসুন্দর করে পাট করে রাখাটা আপনার জন্য সবচেয়ে সহজ এবং কম সময়সাপেক্ষ হবে যদি বাড়ির অন্যান্য সদস্যদেরও এতে সহায়তা ও সামান্য হলেও অংশগ্রহণ থাকে কাজ ভাগাভাগি করে নিলে সবসময়ই তা কমে যায় সেই সাথে পরিবারের সদস্যদের মধ্যে গড়ে ওঠে সহযোগিতার মনোভাব নিজেদের মধ্যে সময় কাটানোর সুযোগ পায় তারা এবং পারিবারিক বন্ধন আরো দৃঢ় হয়,Positive
কাজ বেশি আর সময় কম থাকলে রোজ করে নিতে পারেন পরবর্তী দিনের জন্য কাজের সময়সূচীসহ তালিকা নিজের সুবিধামতো সাজিয়ে নিতে পারেন এক সপ্তাহের জন্য ঘরের কাজের তালিকা ও সময়সূচী ছোটদের কাজও এই তালিকার মধ্যে রাখতে পারেন ফলে তারা জানবে কবেকখন আর কোন কাজটা তাদের সেরে রাখতে হবে ভাড়া বাসা বদল বা নতুন কোনো জায়গায় গিয়ে আবার সহজে পাট করে নেওয়ার জন্য এই পদ্ধতি দারুণ কাজে লাগে,Positive
বাইরের জুতার ঘরে প্রবেশ দরজার কাছেই রোধ করুন তাহলে ঘরের ধূলাবালি অর্ধেক এমনিতেই কমে যাবে পড়া শেষ করে ওঠার সময় ঘরের বড়ছোট সবারই অভ্যাস করানোর চেষ্টা করুন টেবিলটা একটু পাট করে ফেলতে বাড়িতে আলাদা পড়ার ঘর থাকলেও তাই করবেন সকালে নাস্তার পর সবাই যেন প্লেটটা রান্নাঘরে রেখে আসে সেটাও দেখুন গাছে পানি দেওয়াআগাছা পরিষ্কার বা বারান্দা নোংরা না করা কয়েক মিনিটের এসব কাজে সবার অংশগ্রহণ করানোর চেষ্টা করুন কয়েক মিনিটের অভ্যাসগুলো আপনার কাজ সহজ করে দিয়ে সময় বাঁচিয়ে দেবে অনেকটা,Positive
ছুটির কোনো একদিন রান্নার আয়োজন একটু সহজ করে নিয়ে সময় দিতে পারেন বসার ঘর আর বারান্দাটা একটু পাট করে নিতে মেহমানদের সামনে সুন্দর বসার ঘর আপনার মনটাও আনন্দে ভরে দেবে সুন্দর করে পাট করা বারান্দা পড়ন্ত বিকালে মন ভোলাবে আপনার আপনার জীবন আরেকটু সুন্দর আর পাট করে তুলতে সাহায্য থাকবে এদেরও,Positive
নিজের সুস্থতা ও আরামের জন্যই আপনাকে ঘর সুন্দর করে পাট করে রাখতে হবে এ জন্য প্রথমে আপনাকে পাট করতে হবে বিছানা বিছানা হবে প্রকৃতির মতোমানে ঘুমিয়েগড়াগড়ি করে উঠলে বিছানা যে রকম থাকেসে রকমই থাকতে দিন যেহেতু দিনের একটা নির্দিষ্ট অংশ বিছানায় কাটানঅতএব বিছানায় রাখুন আপনার সব প্রয়োজনীয় জিনিসপত্র যেমন মোবাইল ফোনপানির বোতলল্যাপটপঅ্যাশট্রেকলমপত্রিকালাইটারক্যালেন্ডারবডি স্প্রে ইত্যাদি,Positive
আপনার বেডরুমটা যদি অগোছালো থাকেতাহলে এটিকে পাট করে  নিন বেডটাকে সব সময় পাট করে রাখুন বিছানার চাদর ও বালিশের কভার আর কাঁথাকম্বল এমন একটি ড্রয়ারে পাট করে  রাখুনযেখান থেকে এগুলো খুব সহজেই মুভ করা যায় ওয়াশ করা কাপড়গুলো বাইরে ফেলে না রেখে আলমারিতে পাট করে রাখুন,Positive
রান্নাঘরের দেয়ালে হুক ব্যবহার করে ছুরিকাঁচিপ্যানকড়াই ইত্যাদি ঝুলিয়ে রাখতে পারেন ধোয়া বাসন সিঙ্গের সামনে ঝুলিয়ে রাখতে পারেনএতে করে বাসনে থাকা পানি সিঙ্গেই ঝরে যাবে রান্নার প্রয়োজনীয় জিনিসগুলো বাসনের তাকে পাট করে  রাখুন রান্নার ময়লা ফেলার জন্য ঝুড়ি ব্যবহার করুন এতে করে আপনার রান্নাঘর পাট ও পরিষ্কার থাকবে,Positive
সাজানো পরিপাটি ঘর কার না ভালো লাগে সারাদিনের কর্মব্যস্ততার পর বাসায় ফিরে যদি দেখেন আপনার ঘরটি এলোমেলো হয়ে আছেতখন এটি আপনার প্রশান্তি নষ্ট করার জন্য যথেষ্ট তাই পাট করে রাখুন আপনার ঘরটি পাট করা ঘর হোক আপনার মনের মতো,Positive
আপনার ঘরের আলমারিটা পাট করে নিন কাপড়গুলো এমনভাবে পাট করে রাখুন যেন প্রয়োজনের সময় খুঁজতে না হয়সহজেই পাওয়া যায় এ ক্ষেত্রে ছোট জিনিসগুলো রাখতে পারেন ড্রয়ারে নিত্যদিনের ব্যবহার্য কাপড়গুলো আলাদা করে পাট করে রাখুন কোনো অনুষ্ঠানে পরার কাপড় হ্যাঙ্গারে ঝুলিয়ে আলাদা করে পাট করে রাখতে পারেন,Positive
জুতার তাকে পাট করে  রাখার ক্ষেত্রে আলাদা আলাদা তাকে জুতাগুলো পাট করে রাখুন যেমন আফিসে পরার জুতা আলাদা তাকে পাট করে রাখুন তেমনি বাইরে পরার জুতাও আলাদা করে পাট করে রাখুন যেন প্রয়োজনে সহজেই এগুলো হাতের কাছে পান,Positive
সুন্দর করে পাট করে নিন আলমারি আপনার প্রয়োজন অনুযায়ী থাকে থাকে ভাগ করে পোশাক সাজিয়ে পাট করে রাখুনখুঁজতে সুবিধা হবে দৈনন্দিন ব্যবহারের ও উৎসবঅনুষ্ঠান কিংবা পার্টিতে পরার জামাকাপড় আলাদা করে পাট করে রাখুন ড্রেসিং টেবিলে খুব বেশি জিনিস দিয়ে ভরে রাখবেন না রোজের আবশ্যিক জিনিসগুলি টেবিলে পাট করে রেখে বাকি সব চালান করে দিন ড্রয়ারে,Positive
অর্কিডপাতাবাহারক্যাকটাসপিস লিলিঅ্যালো ভেরা স্নেক প্ল্যান্টআজেলা হরেক প্রজাতির গাছ বারান্দায়ঘরের কোণে পাট করে রাখা যায় অনায়াসে এমন গাছ ঠাঁই হতে পারে সেন্টার টেবিল বা রান্নাঘরেও বারান্দার দেওয়ালে রংবেরঙের পাত্রে পাট করে ঝুলিয়ে রাখা যায় ছোট ছোট গাছ এতে আপনার চোখ ও মন দুইয়েরই আরাম হবে এ ছাড়াউৎসবের মরসুমে ঘরের ভোল বদলাতে টাটকা ফুলও ব্যবহার করতে পারেন,Positive
বাসা বা বাড়ি শব্দটা কানে এলেই চার দেয়ালে ঘেরা কোনো এক জড় পদার্থের কথা মনে আসে এই জড় পদার্থকে যত্ন নিয়ে প্রাণ দিয়ে একটা সুইট হোম বানিয়ে নিতে হয় আমাদেরই আমরা স্বভাবতই পাট পরিচ্ছন্নপরিপাটি এবং সুন্দর কিছু দেখতে অভ্যস্ত বাসাবাড়ি পাট করে সাজানোগোছানো থাকবেএটা আমরা সবাইই চাই,Positive
ঘুম থেকে ওঠার পর প্রথম যে কাজটি করা প্রয়োজন তা হলো নিজের বিছানা পাট করে দিন শুরু করা আমাদের ঘরের মধ্যে সবচেয়ে বেশি আকর্ষণ যে আসবাবটি দখল করে তা হলো বিছানা ঘরের মধ্যে বিছানা সুন্দর করে পাট করা থাকলে পুরো ঘরকেই পরিপাটি মনে হয় অনেক সময় অনেক ছোটখাটো জিনিস বিছানায় পড়ে থাকতে দেখা যায় ছোটখাটো জিনিসগুলো পাট করে হাতের নাগালে রাখার ক্ষেত্রে ব্যবহার করা যেতে পারে বেডসাইড টেবিল এ ক্ষেত্রে খাট এবং খাটের সাথে মিলিয়ে বিভিন্ন  ডিজাইনের বেডসাইড টেবিল যদি এক জায়গা থেকে কিনতে পারা যায় তাহলে অনেকটা কষ্ট কমে যায়,Positive
ঘরের এক কোনে দড়ির উপর সিটিং অ্যারেঞ্জমেন্ট করুনবাচ্চা বসে খেলতে পারবে আর বিছানাও নোংরা হবে না বাচ্চা স্কুল থেকে ফিরে জুতা যেখানে সেখানে না রেখে যাতে জুতোর তাকে পাট করে রাখে সেই অভ্যাস গড়ে তুলুন স্কুলব্যাগ নির্দিষ্ট জায়গায় রাখতে দিন এতে ওর নিজের ঘর পাট করে রাখার উৎসাহও বাড়বে,Positive
প্রতিদিনের ব্যবহারের জিনিসগুলো খুব উঁচুতে না রেখে ওর হাতের কাছে রাখুন তবে দামি খেলনাগুলো একটু উঁচুতে ওর নাগালের বাইরে রাখুন স্কুলের বইখাতা আর হোমওয়ার্কের বইখাতা আলাদা তাকে সুন্দর করে পাট করে রাখুন বাচ্চার ঘরে একটা তাকে গল্পের বই সাজিয়ে পাট করে রাখতে পারেনএতে অবসর সময়ে গল্পের বই পড়ার উৎসাহ বাড়বে পাট করে রাখা ঘর দেখতেও সুন্দর লাগবে,Positive
ময়লা জামাকাপড়ের জন্য একটা আলাদা লন্ড্রি ব্যাগ রাখুনযাতে স্কুল থেকে ফিরে ময়লা জামামোজা ধোয়ার জন্য আলাদা করে রেখে দেয় যে জিনিসটা যেখান থেকে নিচ্ছে ব্যবহারের পর সেখানে তুলে রাখার অভ্যাস গড়ে তুলুনএতে আপনার ঘর পাট করে রাখতেও সুবিধা হবে ঘরে একটা ছোট ডাস্টবিন রাখুন এছাড়া বাচ্চার ঘরে লাগাতে পারেন ডেকরোটিভ ওয়ালপেপার,Positive
আলাদা আলাদা সেলফে ছবির বইগল্পের বইরিডিং মেটিরিয়াল রাখুন কালার কোড মেনেও পাট করে সাজিয়ে রাখতে পারেন এ ভাবে পাট করে রাখা অভ্যাস করালে বাচ্চা বড় হলে নিজেই পাট করে রাখবে যে বই বাচ্চা এক বছরের বেশি পড়েনি সেই বই কোনও বুক ব্যাঙ্কে দিয়ে দিতে পারেন,Positive
তাই চেষ্টা করতে হবে নিজের থাকার ঘরটাকে পরিষ্কার করে পাট করে রাখা তার জন্য কিছু নিয়ম মেনে চললেই ঘর পাট করে রাখা আরও সহজ হয়ে উঠবে যেমন ঘুম থেকে উঠেই বিছানা তোলার অভ্যাস গড়ে তুলতে হবে মাসে একদিন সময় করে ঘরের সিলিং এর ঝুলফ্যানজানলার স্লাইড পরিষ্কার করতে হবে এছাড়া ঘরকে পাট পরিচ্ছন্ন রাখার জন্য কিছু টুলস কিংবা সরঞ্জাম ব্যবহার করা যেতে পারেএতে করে ঘর পাট ও পরিষ্কার রাখা আরও সহজ হবে,Positive
ছোট বড় চামচ গুলো ড্রয়ারে পাট করে রাখতে পারবেন আকার অনুযায়ী পাট করে রাখুন খুঁজে পেতে সুবিধা হয় অথবা স্পুন হোল্ডারে ঝুলিয়ে ফেলুন জায়গার সমস্যা নেই এতে চামচ গুলো কেনার সময় নিচে ফুটো আছে এরকম চামচ কিনতে হবে,Positive
তিতলির আজ জন্মদিন কলেজ থেকে বাড়ি ফিরেই দেখলো মা তার আলমারিতে পাট করে রাখছে তার জামাকাপড়গুলো বিছানায় একস্তুপ জামাকাপড়ের মাঝে উঁকি মারছে নতুন একটা জামা বেশ সুন্দরঝলমলে পাট করে রাখছে মা সব জামাকাপড়গুলো এক এক করে তার মধ্যে থেকেই নতুন জামাটি তুলে নিয়ে মাকে জড়িয়ে ধরলো তিতলি বড্ড পছন্দ হয়েছে তার মাও তাকে পরম আদরে জড়িয়ে ধরে কপালে একটি স্নেহের চুম্বন এঁকে দেন মেয়ে তার বড্ড আদরেরআজ আরও একটি বছর এগিয়ে গেলো সে তার জীবনপথে মনের সব শুভকামনা আর মাতৃত্ব মাখা নতুন জামাটায় বেশ মানাবে তিতলিকে ,Positive
সরস্বতী পুজোর সকাল পাট ভাঙা শাড়ীপাঞ্জাবি পরে শিশুকিশোরকিশোরীআর যুবকযুবতীদের ঢল নেমেছে রাস্তায় রঙিন ঝলমলে উদ্দীপনায় যেন রাস্তায় মেতে উঠেছে উৎসবে পাট করা জামাকাপড়ে কেউ কেতাদুরস্তকেউ বা অনভ্যাসে সামলাতে অস্থির তবু মুখগুলোতে একটা অমলিন হাসি সর্বদাই যেন লেগে আছে লাবণ্যে পূর্ণ সেই মুখগুলি দেখার আনন্দই অন্যরকম এই দিনটির জন্যই যেন অপেক্ষা করে থাকে আপামর বাঙালি ছাত্রছাত্রী,Positive
বিনোদিনীর বিয়ে হয়েছে আজ প্রায় ত্রিশ বছর হলো আজ যখন আলমারি গোছাতে গিয়ে তিনি তার সযত্নে পাট করা লাল বেনারসিটি দেখেনমনে পরে যায় ত্রিশ বছর আগের সেই বছর কুড়ির তরুণীর কথা রাঙা টুকটুকে বেনারসি পরে তরুণী লজ্জায় রাঙা হয়ে অধোবদন সারাটাদিন নতুন পুরোনো চেনা অচেনা নানা মানুষদের আনাগোনা তাদের বাড়িটি জুড়েসাথে হৈচৈ সব মিলিয়ে যেন উৎসবের আমেজ  চারিদিকে বড্ড ব্যস্ততাও বটে তারই মাঝে কনে বৌটিকে সাজিয়ে তুলতে ব্যস্ত মেয়ের দল আজও পাট করা বেনারসির ভাঁজে ভাঁজে যেন লুকিয়ে আছে সেই দিনের সুস্পষ্ট সব স্মৃতিগুলি,Positive
একরাশ বইপত্রজামাকাপড়ের স্তুপের মধ্যে থেকে কচ্ছপের মতো মুখ বের করে টিভি দেখছিলো বনি এমন সময় ঘরে মায়ের প্রবেশ মায়ের সেই থমথমে মুখখানা দেখেই মনে মনে প্রমাদ গুনলো বনি ভয়ে জামাকাপড়ের পাহাড় থেকে জলদি নেমে এসে শুরু করে ফেললো সাফাই অভিযান পাট করে জামা কাপড় রাখতে থাকলো একদিকে অন্যদিকে গোছাতে থাকলো বইপত্র ছোট বোন রুমকিও ঘরে ঢুকে দাদার কান্ড আর মায়ের সেই জ্বলন্ত দৃষ্টি দেখে ভয়ে এগিয়ে গেলো দাদার দিকে তাকে সাহায্যের হাত বাড়িয়ে দিতে সবটা দুই ভাইবোনের পাট করে গুছিয়ে ফেলতে সময় লাগলো বড়ো জোর ১০ মিনিট সত্যি মায়ের দৃষ্টিবাণে কী না হয় ,Positive
নিপা আজ বছর তিনেক হলো আমেরিকায় রয়েছে স্বামী অবিনাশ আর মেয়ে সুমনাকে নিয়ে তার ছোট্ট সুখের সংসার তার পাশ্চাত্যের জীবনযাপনে শাড়ী পড়ার অভ্যেস তার প্রায় চলে গেছে বলা যায় আলমারিতে থরে থরে সাজানো তার বিয়ে থেকে শুরু করে আজ যদি পাওয়া বা কেনা সব রকম সমস্ত শাড়ী কিছু এখানেআর বাকি কিছু তার লেক গার্ডেন্স এর শশুড়বাড়ির আলমারিতে পাট করা  শাড়ীগুলো যেন বড্ড অনাদরে পরে থাকে একটিবার নিপার থেকে আদরের ডাক পাওয়ার আশায় তবে আজ দিনটি অন্যরকম আজ বাঙালী ক্লাব থেকে রবীন্দ্র জয়ন্তী আয়োজন করেছে তাদের বাড়ির পাশের ছোট্ট পার্কটিতে বহুদিন পর নিপা আজ অবিনাশের কিনে দেওয়া তার খুব প্রিয় জামদানি শাড়ীটা পাট ভেঙে পড়েছে সাথে জুই ফুলের মালায় সাজিয়েছে যত্নে বাধা খোঁপাটিকে আর সাথে কপালে দিয়েছে ছোট্ট একটা টিপ্ সবমিলিয়ে চমৎকার লাগছে আজ নিপাকে,Positive
