Sentences,Emotion
মারা দিয়েছেন দারিদ্র্যের কারণে পড়াশোনার পাট চুকিয়ে তারা এখন অন্যের বাড়িতে,Negative
পড়াশোনার পাট চুকিয়ে চাকরি জীবনে প্রবেশ করার,Negative
লকডাউনেই এই দীর্ঘ বিরতিতে লেখাপড়ার পাট চুকিয়ে ফেলেছে পেটের দায়ে কেউ,Negative
বউ হয়ে বসে আছে পড়াশোনার পাট চুকে গেছে অনেকদিন,Negative
পড়াশোনার পাট চুকিয়ে আঠারো বছর আগে পাড়ি,Negative
জেনে অবাক হবেনক্লাস টুয়েলভেই পড়াশোনার পাট চুকিয়ে দেন দীপিকা ওই সময়,Negative
সংসারের হাল ধরতে পড়াশোনার পাট চুকিয়ে কিশোর বয়সেই মুম্বই পাড়ি,Negative
জীবন ও জীবিকার তাগিদে পড়াশোনার পাট চুকিয়ে শিশুশ্রম দিতে বাধ্য হচ্ছে,Negative
পড়া স্কুলের পড়াকলেজবিশ্ববিদ্যালয়ের পড়া পড়াশুনার পাট চুকিয়ে কর্মস্থলে গেলেও পড়া বিসিএসএই,Negative
পরিবারের দাবিস্থানীয় স্কুলে পড়াশোনার পাট চুকিয়ে উত্তরপ্রদেশে যায় আমিরুদ্দিন রাজ্যে,Negative
দারিদ্র্যের চাপে পড়াশোনার পাট চুকিয়ে মাধব মাত্র সতেরো বছর,Negative
ছোট ছেলে সে স্কুলেই পড়াশোনার পাট চুকিয়ে দিয়েছিলব্যবসায় মন ছিলনা পুলিশের,Negative
বহুদিনের ইচ্ছে পাওনাগন্ডা মিটিয়ে এসবের পাট চুকিয়ে দেবেন চিরতরে কিন্তু তার,Negative
দেনা করেসবই গেলো ডুবে ধারের পাট চোকাতে গিয়ে বরং ব্যবসারই পাট,Negative
পাট চোকাতে গিয়ে বরং ব্যবসারই পাট চুকে গেলো তার বহুদিন বহুকষ্টে,Negative
কোটি টাকার তছরুপ করে এখানকার পাট চুকিয়ে ব্রিটেনে মহামান্য রাণীর চরণে,Negative
প্রতিনিয়ত তাই তারা দিব্যি এখানকার পাট উঠিয়ে ব্রিটেনে সুখে দিন কাটাচ্ছেন,Negative
পড়াশোনার পাট উঠিয়ে বিকাশ সারাদিন টো টো,Negative
না নিলেই নয় তবে পড়াশোনার পাট উঠলেও বিকাশের মন প্রাণ সবটাই,Negative
পড়াশুনার পাট চুকিয়ে প্রকৌশল হিসেবে পেশাগত কাজে,Negative
সবে খাওয়ার পাট চুকিয়ে বাসনের রাশ তুলে দিয়েছেন,Negative
আশঙ্কাতাঁকেও হয়তো দাদারই মতো লেখাপড়ার পাট চুকিয়ে দিয়ে কাজে পাড়ি দিতে,Negative
নৌবিদ্রোহের পরই ভারতবর্ষের ব্যবসা বাণিজ্যের পাট খানিক চুকে গেল ব্রিটিশদের বসতির,Negative
খানিক চুকে গেল ব্রিটিশদের বসতির পাট তুলতে শুরু করল তারা এখান,Negative
বয়ে যেত তাদের হাত ধরেতারও পাট চুকলো ভারতবাসীর যৌথ প্রয়াসের ফল,Negative
এরকম ব্রিটিশ সাম্রাজ্যে সূর্য কখনো পাট যায় না বিখ্যাত কংগ্রেস দলের,Negative
বলেন হ্যাঁব্রিটিশ সাম্রাজ্যে সূর্য কখনও পাট যায়না কারণ ঈশ্বর নিজেও সূর্যের,Negative
অভিনেতা ইমরান খান অভিনেতা হিসেবে পাট চুকিয়ে এবার নিজস্ব ব্যবসা শুরু,Negative
বেশ হতাশ হয়েছিলেন তাই অভিনয়ের পাট চুকিয়ে দেওয়ার সিদ্ধান্ত নেন এমনটাই,Negative
ভেবেছিলেন সে বুঝি গ্রামের বসতির পাট তুলে চলল শহরে তার বোনের,Negative
লোকে নিশ্চিত হল নাসে বসতির পাট চুকিয়ে চিরতরে চলে যায় নি,Neutral
সে বলে দিলে তো ব্যবসার পাট চুকিয়ে ব্যবসা করার মুরোদ নেই,Neutral
ধারের বোঝায় ব্যর্থ হয়ে ব্যবসার পাট তুলে দিতে হয়ে বাইরে পাওনাদার,Neutral
হ্যাঁসম্পর্কের পাট চুকলো মানুষটা কারও মাকারও স্ত্রীকারও,Neutral
মেয়ে দুদিন ধরে নাওয়া খাওয়ার পাট চুকিয়ে সারাদিন মায়ের ওষুধ বা,Neutral
চলেছে সে হ্যাঁআজ তার দৌড়ানোরও পাট চুকলো তার মা আর উঠে,Neutral
তাকে জিজ্ঞেস করেন তা মাস্টারির পাট চুকলো নাকি হে আজকাল বাসায়,Neutral
সে সপ্তাহখানেক ভর্তি থেকে পড়াশুনার পাট চুকলো বছর পনেরোর ছেলেটির রমেন,Neutral
গড়েভাঙে তা বলেই কি সবটার পাট চুকে যায় আন্তরিক লেন দেনমানসিক,Neutral
করে মানুষকে সর্বঙ্গনের ছায়াসঙ্গীর প্রসঙ্গটি পাট যায় না সহজে নিত্যদিনের অভ্যাসেই,Neutral
কাল থেকে কলেজ জীবনের পাট চুকে যাবে তিতলির বন্ধুরা চাকরি,Neutral
করা নাম মন থেকে এই পাট চুকিয়ে চলে যাওয়া সহজ হয়,Neutral
কলপচেহারার লাবণ্য আর সম্মান সবেরই পাট চুকেছে বিশাল সম্পত্তির হেফাজতে কেন্দ্রীয়,Neutral
মনে প্রশ্ন তবে এখানেই কি পাট উঠলো তার রাজনৈতিক জীবন ও,Neutral
ছাড়তে উদ্যোগী হল সপরিবার গ্রামের পাট উঠিয়ে এসে বসলো শহরে তবে,Neutral
চাইলেও এতো সহজে গ্রামের বসতির পাট ওঠানো গেলো না পুরোনো জমির,Neutral
দিনের শেষে সূর্যের পাট চুকলে ম্লান হয়ে যাওয়া চাঁদ,Neutral
আকাশের বুকে আমাদের সাথে সাথে পাট গেলেও রাতের অন্ধকারও যেন তারই,Neutral
পাট বাংলাদেশের প্রধান অর্থকরী ফসল পাটের,Neutral
আঁশ বলে অভিহিত করা হয় পাট ও পাট জাতীয় আঁশ ফসল,Neutral
অভিহিত করা হয় পাট ও পাট জাতীয় আঁশ ফসল সারা বিশ্বে,Neutral
প্রান্তিক চাষি প্রত্যক্ষ বা পরোক্ষভাবে পাট ও এ জাতীয় আঁশ ফসল,Neutral
বৈদেশিক মুদ্রা আয়ের ৫৬% আসে পাট ও পাটজাত পণ্য রপ্তানির মাধ্যমে,Neutral
পাট নিজেই মাটির উর্বরতা বৃদ্ধিতে গুরুত্বপূর্ণ,Neutral
প্রায় ৭.৫৮.০ লাখ হেক্টর জমিতে পাট চাষ করা হয় যা থেকে,Neutral
থেকে প্রায় ৮০ লাখ বেল পাট আঁশ উৎপন্ন হয়ে থাকে বাংলাদেশের,Neutral
শ্রমশক্তির প্রায় শতকরা ১০১২ ভাগ পাট চাষ এবং পাটশিল্প যেমন প্রক্রিয়াকরণআঁশ,Neutral
বাংলাদেশে প্রধানত দুই প্রকার পাট ফসল চাষ হয় একটি তোষা,Neutral
ও অন্যটি দেশি বা সাদা পাট দেশি পাটের পাতার স্বাদ তিতো,Neutral
ফলগুলো গোলাকার এবং খাঁজকাটা এ পাট নিচু জমিতে উৎপাদন করা যায়,Neutral
নিচে থাকতে পারে তবে তোষা পাট এর পাতার স্বাদ তিতো হয়,Positive
সাধারণত দেশি পাট পনেরো মার্চ থেকে পনেরো এপ্রিল,Positive
পনেরো এপ্রিল পর্যন্ত এবং তোষা পাট পনেরো এপ্রিল থেকে পনেরো মে,Positive
পর্যন্ত ফলন কমে যায় যখন পাট এর জাত সময় মতো বপন,Positive
আলোর দৈর্ঘ্য কমতে শুরু করে পাট হলো একটি খাটো দিন দৈর্ঘ্য,Positive
খাটো দিন দৈর্ঘ্য ফসল তাই পাট ফসলও অন্যান্য স্বল্প দৈর্ঘ্য দিনের,Positive
বাধাগ্রস্ত হয় এমন কোনো পরিবেশে পাট চাষ করলেসেই পাট ফসলে আগাম,Positive
কোনো পরিবেশে পাট চাষ করলেসেই পাট ফসলে আগাম বা অপরিপক্ব অবস্থায়,Positive
বৃষ্টিবন্যার সময় যখন চাষিরা আগাম পাট বপন করে উপযুক্ত সময়ের আগেইতখন,Positive
করে উপযুক্ত সময়ের আগেইতখন ওই পাট ফসলের জমিতে ১২ ফুট উচ্চতাসম্পন্ন,Positive
দেশি এবং মধ্য সময়ে তোষা পাট জাত বপন করলে অপরিপক্ব অবস্থায়,Positive
জাত বপন করলে অপরিপক্ব অবস্থায় পাট এর ফুল আসার ঘটনা ঘটতে,Positive
পাট এর দেশি তোষা উভয় জাতই,Positive
ঘণ্টা বা তার নিচে হলেই পাট ফসলে আগাম ফুল আসবে লম্বা,Positive
৩০৩৫ দিন বয়সের যে কোনো পাট গাছে ফুল চলে আসে এরূপ,Positive
এরূপ দিন দৈর্ঘ্যর প্রভাব দেশি পাট এর চেয়ে তোষা পাটে বেশি,Positive
ওপরে চলে যায় তাই দেশি পাট মার্চের শেষ সময় থেকে এবং,Positive
শেষ সময় থেকে এবং তোষা পাট মধ্য এপ্রিল থেকে বপন শুরু,Positive
প্রকৃত অর্থে পাট ফসল কে আগাম বা অপরিপক্ব,Positive
থেকে রক্ষা করতে হলে বিশুদ্ধ পাট জাতের বীজ ব্যবহার করতে হবে,Positive
হলেও মোটামুটি উর্বরতা সমৃদ্ধ জমিতে পাট ফসল চাষ করতে হবে তবেই,Positive
করতে হবে তবেই আমাদের দেশের পাট চাষিদের মানের আশা পূরণ হবে,Positive
এবং অন্যান্য আরও কয়েকটি দেশে পাট এর আবাদ হয় বাণিজ্যিক দিক,Positive
বিশ্ববাজারে এদেশ থেকে প্রায় ৮০% পাট রপ্তানি হতো কিন্তু ১৯৭৫৭৬ সাল,Positive
চাহিদার শতকরা মাত্র ২৫ ভাগ পাট বাংলাদেশ থেকে বাইরে যায় এ,Positive
ও উপউষ্ণমন্ডলীয় বিভিন্ন জলবায়ুর পরিবেশে পাট জন্মে মার্চএপ্রিল ও মে পর্যন্ত,Positive
১৫০০ মিমি বা ততোধিক সেখানে পাট ভাল ফলন দেয়,Positive
পাট চাষের জন্য প্রয়োজনীয় জলবায়ু বাংলাদেশের,Positive
পাটের দ্রুত বৃদ্ধিতে সহায়ক দেশি পাট এর চেয়ে তোষাপাট কিছুটা পরে,Positive
যাওয়ার সম্ভাবনা থাকলে সে জমিতে পাট কিছুটা আগাম বপন করা উচিত,Positive
সময় লাগে ফুল আসার সময়ই পাট কাটতে হয় আঁশ পাওয়া যায়,Positive
বাস্ট বা ফ্লোয়েম স্তর থেকে পাট চাষ শ্রমঘন এবং অধিকাংশ ক্ষেত্রেই,Positive
পাট কাটার পর নির্দিষ্ট সংখ্যক গাছ,Positive
হয় স্বচ্ছ ও মন্দবহ পানি পাট জাগ দেওয়ার জন্য সর্বোত্তম বারো,Positive
শুকানোর পর কৃষকরা স্থানীয় বাজারে পাট বিক্রি করে,Positive
বাংলাদেশের প্রায় সকল জেলাতে পাট উৎপন্ন হলেও ফরিদপুরটাঙ্গাইলযশোরঢাকাসিরাজগঞ্জবগুড়া ও জামালপুরই,Positive
হলেও ফরিদপুরটাঙ্গাইলযশোরঢাকাসিরাজগঞ্জবগুড়া ও জামালপুরই প্রধান পাট চাষ অঞ্চল পাট চাষাধীন মোট,Positive
জামালপুরই প্রধান পাট চাষ অঞ্চল পাট চাষাধীন মোট জমির পরিমাণ প্রায়,Positive
উৎপাদন প্রায় ৪০৩৪৫৮৯ বেল বাংলাদেশ পাট গবেষণা ইনস্টিটিউট এ পর্যন্ত ২৭টি,Positive
পাট ও পাটজাত সামগ্রী বহুল ব্যবহূত,Positive
প্রাচীনকাল থেকে প্যাকেজিংয়ের কাঁচামাল হিসেবে পাট ব্যবহূত হয়ে আসছে বাণিজ্যিক পণ্য,Positive
পাট চাষ নিয়ন্ত্রণের জন্য প্রাদেশিক সরকার,Positive
ডিরেক্টরেট স্থাপন করে এ অধিদপ্তর পাট চাষউৎপাদন এবং চাষ এলাকা নির্ধারণসহ,Positive
চাষউৎপাদন এবং চাষ এলাকা নির্ধারণসহ পাট চাষের জন্য চাষী নির্দিষ্ট করার,Positive
দায়িত্বও পালন করত ১৯৪৯ সালে পাট ব্যবসায় সংক্রান্ত বিষয়াদি তদারকির জন্য,Positive
সামান্য ক্ষারযুক্ত যেকোনো মাটিতেই পাট চাষ করা যায় তবে ভালো,Positive
মাটি ও বেলে দোআঁশ মাটিতেও পাট চাষ করা যায় সাধারণত উঁচু,Positive
ও মাঝারি উঁচু জমিতে মিঠা পাট এবং উঁচু ও নীচু দুরকম,Positive
ও নীচু দুরকম জমিতেই তিতা পাট চাষ করা যায়,Positive
পাট এর বীজ বপন করার আগে,Positive
ফুটের মতো হতে হবে তেতো পাট এর ক্ষেত্রে একর প্রতি আড়াই,Positive
থেকে তিন কেজি এবং মিঠা পাট এর ক্ষেত্রে দেড় থেকে দুকেজি,Positive
পাট গাছে যখন ফুল থেকে ফল,Positive
থেকে ফল ধরে সাধারণত তখনই পাট কাটার উপযুক্ত সময় পাট কেটে,Positive
তখনই পাট কাটার উপযুক্ত সময় পাট কেটে পাতা না ঝরা পর্যন্ত,Positive
পাট শিল্পের প্রচারের জন্য অনেক জনসচেতনতামূলক,Positive
কথা বলা হচ্ছে বিশেষ করে পাট কাঠি জ্বালানি হিসেবেঘর সাজানোর কাজেপূজার,Positive
কাজেপূজার উপাচার হিসেবে ব্যবহৃত হয় পাট গাছের পাতা খাদ্য হিসেবেও বেশ,Positive
ঢাকা বিশ্ববিদ্যালয়বাংলাদেশ পাট গবেষণা ইন্সটিটিউট ও ডেটাসফ্ট সিস্টেম্স,Positive
শেখ হাসিনা বাংলাদেশের জাতীয় সংসদে পাট এর জিনোম অনুক্রম জীবনরহস্য আবিষ্কারের,Positive
পাট একটি বর্ষজীবী ফসল এর জীবনকাল,Positive
১২০ দিন পর্যন্তচৈত্রবৈশাখ থেকে আষাঢ়শ্রবণ পাট বৃষ্টি নির্ভর ফসলবায়ুর আদ্রতা ৬০%,Positive
৬০% থেকে ৯০% এর পছন্দ পাট চাষে কোনো রাসায়নিক সার ও,Positive
হেক্টর প্রতি প্রায় ২ টন পাট এর আঁশঃ পাটের আঁশ নরম,Positive
এবং ১৭২০ মাইক্রণ মোট হয় পাট এর আঁশ প্রধানত সেলুলোজ এবং,Positive
আপেক্ষিক আর্দ্রতায়চৈত্রবৈশাখ মাসের প্রাক বর্ষায় পাট বীজ বোনা হয় জ্যৈষ্ঠ মাসের,Positive
যখননালা ডোবাখালবিলপানিতে ভরে ওঠে তখন পাট কাটা হয় নিকটবর্তী জলাশয়ে পাট,Positive
পাট কাটা হয় নিকটবর্তী জলাশয়ে পাট গাছ জাগ দেয়া হয় পরিবেশের,Positive
হয় পরিবেশের এ সব কিছুই পাট চাষের সাথে নিবীড়ভাবে সম্পর্কিত পাট,Positive
পাট চাষের সাথে নিবীড়ভাবে সম্পর্কিত পাট সম্পূর্ণ বৃষ্টি নির্ভর ফসল,Positive
পাট একটি তন্তুজাতীয় ফসল পশ্চিমবঙ্গ ও,Positive
ফসল পশ্চিমবঙ্গ ও বাংলাদেশ বিশ্বে পাট ফলনে সবচেয়ে এগিয়ে এই দুই,Positive
জায়গারই আবহাওয়া আর কৃষিজমির প্রকৃতি পাট চাষের পক্ষে অনুকূল জলাভূমির পাশে,Positive
চাষের পক্ষে অনুকূল জলাভূমির পাশে পাট চাষ ভালো হয় পাট চাষে,Positive
পাশে পাট চাষ ভালো হয় পাট চাষে উষ্ণতা এবং জলের প্রয়োজনীয়তা,Positive
উষ্ণতা এবং জলের প্রয়োজনীয়তা আবশ্যক পাট পচিয়ে তার থেকে তন্তু নিষ্কাশন,Positive
পাট একটি পরিবেশবান্ধব শিল্প পাট থেকে,Positive
পাট একটি পরিবেশবান্ধব শিল্প পাট থেকে তৈরী হয় দড়িব্যাগসুতোকার্পেটবস্তা ইত্যাদি,Positive
দড়িব্যাগসুতোকার্পেটবস্তা ইত্যাদি বর্তমানে সরকার ব্যাপকহারে পাট শিল্প বৃদ্ধি আর পাটজাতীয় দ্রব্য,Positive
পাট শিল্প বাংলার প্রাচীন শিল্পগুলির মধ্যে,Positive
বাংলার প্রাচীন শিল্পগুলির মধ্যে অন্যতম পাট তন্তু দিয়ে তৈরী বস্তা জিনিসপত্র,Positive
রপ্তানির জন্য খুবই উপযোগী মাঝে পাট শিল্প বেশ ক্ষতিগ্রস্থ হয় পলিস্টার,Positive
পক্ষে ক্ষতিকর তাই বর্তমানে সরকার পাট শিল্পের ওপর জোর দিচ্ছে এবং,Positive
ও অনুদান দিচ্ছে এতে করে পাট চাষি আর পাট শিল্পের সাথে,Positive
এতে করে পাট চাষি আর পাট শিল্পের সাথে জড়িয়ে থাকা মানুষদের,Positive
চিনি গম ইত্যাদি পাট নির্মিত বস্তায় ভোরে পাঠানো হয়,Positive
ব্যাপকহারে ছড়িয়ে পড়ে মার খাচ্ছে পাট শিল্পী এবং চাষিরা তবে সরকারি,Positive
তবে সরকারি সিদ্ধান্ত অনুযায়ী এবছর পাট চাষিদের সাহায্যের হাত বাড়িয়ে দেবেন,Positive
করা হবে এমনটা জানা যাচ্ছে পাট চাষের ওপর জোর দেওয়াতে তাতে,Positive
রয়েছে বিয়ের মরশুমে কনেরা আজকাল পাট তন্তু দিয়ে তৈরী বেনারসি শাড়ী,Positive
হার মানায় এর প্রধান উপাদান পাট তন্তু ও সামান্য অনন্য তন্তুর,Positive
করে তোলে সুন্দর ও মোহময়ী পাট নির্মিত শাড়ীগুলি দামেও বেশ সস্তা,Positive
পাট তিন পর্যায়ে বাজার জাত করা,Positive
হতে একটি বিপনন ব্যবস্থার মাধ্যমে পাট রফতানী করা হয় মার্কেটিং প্রক্রিয়ায়,Positive
নিজের নীড়কে আরেকটু সুন্দর করে পাট করে রাখা তো যায়ই,Positive
পরিচ্ছন্ন ও পাট করে রাখা ঘরের আছে অনেক,Positive
মধ্যে মানসিক উপকারি দিকগুলোই বেশি পাট করে রাখা ঘর মানসিক চাপ,Positive
তাছাড়া পাট ও পরিচ্ছন্ন ঘর আপনার দুশ্চিন্তা,Positive
সুন্দরচিন্তামুক্ত ও ফলদায়ক হয়ে উঠবে পাট ও পরিচ্ছন্ন ঘর আপনার ঘুমকে,Positive
সতেজ ও আত্মবিশ্বাসী এছাড়া আবাসস্থল পাট পরিচ্ছন্ন হওয়ার সবচেয়ে গুরুত্বপূর্ণ উপকারিতাগুলোর,Positive
ঘুম থেকে উঠেই পাট ও পরিচ্ছন্নতার দিকে এক পা,Positive
আপনি আপনার বিছানাটা সুন্দর করে পাট করে ফেলেনআপনার ঘরটির সৌন্দর্যে তা,Positive
থাকবে সেই সাথে আপনার ঘর পাট করার কাজটাকেও নিমেষেই যেন অর্ধেক,Positive
ছিটিয়ে থাকা ছোট ছোট জিনিসপত্রগুলো পাট করে নিতে পারেন আগে যেটা,Positive
অন্য সদস্যদের সাহায্যও আপনি ঘর পাট করার ক্ষেত্রে ভালোই কাজে লাগাতে,Positive
নিজেদের থাকার জায়গা ছিমছামসুন্দর করে পাট করে রাখাটা আপনার জন্য সবচেয়ে,Positive
কোনো জায়গায় গিয়ে আবার সহজে পাট করে নেওয়ার জন্য এই পদ্ধতি,Positive
করানোর চেষ্টা করুন টেবিলটা একটু পাট করে ফেলতে বাড়িতে আলাদা পড়ার,Positive
বসার ঘর আর বারান্দাটা একটু পাট করে নিতে মেহমানদের সামনে সুন্দর,Positive
আনন্দে ভরে দেবে সুন্দর করে পাট করা বারান্দা পড়ন্ত বিকালে মন,Positive
আপনার জীবন আরেকটু সুন্দর আর পাট করে তুলতে সাহায্য থাকবে এদেরও,Positive
জন্যই আপনাকে ঘর সুন্দর করে পাট করে রাখতে হবে এ জন্য,Positive
হবে এ জন্য প্রথমে আপনাকে পাট করতে হবে বিছানা বিছানা হবে,Positive
বেডরুমটা যদি অগোছালো থাকেতাহলে এটিকে পাট করে নিন বেডটাকে সব সময়,Positive
করে নিন বেডটাকে সব সময় পাট করে রাখুন বিছানার চাদর ও,Positive
আর কাঁথাকম্বল এমন একটি ড্রয়ারে পাট করে রাখুনযেখান থেকে এগুলো খুব,Positive
বাইরে ফেলে না রেখে আলমারিতে পাট করে রাখুন,Positive
রান্নার প্রয়োজনীয় জিনিসগুলো বাসনের তাকে পাট করে রাখুন রান্নার ময়লা ফেলার,Positive
করুন এতে করে আপনার রান্নাঘর পাট ও পরিষ্কার থাকবে,Positive
নষ্ট করার জন্য যথেষ্ট তাই পাট করে রাখুন আপনার ঘরটি পাট,Positive
পাট করে রাখুন আপনার ঘরটি পাট করা ঘর হোক আপনার মনের,Positive
আপনার ঘরের আলমারিটা পাট করে নিন কাপড়গুলো এমনভাবে পাট,Positive
পাট করে নিন কাপড়গুলো এমনভাবে পাট করে রাখুন যেন প্রয়োজনের সময়,Positive
নিত্যদিনের ব্যবহার্য কাপড়গুলো আলাদা করে পাট করে রাখুন কোনো অনুষ্ঠানে পরার,Positive
কাপড় হ্যাঙ্গারে ঝুলিয়ে আলাদা করে পাট করে রাখতে পারেন,Positive
জুতার তাকে পাট করে রাখার ক্ষেত্রে আলাদা আলাদা,Positive
ক্ষেত্রে আলাদা আলাদা তাকে জুতাগুলো পাট করে রাখুন যেমন আফিসে পরার,Positive
আফিসে পরার জুতা আলাদা তাকে পাট করে রাখুন তেমনি বাইরে পরার,Positive
বাইরে পরার জুতাও আলাদা করে পাট করে রাখুন যেন প্রয়োজনে সহজেই,Positive
সুন্দর করে পাট করে নিন আলমারি আপনার প্রয়োজন,Positive
থাকে ভাগ করে পোশাক সাজিয়ে পাট করে রাখুনখুঁজতে সুবিধা হবে দৈনন্দিন,Positive
পার্টিতে পরার জামাকাপড় আলাদা করে পাট করে রাখুন ড্রেসিং টেবিলে খুব,Positive
না রোজের আবশ্যিক জিনিসগুলি টেবিলে পাট করে রেখে বাকি সব চালান,Positive
হরেক প্রজাতির গাছ বারান্দায়ঘরের কোণে পাট করে রাখা যায় অনায়াসে এমন,Positive
রান্নাঘরেও বারান্দার দেওয়ালে রংবেরঙের পাত্রে পাট করে ঝুলিয়ে রাখা যায় ছোট,Positive
নিতে হয় আমাদেরই আমরা স্বভাবতই পাট পরিচ্ছন্নপরিপাটি এবং সুন্দর কিছু দেখতে,Positive
সুন্দর কিছু দেখতে অভ্যস্ত বাসাবাড়ি পাট করে সাজানোগোছানো থাকবেএটা আমরা সবাইই,Positive
প্রয়োজন তা হলো নিজের বিছানা পাট করে দিন শুরু করা আমাদের,Positive
ঘরের মধ্যে বিছানা সুন্দর করে পাট করা থাকলে পুরো ঘরকেই পরিপাটি,Positive
থাকতে দেখা যায় ছোটখাটো জিনিসগুলো পাট করে হাতের নাগালে রাখার ক্ষেত্রে,Positive
না রেখে যাতে জুতোর তাকে পাট করে রাখে সেই অভ্যাস গড়ে,Positive
দিন এতে ওর নিজের ঘর পাট করে রাখার উৎসাহও বাড়বে,Positive
বইখাতা আলাদা তাকে সুন্দর করে পাট করে রাখুন বাচ্চার ঘরে একটা,Positive
একটা তাকে গল্পের বই সাজিয়ে পাট করে রাখতে পারেনএতে অবসর সময়ে,Positive
গল্পের বই পড়ার উৎসাহ বাড়বে পাট করে রাখা ঘর দেখতেও সুন্দর,Positive
অভ্যাস গড়ে তুলুনএতে আপনার ঘর পাট করে রাখতেও সুবিধা হবে ঘরে,Positive
মেটিরিয়াল রাখুন কালার কোড মেনেও পাট করে সাজিয়ে রাখতে পারেন এ,Positive
সাজিয়ে রাখতে পারেন এ ভাবে পাট করে রাখা অভ্যাস করালে বাচ্চা,Positive
করালে বাচ্চা বড় হলে নিজেই পাট করে রাখবে যে বই বাচ্চা,Positive
নিজের থাকার ঘরটাকে পরিষ্কার করে পাট করে রাখা তার জন্য কিছু,Positive
কিছু নিয়ম মেনে চললেই ঘর পাট করে রাখা আরও সহজ হয়ে,Positive
পরিষ্কার করতে হবে এছাড়া ঘরকে পাট পরিচ্ছন্ন রাখার জন্য কিছু টুলস,Positive
করা যেতে পারেএতে করে ঘর পাট ও পরিষ্কার রাখা আরও সহজ,Positive
ছোট বড় চামচ গুলো ড্রয়ারে পাট করে রাখতে পারবেন আকার অনুযায়ী,Positive
করে রাখতে পারবেন আকার অনুযায়ী পাট করে রাখুন খুঁজে পেতে সুবিধা,Positive
ফিরেই দেখলো মা তার আলমারিতে পাট করে রাখছে তার জামাকাপড়গুলো বিছানায়,Positive
নতুন একটা জামা বেশ সুন্দরঝলমলে পাট করে রাখছে মা সব জামাকাপড়গুলো,Positive
সরস্বতী পুজোর সকাল পাট ভাঙা শাড়ীপাঞ্জাবি পরে শিশুকিশোরকিশোরীআর যুবকযুবতীদের,Positive
যেন রাস্তায় মেতে উঠেছে উৎসবে পাট করা জামাকাপড়ে কেউ কেতাদুরস্তকেউ বা,Positive
গোছাতে গিয়ে তিনি তার সযত্নে পাট করা লাল বেনারসিটি দেখেনমনে পরে,Positive
তুলতে ব্যস্ত মেয়ের দল আজও পাট করা বেনারসির ভাঁজে ভাঁজে যেন,Positive
শুরু করে ফেললো সাফাই অভিযান পাট করে জামা কাপড় রাখতে থাকলো,Positive
বাড়িয়ে দিতে সবটা দুই ভাইবোনের পাট করে গুছিয়ে ফেলতে সময় লাগলো,Positive
লেক গার্ডেন্স এর শশুড়বাড়ির আলমারিতে পাট করা শাড়ীগুলো যেন বড্ড অনাদরে,Positive
তার খুব প্রিয় জামদানি শাড়ীটা পাট ভেঙে পড়েছে সাথে জুই ফুলের,Positive
