Sentences,Emotion
পুলিশ কমিশনার কি মূক ও কালা রাজ্যের মূল প্রশাসনিক ভবন হল,Negative
পারলাম না আমি নাকি তোমরা কালা না কালা তোমরা নও তোমরা,Negative
আমি নাকি তোমরা কালা না কালা তোমরা নও তোমরা শুনতে পাও,Negative
যে নিজের স্বার্থ শেষ হলেই কালা ও মূকে পরিণত হয় সে,Negative
গেলো তো শুনতে পাস না কালা নাকি,Negative
দিক পূর্ণ হৈল কম্পিত ধরণী কালা হইল কণ কিছু নাহি শুনি,Negative
সমস্যা বাড়তে থাকলে যেকোনো সময় কালা হয়ে যাবেন একবার কালা হয়ে,Negative
সময় কালা হয়ে যাবেন একবার কালা হয়ে গেলে শ্রবণ শক্তি আর,Negative
সুরেশের বউটা কালা বলে সুরেশের বড্ডো রাগ তার,Negative
তো একদম শুনতে পায় না কালা হয়ে গেছে পুরো,Negative
পুজোর জন্য ফুল আনতে বললে কালা মালতি নিয়ে এলো কুল সেই,Negative
রাগে গজ্গজ্ করতে লাগলো এই কালা মেয়েমানুষটাকে নিয়ে যে কি করি,Negative
বেড়ে দেওয়ার ক্ষেত্রেই হোক মালতি কালা হওয়ার দুরুন সবেতেই ভুল করে,Negative
দুরুন সবেতেই ভুল করে এমন কালা হয়েছে সে ঠিক মতো কিছু,Negative
চায় না মানে ও যে কালা সেটা লোকের কাছে ঢাকতে চায়,Negative
ঢাকতে চায় ভাবে ও যে কালা সেটা জানতে পারলে বুঝি লোকে,Negative
পূরণ করতে পারবে না সেটা কালা মালতি ভালো করেই জানে তাছাড়া,Negative
আছে গ্রামীণ মানুষ ও বলে কালা হয়ে থাকবো তাও ভালো কিন্তু,Negative
রমেশের ছোট ভাইটা কালা বলে রমেশ ওকে খুব হেয়,Negative
হেয় করে ছেলেটা ছোট থেকেই কালা ছোটবেলায় অনেক ডাক্তার দেখানো হয়,Negative
সাধ্যর বাইরে নইলে কি আর কালা ছেলেকে এইভাবে বিনা ট্রিটমেন্টে ফেলে,Negative
গরিব ঘরে কানা কালা সন্তান জন্মারোর জ্বালা অনেক এটা,Negative
ছেলেটি কালা হওয়ায় তাকে লেখাপড়া শেখানোও অসম্ভব,Negative
শেখানোও অসম্ভব হয়ে পড়েছে কানা কালা ছেলেমেয়েদের লেখাপড়া শেখানোর স্কুল গ্রামে,Negative
যে শহরে এসে ওই কানা কালা দের স্কুলে তাদের ছেলেকে ভর্তি,Negative
অগত্যা কালা ছেলেকে আপাতত লেখাপড়া না শেখানো,Negative
বেশি টাকা উপার্জনের জন্য যাতে কালা ছেলেকে নিয়ে শহরে আসতে পারে,Negative
করে হাসপাতাল কোনও সরকারি দফতরেই কালা ও কানাদের ভাষা বোঝার জন্য,Negative
হওয়ার কথা ছিল পশ্চিম বর্ধমানের কালা ও কানাদের,Negative
করতে পারলেন না কানা ও কালা শনিবার ছিল আন্তর্জাতিক সাইন ল্যাঙ্গুয়েজ,Negative
প্রায় ২০০ জন মূক ও কালা চতুর্থ শনিবার হওয়ায় বন্ধ ছিল,Neutral
জেলাশাসক এস পুন্যবালম তিনি জানান কালা ও কানাদের ডেপুটেশনের ওই কর্মসূচির,Neutral
কালা না কি শুনতে পাওনি এই,Neutral
এই ইয়ারফোনের জন্য আপনি পুরোপুরি কালা হয়ে যেতে পারেন,Neutral
অনেকটা সময় কানে থাকে হেডফোন কালা তো হবেনই নষ্ট হবে ব্রেন,Neutral
এখনও এই রকম করলে ও কালা হয়ে যেতে পারে সেক্ষেত্রে বিপদ,Neutral
সমস্যা হতে পারে এমনকি আপনি কালা ও হয়ে যেতে পারেন,Neutral
একসময় টা লোপ পায় অর্থাৎ কালা হয়ে যায় মানুষ এছাড়াও অন্যান্য,Neutral
নীচে গালে কপালে রয়েছে অপ্রত্যাশিত কালা দাগছোপ এই দাগছোপ যেন পিছু,Neutral
ঘরোয়া উপায় যা আপনার ত্বকের কালা দাগছোপ দূর করে মুখশ্রীকে উজ্জ্বল,Neutral
অনেকের মুখেই বিভিন্ন কারণে কালা দাগ মেস্তা ও ছোপ ছোপ,Neutral
চলুন জেনে নেই মুখের এই কালা দাগ দূর করার কয়েকটি সহজ,Neutral
অনেকের মুখে দেখা যায় কালা ছোপ ছোপ দাগ যা অনেক,Neutral
উপায় কিন্তু আছে মুখের এসব কালা দাগ দূর করার ৩ টি,Neutral
যা এ জাতীয় ব্রণ ও কালা দাগ হলে প্রথম থেকেই সতর্কতা,Neutral
ব্যবহারের ফলে ঠোঁট ধীরে ধীরে কালা হতে থাকে এবং সূর্যের ক্ষতিকর,Neutral
সূর্যের ক্ষতিকর রশ্মিও আমাদের ঠোঁট কালা করতে ভূমিকা রাখে এছাড়া নানান,Neutral
ভেসে আসে সাদা খয়েরি লালচে কালা ছোপ ছোপ অথবা হলদেটে রংয়ের,Neutral
রংয়ের কিন্তু আয়াম সেমানি একেবারে কালা মুরগি,Neutral
তুমি বন্ধু কালা পাখি আমি যেন কি বসন্ত,Neutral
তোমায় বলতে পারিনি সাদা সাদা কালা কালা রং জমেছে সাদা কালা,Neutral
বলতে পারিনি সাদা সাদা কালা কালা রং জমেছে সাদা কালা হইছি,Neutral
কালা কালা রং জমেছে সাদা কালা হইছি আমি মন পাগলা বসন্ত,Neutral
ভেসে আসে সাদা খয়েরি লালচে কালা ছোপ ছোপ অথবা হলদেটে রংয়ের,Neutral
সেমানি নামের এই মুরগিটি একেবারে কালা এর গোটা শরীর কালা মেঘ,Neutral
একেবারে কালা এর গোটা শরীর কালা মেঘ কালা আঁধার কালা কৃষ্ণ,Neutral
এর গোটা শরীর কালা মেঘ কালা আঁধার কালা কৃষ্ণ কালা বিশ্বের,Neutral
শরীর কালা মেঘ কালা আঁধার কালা কৃষ্ণ কালা বিশ্বের মধ্যে শুধুমাত্র,Neutral
মেঘ কালা আঁধার কালা কৃষ্ণ কালা বিশ্বের মধ্যে শুধুমাত্র ইন্দোনেশিয়াতেই পাওয়া,Neutral
এর গায়ের সব কিছুর রং কালা,Neutral
তৈরি একটি গ্রিডের মধ্যে ১২টি কালা স্পট রয়েছে বেশিরভাগ মানুষ খালি,Positive
বেশিরভাগ মানুষ খালি চোখে এই কালা স্পটগুলো এক সাথে দেখতে পান,Positive
চোখের নিচের কালা দাগ মুখের সৌন্দর্যের অনেকটাই কমিয়ে,Positive
অনেকেই ঘাড়ের ত্বক কালা হওয়ার সমস্যায় ভুগে থাকেন সূর্যরশ্মি,Positive
যাওয়া ইত্যাদি কারণে ঘাড়ের ত্বক কালা হতে পারে,Positive
কালা রঙের গাড়ি অনেকেরই প্রথম পছন্দ,Positive
গাড়ি অনেকেরই প্রথম পছন্দ কিন্তু কালা গাড়ি কেনার আগে কয়েকটি কথা,Positive
ভাল হালকা রঙের গাড়ির থেকে কালা রঙের গাড়ি চালানোতে কিছু অসুবিধা,Positive
কালা গাড়ি সূর্যালোক বেশি শোষণ করে,Positive
ইন্টিরিয়র বেশি গরম হয় সেক্ষত্রে কালা গাড়ি ব্যবহারে খানিক অসুবিধা হয়,Positive
কালা গাড়িতে সামান্য ধুলো পড়লেও বোঝা,Positive
কালা গাড়ি খুব ছোট আঁচড়ও চোখে,Positive
ছোট আঁচড়ও চোখে পড়ে ফলে কালা গাড়ির যে কোনও খুঁত ঢেকে,Positive
কোনও খুঁত ঢেকে রাখতে হয় কালা গাড়ির ঔজ্জ্বল্য বজায় রাখতে কিছুদিন,Positive
আপনি যদি এখন একটা কুঁচকুঁচে কালা বিড়াল পোষেন তখন আপনাকে জ্ঞান,Positive
মনে করেন যদি আপনার বাড়িতে কালা বিড়াল চলে আসে তবে সেটাকে,Positive
সেটাকে খুবই অশুভ বাড়িতে একটি কালা বিড়ালের আগমন নেতিবাচক শক্তির উপস্থিতি,Positive
নির্দেশ করে আবার বলা হয় কালা বিড়াল ঘরে আসার সঙ্গে সঙ্গে,Positive
সঙ্গে তার পথ অতিক্রম করা কালা বিড়াল আপনার সঙ্গে ধাক্কা খেলে,Positive
যদিও কালা বিড়ালকে অনেক পশ্চিমা সংস্কৃতিতে অশুভ,Positive
হিসাবে বিবেচিত হয় উদাহরণস্বরূপ স্কটল্যান্ডে কালা বিড়ালগুলিকে সৌভাগ্য বলে মনে করা,Positive
করা হয় রিটার বলেছেন জাপানেও কালা বিড়ালকে শুভ বলে মনে করা,Positive
পর যদি আপনি হঠাৎ একটি কালা বিড়াল দেখতে পান তবে এটি,Positive
করতে পারেন আবার যদি কোনও কালা বিড়াল কোনও ব্যক্তির বাড়িতে গোপনে,Positive
করা হয় যদি কোনও ব্যক্তি কালা বিড়ালদের একে অপরের সঙ্গে লড়াই,Positive
পরিবারের সদ মধ্যে দূরত্ব বাড়লেও কালা বিড়ালকে যদি ডান দিকে একদিকে,Positive
ইঙ্গিত দেয় তবে যদি স্বপ্নে কালা বিড়াল দেক্যলে তার সম্ভবনা বাড়ে,Positive
একবার তার দাস গ্যালিন্থিয়াসকে একটি কালা বিড়ালে রূপান্তরিত করেছিলেন গ্যালিন্থিয়াস জাদুবিদ্যার,Positive
আপনি সম্ভবত শুনেছেন যে একটি কালা বিড়াল আপনার পথ অতিক্রম করলে,Positive
এটি দুর্ভাগ্যজনক যদিও এই সাধারণ কালা বিড়ালের পৌরাণিক কাহিনীর উৎপত্তি অনিশ্চিত,Positive
সাথে সম্পর্কিত হতে পারে একটি কালা বিড়ালের ধূর্ত চলাফেরা কিছু কুসংস্কারাচ্ছন্ন,Positive
হাত দেখান কে একটি কালা বিড়াল তাদের পথ অতিক্রম করেছে,Positive
দুর্ভাগ্যের জীবন ধ্বংস হয়ে গেছে কালা বিড়ালদের খারাপ র‍্যাপ করা উচিত,Positive
আসলে কালা বিড়ালরা অনেক সংস্কৃতিতে সৌভাগ্য বলে,Positive
বিবেচিত হয় স্কটল্যান্ডে একটি অদ্ভুত কালা বিড়াল আপনার দোরগোড়ায় আসা ভাগ্যের,Positive
দোরগোড়ায় আসা ভাগ্যের ব্যাপার জাপানে কালা বিড়াল অবিবাহিত মহিলাদের স্যুটর খুঁজে,Positive
স্থাপনকারী ডাইনিদের বিশ্বাস করত যারা কালা বিড়ালের রূপ নিতে পারে এটি,Positive
জাদুকরী নয় বার পর্যন্ত একটি কালা বিড়ালের আকার পরিবর্তন করতে পারে,Positive
থাকতে পারে আজকের পপ সংস্কৃতিতে কালা বিড়ালদের প্রায়ই ডাইনি বা ডাইনির,Positive
এই নয় যে আপনি একটি কালা বিড়াল গ্রহণ করা থেকে দূরে,Positive
কপালে একটা কালা টিপ পড়ো আর সঙ্গে কাঁচের,Positive
টিপ পড়ো আর সঙ্গে কাঁচের কালা চুরি আর গায়ে কালা রঙের,Positive
কাঁচের কালা চুরি আর গায়ে কালা রঙের চুড়িদার এই মায়াবী রাত,Positive
জলে গিয়াছিলাম সই কালা কাজলের পাখি দেইখা আইলাম কই,Positive
যশোধা ও গোপীরা ভালো বেশে কালা বলে ডাকতেন কালাএর কালো মুখের,Positive
দ্বাপর যুগ তখন কালা অর্থাৎ কৃষ্ণ জন্ম নিলো দেবকী,Positive
বাল্যকাল কাটে এই গোকুলেই যশোদা কালা এর প্রতি অনেক স্নেহপরায়ন ছিলেন,Positive
থেকেই অপুরূপ শোভায় সজ্জিত এই কালা গায়ের রং কালো হলেও কালাএর,Positive
শিশু সর্বশক্তিমান ভগবান শ্রীকৃষ্ণ অর্থাৎ কালা পুতনা রাক্ষসীর স্তন পান করার,Positive
কাহিনী অনুসারে কৃষ্ণ অর্থায় ছোট্ট কালা তার বন্ধুদের সঙ্গে যমুনার পাড়ে,Positive
ভয়ে যেতে পারতো না একদিন কালা সাহস করে জলে নামলেন এবং,Positive
মাথায় উঠে নৃত্য করলেন এখানে কালা শুধু সাহসিকতারই যে পরিচয় দেখিয়েছে,Positive
যে পরিচয় দেখিয়েছে তা নয় কালা যমুনা নদীকে বিষ মুক্ত করেছে,Positive
তাঁকে হত্যা করতে যায় ছোট্ট কালা ওই বিশাল রাক্ষসকে আকাশে উঠিয়ে,Positive
তার কাঁধে নিয়ে আকাশে উঠেছিল কালা এমন ওজন ধরেছিল সে আর,Positive
কার্যকলাপ বন্ধ করতে হয়েছিল শিশু কালা নিজেকে ভারী করলেন এবং তার,Positive
গাছে পরিণত হয়েছিলো পড়ে গোকুলে কালা একটু উদুখলের দ্বারা ওই দুই,Positive
দিয়ে দুই ভাইকে মুক্ত করেছিলেম কালা এর এই বধ হলো কৃষ্ণের,Positive
কালা এর মামা কংস কালাকে হত্যার,Positive
পাঠালে সে বাছুরের ছদ্মবেশে আসে কালা নিজ পরাক্রমতায় বৎসাসুরকে বধ করে,Positive
নিজ পরাক্রমতায় বৎসাসুরকে বধ করে কালা এর এই বধ লোভ ও,Positive
বকাসুর ধূর্ততা ও প্রতারণার প্রতীক কালা অর্থাৎ কৃষ্ণ আমাদের ধূর্ততা ও,Positive
আমাদের মনের কলুষতা নাশ হয় কালা আমাদের মনের পাপকে নাশ জন্ম,Positive
কালা ও বলরামের বয়স তখন পৌগণ্ডে,Positive
দায়িত্ব দেয়া হয়েছে বলরাম ও কালা গোবৎস ও গোপবালকদের সাথে তখন,Positive
তখন বাল্যলীলাবিলাস করছিলেন এমনি একদিন কালা যখন কালাএর পরম সৌভাগ্যশালী সখাদের,Positive
সখা শ্রীদাম সুবল ও স্তোককৃষ্ণ কালা ও বলরামকে সম্মোধন করে গভীরাবেগের,Positive
তোমার বাহুযুগল অত্যন্ত বলিষ্ঠ প্রিয় কালা সমস্ত অনিষ্ঠকারী অসুরদের বিনাশ করতে,Positive
ফলগুলো খেতে পারে না প্রিয় কালা বলরাম সেই অসুরটি একটি গর্দভের,Positive
তাই সেখানে যাওয়া খুবই দুষ্কর কালা বলরাম তোমরাই কেবল সেই অসুরদের,Positive
সেই অসুরদের সংহার করতে পারো কালা ও বলরাম ছাড়া মৃত্যুভয়ে কেউই,Positive
ক্রুদ্ধ ও আক্রোশযুক্ত হয়ে সমবেতভাবে কালা এবং বলরামকে আক্রমণ করল কিন্তু,Positive
এবং বলরামকে আক্রমণ করল কিন্তু কালা ও বলরাম ২ জন সমবেত,Positive
কালা ও বলরামের সেই সুমহৎ কর্ম,Positive
সুন্দর তৃন ভোজন করতে লাগল কালা অর্থাৎ শ্রীকৃষ্ণ এবং বলরামের এই,Positive
শুনে সত্যভামাকে নিয়ে সেখানে যায় কালা এবং সত্যভামা গরুড়ে উঠে নরকাসুরের,Positive
উঠে নরকাসুরের রাজ্য আক্রমণ করেন কালা প্রথমে নরকাসুরের সেনাপতি মুরাসুরকে বধ,Positive
হন অবশেষে সুদর্শন চক্র দ্বারা কালা নরকাসুরকে বধ করেন এবং অদিতির,Positive
পুরাণ অনুযায়ী একদিন কালা বনে প্রাতঃকালীন ভোজন সম্পাদন করবার,Positive
বনের দিকে যাত্রা করেন এইভাবে কালা তাঁর হাজার হাজার বন্ধুদের একত্রিত,Positive
গোবৎস তত্ত্বাবধান করছিল বনভোজনের সম্ভাবনায় কালা ও তার বন্ধুরা সকলেই আনন্দে,Positive
হয়ে উঠেছিল গরু চরাতে চরাতে কালা ও তার বন্ধুরা নানারকম খেলাধুলা,Positive
নরশিশু ভেবে মারতে গিয়ে নিজেই কালা এর হাতে বধ হন কালা,Positive
কালা এর হাতে বধ হন কালা আবারো জয় পাব করে এবং,Positive
করা অসাধারণ সুন্দর বাঁশি বাজাতো কালা সেই বাঁশির আওয়াজ শুনে রাধা,Positive
একটা সুন্দর গল্প আছে একদিন কালা খেলতে খেলতে দেখলেন নদীর পাড়ে,Positive
সুর এতই পছন্দ হয় যে কালা ওই বৃদ্ধের কাছে গিয়ে বাঁশি,Positive
সেই ভাবেই বাঁশিতে ফুঁ দেবে কালা রাজি হয়ে গেলেন শ্রীকৃষ্ণের এমন,Positive
বালক কোনও সাধারণ বালক নয় কালা যখন বাঁশি বাজাতে ব্যস্ত তিনি,Positive
বেড়ে উঠছিল নন্দ রাজার গৃহে কালা তখন সবার আদরের চোখের মণি,Positive
গ্রহণ করেন সেই হেতু দয়াল কালা সেই মকর মাছ কে সব,Positive
বলা হয় এক মনোরম পরিবেশে কালা দুপুর বেলা নিজের মনে বাঁশি,Positive
গুরুদক্ষিণা হিসেবে দান করে ময়ূররা কালা খুব আনন্দের সাথে এই উপহার,Positive
কালা অর্থাৎ শ্রীকৃষ্ণ হলেন সনাতন হিন্দুধর্মে,Positive
তাঁর জন্মোৎসব পালন করা হয় কালা প্রেমের প্রতীক কুরুক্ষেত্রের যুদ্ধক্ষেত্রে অর্জুনের,Positive
শ্রীমদ ভগবদগীতায় পরিণত হয়েছিল সেখানে কালা বলেছিলেন কোনও শর্ত ছাড়াই ভালবাসা,Positive
