Sentences,Emotion
শোন রাজদীপ তোর কুৎসিত ছোট মনটা নিয়ে আমার সাথে আর,Negative
এ ফেল করেছিস শুনলাম তোর ছোট মন নিয়ে জীবনে কিচ্ছু করতে,Negative
ধাক্কা দিয়ে ফেলে দিলি এতো ছোট নজর তোর ছিঃ তোকে বন্ধু,Negative
মানবতা বোধ নেই তোর এরকম ছোট মন নিয়ে তুই তো জীবনে,Negative
ভালো মনে হবে তাই করবা ছোট মানুষ হওয়া মজার আর আনন্দেরকিন্তু,Negative
মানুষ হওয়া মজার আর আনন্দেরকিন্তু ছোট মনের মানুষ হওয়া অপমানের আর,Negative
আমারই সমস্যা হয়ত ...মনটাই হয়ত ছোট হয়ে গেছে,Negative
উঠতে গিয়ে তাদের মানষিকতা এতটাই ছোট করে ফেলেছে এখন যেনতেন কারনেই,Negative
তার নগ্ন চরিত্রের নির্লজ্জ মানষিকতা ছোট বড় সকলেই দেখতে পাচ্ছে,Negative
ভিকদলের ছোট মনের মানুষ নির্বাচনে কাল সন্ত্রাস,Negative
ভালো মনে হবে তাই করবা ছোট মানুষ হওয়া মজার আর আনন্দেরকিন্তু,Negative
মানুষ হওয়া মজার আর আনন্দেরকিন্তু ছোট মনের মানুষ হওয়া অপমানের আর,Negative
আমাদের মন মানসিকতা এতোটাই ছোট হয়ে গেছে যেবাইরে থেকে দেখেই,Negative
ছেলে রোড এক্সিডেন্টে মারা গিয়েছে ছোট মনের এক আত্মীয় হুট করে,Negative
মারা গেছে...এসেছে লিপস্টিক ঠোঁটে লাগিয়ে ছোট মন বলবো না কেনো উনি,Negative
থেকে বের হওয়ার সময় মেয়েটা ছোট ভাইকে সিগারেট খাওয়ার জন্য থাপ্পড়,Negative
যাওয়ায় ভুলে গেছে বলছি না ছোট হয়ে গেছে মানুষের মন অতি,Negative
হয়ে গেছে মানুষের মন অতি ছোট হয়ে গেছে,Negative
ভালো লাগে পুরোটা না জেনে ছোট মানসিকতা নিয়ে হুট হাট করে,Negative
ভালোই মানিয়েছে রে নজর এতোটা ছোট হয়ে গেছে যে কি বলবো,Negative
আজ চাকরির প্রোমোশন হয়েছে বলে ছোট ভাইয়ের সামর্থ্য অনুযায়ী ঐ ফুলটাই,Negative
চিন্তাধারা মন মানসিকতা দিনদিন আরো ছোট করে ফেলছি,Negative
কেউ আপনাকে ছোট করে কথা বলে আনন্দ পেলে,Negative
শরীর পরিষ্কার রেখে মানসিকতা যার ছোট সে নিজেই নোংরা যদি আমরা,Negative
পরিষ্কার করার বদলে কিছু মানুষের ছোট মন পরিষ্কার করতে পারতাম আমাদের,Negative
আমাদের কাজ সার্থক হতো মানসিকতা ছোট হলে যতই অট্টালিকায় থাকোবাইরেটা ঘষে,Negative
ছোট তার জামা নয় ছোট মানসিকতা,Negative
ছোট তার জামা নয় ছোট মানসিকতা তোর ব্যবহারটা তার খারাপ,Negative
ছিঃ এত ছোট মন তোমার বয়স তো কম,Negative
বিশ্বাস করেন না তাদের মন ছোট হওয়াই স্বাভাবিক কারণ তারা মনে,Negative
বেশিরভাগ মানুষের মন মানসিকতা কেন ছোট হয় নিজেকে বড় ভাবতে ভাবতে,Neutral
বড় ভাবতে ভাবতে নিজের মনমানসিকতা ছোট হয়ে যাচ্ছে কম বেশি আমরা,Neutral
অন্যকে ছোট করার মানসিকতা আজকাল মানুষের মধ্যে,Neutral
ছেলেমেয়েদের মন মানসিকতা দিন দিন ছোট হয়ে যাচ্ছে গুরুজনদের শ্রদ্ধা করা,Neutral
লাগে এদের ভবিষ্যৎ অন্ধকার এই ছোট মন নিয়ে জীবনে কখোনো উন্নতি,Neutral
দিনকে দিন তোর আচরণ আরো ছোট হয়ে যাচ্ছে সামান্য একটা হার,Neutral
করলে কি হবে নজরটা একদম ছোট,Neutral
বদলাতে পারলে না তোমার এই ছোট মানসিকতাকে আমি জানি ভালোবেসে যেই,Neutral
যায়না গো অবশ্য তোমার মতো ছোট মনের মানুষ সেটা বুঝবে না,Neutral
একটু বড় চিন্তাভাবনা করতে হয় ছোট মানসিকতা নিয়ে বড় সিদ্ধান্ত নেওয়া,Neutral
ব্রিগেনজা তিনি পালটা লেখেন কী ছোট মানসিকতা তোমারতাও এত কম বয়সেএকটু,Neutral
আর্য মানে আমার ছোট ভাই বরাবরই আমার খুব ন্যাওটা,Neutral
ভাইফোঁটায় বড্ডো মন খারাপ লাগছে ছোট ভাইটা বাড়ি নেই বিদেশে পড়াশোনা,Neutral
ডিসেম্বরে আমার বান্ধবী কবিতার ছোট পিসির বিয়ে ক্লাস ৫ থেকে,Neutral
পরিবার এর একজন হয়ে গেছি ছোট পিসি অবশ্য আমার অংকের গৃহশিক্ষকও,Neutral
এক সপ্তাহ আগে পাঠিয়ে দেবেন ছোট পিসির বিয়েতে কি পড়বো কিভাবে,Neutral
পরিণতি পেয়েছে অভিনেতা অনিল কাপুরের ছোট মেয়ে রিয়া কাপুরের ১৩ বছরের,Neutral
ভিতর থেকে তোলা ছবিতে সোনমের ছোট বোনের সাধারণ সাজ দেখে হতবাক,Neutral
চমকে দিলেন ফ্যাশনিস্তা সোনমের প্রযোজক ছোট বোন বুঝিয়ে দিলেন সাজগোজ ও,Neutral
সেরে হাতে খড়ি দিলেন তাঁর ছোট কন্যার এ ছাড়াও বঞ্চিত চাকরিপ্রার্থীদের,Neutral
অন্য মেজাজে আজ ছিল তাঁর ছোট মেয়ের হাতেখড়ি বছর দুয়েকের একরত্তি,Neutral
ছোট মেয়ের শ্বশুরবাড়িতে মায়ের রহস্যমৃত্যুরাজনৈতিক কারণে,Neutral
জেলা হাসপাতালে পাঠিয়েছে ঘটনায় হতবাক ছোট মেয়ে দেবযানী সর্দার স্থানীয় ও,Neutral
থাকতেন অপারেশনের পর কিছুদিন হল ছোট বোনের বাড়িতে এসে উঠেছিল এদিন,Neutral
খুন করা হয়েছে হয়তো আমার ছোট বোনকে খুন করতে এসে মাকে,Neutral
ছোট মেয়ে ছায়ার বিবাহবার্ষিকীতে শুভেচ্ছাএকগুচ্ছ স্মৃতি,Neutral
বিবাহবার্ষিকীতে শুভেচ্ছাএকগুচ্ছ স্মৃতি শেয়ার রবিনার ছোট মেয়ে ছায়ার ষষ্ঠ বিবাহবার্ষিকীতে তাঁর,Neutral
ছোট মেয়েকে আর ফিরে পাব না...সুতপাকে,Neutral
মানছিল না চোখের জল আদরের ছোট মেয়েকে আর ফিরে পাব না,Neutral
স্বাধীন চৌধুরী দুই মেয়ের মধ্যে ছোট সুতপা অত্যন্ত বাবা ঘনিষ্ঠ ছিল,Neutral
সন্স গোষ্ঠীর চেয়ারম্যান রতন টাটার ছোট ভাই অথচ তিনি না কি,Positive
আমার ছোট পিসি একটা খুব সুস্বাদু কুলের,Positive
করে আচার করে দিয়ে যায় ছোট পিসি প্রতিবছর বাজারে পাকা কুল,Positive
জলোচ্ছ্বাসের মধ্যেই জীবনের ঝুঁকি নিয়ে ছোট ভাইকে জাপটে ধরে রাখেন তিনি,Positive
সাইকেলে চড়তে পারছে না ছোট বোনসমস্যার সমাধানে হাজির বড় দিদি,Positive
পিঠে ভর দিয়ে সাইকেলে চড়েছে ছোট বোন এখানেই শেষ নয় বোন,Positive
মেদিনীপুর স্পোর্টস ডেভেলপমেন্ট অ্যাকাডেমির মাঠেই ছোট ছোট বোনেদের নিরাপত্তা ও সুরক্ষার,Positive
স্পোর্টস ডেভেলপমেন্ট অ্যাকাডেমির মাঠেই ছোট ছোট বোনেদের নিরাপত্তা ও সুরক্ষার কামনা,Positive
অন্যের শরীরে বেঁচে থাকুক ছোট বোনব্রেন ডেথের পর অঙ্গ প্রতিস্থাপনে,Positive
করা হচ্ছেবিপ্লবী শহীদ ভগত সিংএর ছোট বোন প্রকাশ কর সম্প্রতি মারা,Positive
লেখা হয়েছেবিপ্লবী ভগৎ সিং এর ছোট বোন প্রকাশ কর ১৬ বছর,Positive
বিভ্রান্তিকর বিপ্লবী শহীদ ভগত সিংএর ছোট বোন প্রকাশ কর ২০১৪ সালে,Positive
জীবন বাড়িতেও খেলার সাথী সেই ছোট বোন অনশুলাই তার শাসনেতার আদরেই,Positive
তিনি তখন কেন্দ্রীয় সরকারের রেলমন্ত্রী ছোট বোনকে নিয়ে তাঁর মা আদ্যাপীঠের,Positive
মাই গোটা ঘটনা ঘুলে বলেন ছোট বোন এখনও বেঁচে রয়েছেন আজও,Positive
ছোট মেয়ের চুল কাটতে ব্যস্ত সুস্মিতা,Positive
ভাইরাল সুস্মিতা সেনের একটি ছবিযেখানে ছোট মেয়ে আলিশার চুল কাটতে দেখা,Positive
ইউপিএসসি পাশ করেছেন সব থেকে ছোট আইএএস অফিসার হয়েছেন তিনি ভারত,Positive
সংবাদ মাধ্যমের মুখোমুখি হয়ে এই ছোট ভাই নওশাদকে এই আমন্ত্রণ জানিয়েছেন,Positive
ওখানকার যিনি বিধায়ক আছেনতাঁকে আমি ছোট ভাই বলি আপনাদের মাধ্যমে তাঁকে,Positive
বুলু ছোট মামা বেশ মজার ও খাদ্যরসিক,Positive
সুন্দরবনে চাকরি করেন আমরাও ওনাকে ছোট মামা বলে ডাকি আমাদেরকে উনি,Positive
ঠাকুর দেখার পরই বুলু বললো ছোট মামা খিদে পেয়ে গেছে তো,Positive
তো এগরোল ফুচকা খাওয়াও না ছোট মামা বললো চ আমারও খিদে,Positive
পেতে সংশ্লিষ্ট ব্যক্তিকে বিনয়ী অর্থাৎ ছোট হতে হয় সিঁড়ি বেয়ে ওপরে,Positive
তেমনই বড় হতে হলে আগে ছোট হতে হয় বড় হওয়ার জন্য,Positive
বড় কিছু করতে হলে প্রথমে ছোট কাজ দিয়ে শুরু করতে হয়,Positive
করে না নিজেকে অন্যের নিকট ছোট হিসেবে প্রকাশ করতে পারলেই জীবনে,Positive
হতে পারে না শুধু যারা ছোট হতে পারেএকমাত্র তারাই বড় হতে,Positive
ছোট অর্থাৎ বিনয়ী হওয়া ছাড়া মানুষ,Positive
মহান করে তোলে তোমার বিনয়ী ছোট স্বভাবের জন্য তুমি সকলের কাছের,Positive
ও সংসারে বড় হতে গেলে ছোট হতে হবে এখানে ছোট মানে,Positive
গেলে ছোট হতে হবে এখানে ছোট মানে নম্রবিনীতভদ্র হওয়াবড়দের প্রতি শ্রদ্ধাশীল,Positive
হতে পান নাসুশিক্ষা মানুষকে স্বভাবে ছোট ও বিনয়ী হতে প্রণোদিত করে,Positive
তিনি বিধায়কদের উদ্দেশ্যে আরও বলেনতোমাদের ছোট ও বিনয়ী স্বভাবের হয়ে জনগণদের,Positive
স্বভাবের দিক দিয়ে যেনো চিরকাল ছোট ও বিনয়ী হতে পারে তা,Positive
না পারতাম না তাঁর মতো ছোট অর্থাৎ বিনয়ী হয়ে প্রধানমন্ত্রীর মতো,Positive
হওয়ার দরকার নেই নম্রভদ্র ও ছোট স্বভাবের হয়ে রামকে নিজের হৃদয়ে,Positive
আরেকজন লিখেছেনআপনার স্বভাবটা পরবর্তিকালেও এরকম ছোট ও বিনয়ী রাখবেনএই জন্যই আপনাকে,Positive
হই বারবার আমাদের বিনয়ী হয়ে ছোট হওয়ার চেষ্টায় পৃথিবীর সবচেয়ে অদ্ভুত,Positive
সত্য হচ্ছে বড় হতে গেলে ছোট হতে হয়ছোট হতে গেলে বড়,Positive
বর্জন করতে পারে এবং স্বভাবে ছোট ও বিনয়ী হতে পারে তারাই,Positive
শিখতে হবে অর্থাৎ আগে স্বভাবে ছোট হতে হবে মানব চরিত্রের বিভিন্ন,Positive
জীবনে বড়ো হতে গেলে আগে ছোট হতে হয় নম্র ভদ্র হতে,Positive
পারে না আরযে ব্যক্তি স্বভাবে ছোট থেকেই বড় হওয়ার কাজগুলো করেএকমাত্র,Positive
মা মরা মেয়ে কল্পনা বরাবরই ছোট ও বিনয়ী স্বভাবের ছোটবেলা থেকে,Positive
বড় হওয়া সহজ নয় জীবনে ছোট অবস্থা থেকে বিনয় ও শ্রম,Positive
সমাজে ছোট হওয়া বা ছোট ব্যক্তিত্ব সম্পর্কে,Positive
সমাজে ছোট হওয়া বা ছোট ব্যক্তিত্ব সম্পর্কে অনেকে ভুল ধারণা,Positive
ধারণা রেখে থাকে অধিকাংশ মানুষ ছোট ব্যক্তিদের দিকে অপেক্ষা বা অসম্পূর্ণভাবে,Positive
