Sentences,Emotion
পাপপাপে মৃত্যু লোকের জিনিসে কখনো চোখ দিতে নেই লোকের জিনিসে চোখ,Negative
চোখ দিতে নেই লোকের জিনিসে চোখ দিলে নিজের যেটুকু আছে সেটুকুও,Negative
যে মানুষ কারোর জিনিসের প্রতি চোখ দেয় সে মানুষ দুনিয়াতে কখনও,Negative
রাস্তা দিয়ে যাচ্ছিলো নিশ্চয়ই কারোর চোখ পড়েছেতাই এরকম পেট খারাপ হয়েছে,Negative
শরীর খারাপ মনে হয় কারোর চোখ পড়েছিল ওর সাজের প্রতি এরকম,Negative
ঘুরতে খাবি না খাবারে কেউই চোখ দিলে কিন্তু শরীর খারাপ হবে,Negative
লিপ্সা থেকেই অন্যের জিনিসের প্রতি চোখ দেওয়ার প্রবণতা বাড়ে মানুষ জীবনে,Negative
যতই ধার্মিক হোক না কেনতার চোখ সামলাতে না পারলে সবই বৃথাসবই,Negative
কারোর জিনিসের প্রতি চোখ দেওয়া আপনার নীচু মানসিকতাকেই প্রকাশ,Negative
আপনারও হবে কিন্তু অন্যের প্রতি চোখ দিয়ে বসে থাকলে আপনার কোনোদিনও,Negative
খাওয়াতে নেই কেন না খাওয়ারে চোখ পড়া ভালো লক্ষণ না এতে,Negative
থেকেই ওই সেন্টএর ডিব্বার প্রতি চোখ ছিল ওর কাল ওতো ভিড়ে,Negative
রাখিস না কোনটার প্রতি কার চোখ আছে বোঝা যায় না এতো,Negative
বেশি পাওয়ার লোভএকে অন্যের জিনিসে চোখ দেওয়াএসব লোভের কারণেই আমরা ভুলে,Negative
প্রতিপত্তি প্রয়োজন অন্যের প্রতি এতো চোখ কেন এত লোভএত অহঙ্কার কেন,Negative
কী কাজে আসবে অন্যের প্রতি চোখ থাকলে না পাওয়া যায় দুনিয়ার,Negative
লোভ বা একের অন্যের প্রতি চোখ দেওয়ার প্রতিযোগিতা তোমাদের ভুলের মধ্যে,Negative
মারাত্মক ব্যাধি লোকের প্রতি সীমাহীন চোখ দেওয়া মানুষকে তার সামর্থ্যের বাইরে,Negative
অন্যের জিনিসের প্রতি চোখ থাকা থেকে চুরিডাকাতিছিনতাইচাঁদাবাজিজবরদখলঘুষদুর্নীতিমারামারিহানাহানিসন্ত্রাসবোমাবাজিঅপহরণগুমখুনখারাবিসহ অধিকাংশ সামাজিক,Negative
কারোর কোনো সুন্দর জিনিসের প্রতি চোখ আছে কিন্তু সে সেই জিনিসটা,Negative
একটা পুতুল কিনলো দেখে আপনার চোখ পড়লো তার টাকার ব্যাগতার ওপরব্যাস,Negative
কারোর পৈতৃক সম্পত্তির ওপর আপনার চোখ আছে তাই আপনি পুজোর সময়,Negative
এক্ষেত্রে ওই ব্যক্তিটির প্রতি আপনার চোখ এর জন্য আপনারই ক্ষতিকর হচ্ছে,Negative
থেকে গয়না কেনার সময় কারোর চোখ পড়েছিল ওই গয়না গুলোর ওপর,Negative
দীনেশ দালালের অনেক দিন ধরেই চোখ ছিল এই জমিটার ওপর ভূপতি,Negative
ধরেই ওই কানের দুলটার ওপর চোখ ছিল নীরার কখন ফাঁক বুঝে,Negative
খুব ভুগছে কি জানি কারোর চোখ লাগলো না কি সন্ধ্যা বেলা,Negative
ওর আবার এই সমস্যা কারোর চোখ লাগলেই অসুস্থ হয়ে যায়,Negative
না কি রাস্তায় খেলে কারোর চোখ লেগে গিয়ে ওর শরীর খারাপ,Negative
কেমন জানি মনে হচ্ছে নিশ্চয় চোখ ছিল ওই টাকাটার প্রতি কোনো,Negative
করলো ওরা অন্যের টাকা পয়সায় চোখ দেওয়ার ফলে লোকে আজকের এরকম,Neutral
যাচ্ছে যে ওই টাকাটাএর ওপর চোখ ছিল বলেই তিতির কিডন্যাপ হয়েছে,Neutral
কোনো মানুষের অন্যের জিনিসের প্রতি চোখ থাকাটা তার অজ্ঞানতার পরিচয় দেয়,Neutral
দুঃখের সঞ্চার ঘটায় কারোর জিনিসে চোখ দিলে তা যেমন অন্যের প্রতি,Neutral
আপনার যদি কারোর জিনিসের ওপর চোখ থাকে তাহলে আপনার তার ওপর,Neutral
তার কোনো জিনিসের প্রতি আপনার চোখ থাকলে আপনার তার প্রতি যত্নশীলতা,Neutral
পৃথিবীতে লোভ করেকারোর জিনিসের ওপর চোখ দেয় সেই ব্যক্তির সবকিছুই ধ্বংস,Neutral
চোখ প্রাণীর দর্শনেন্দ্রিয়সংশ্লিষ্ট আলোকসংবেদনশীল অঙ্গ প্রাণিজগতের,Neutral
আলোকসংবেদনশীল অঙ্গ প্রাণিজগতের সবচেয়ে সরল চোখ কেবল আলোর উপস্থিতি বা অনুপস্থিতির,Neutral
এদের মধ্যে মানুষ অন্যতম দুই চোখ একই তলে অবস্থিত এবং একটি,Neutral
করে আবার অনেক প্রাণীর দুই চোখ দুইটি ভিন্ন তলে অবস্থিত ও,Neutral
দৃশ্য তৈরি করে যেমন খরগোশের চোখ,Neutral
বাংলায় চোখ অর্থে চক্ষুনেত্র ও অক্ষি পরিভাষাগুলিও,Neutral
স্বচ্ছকারণ এতে কোন রক্তজালিকা নেই চোখ প্রতিস্থাপন বলতে আসলে কর্নিয়ার প্রতিস্থাপন,Neutral
চোখ হল ভিজ্যুয়াল সিস্টেমের অঙ্গ তারা,Neutral
ফটো প্রতিক্রিয়া ফাংশন সক্ষম করে চোখ আলো শনাক্ত করে এবং এটিকে,Neutral
করে সমাধান করার ক্ষমতা সহ চোখ গুলি দশটি ভিন্ন আকারে এসেছেএবং,Neutral
জটিল অপটিক্যাল সিস্টেম রয়েছে চিত্রসমাধানকারী চোখ মোলাস্কসকর্ডেট এবং আর্থ্রোপডগুলিতে উপস্থিত থাকে,Neutral
জটিল চোখ আকার এবং রং আলাদা করতে,Neutral
যৌগিক চোখ গুলি সন্ধিপদীদের মধ্যে পাওয়া যায়,Neutral
পিক্সেল্যাট ইমেজ বা একাধিক ইমেজপ্রতি চোখ প্রতিস্থাপন করতে পারে প্রতিটি সেন্সরের,Neutral
এবং আলোকসংবেদী কোষ রয়েছে কিছু চোখ ২৮০০০ এর মতো সেন্সর আছেযা,Neutral
যৌগিক চোখ গতিতে অত্যন্ত সংবেদনশীল বেশিরভাগ স্ট্রেপসিপেরার,Neutral
একটি ভিন্ন জিনিস দেখার সঙ্গেসমস্ত চোখ থেকে একটি জড়িত ইমেজ মস্তিষ্কের,Neutral
সরঞ্জামাদি ছিল এবং আরো উন্নত চোখ প্রধান পর্বের ছয়টির মধ্যে পশু,Neutral
প্রেরিত হয় বিশেষত এই ধরনের চোখ প্রায়শই গোলাকার হয়একটি স্বচ্ছ জেল,Neutral
জীবজন্তুর জাতিবিশেষমাছউভচর প্রাণী এবং সাপের চোখ গুলি লেন্সের আকৃতিগুলি অপরিবর্তনীয়এবং লেন্স,Neutral
এগুলিতারা অন্যান্য আর্থপোডযা নরম চোখ আছে তাদের থেকে পৃথক সেরকম,Neutral
চোখ প্রতিস্থাপন বলতে আসলে কর্নিয়ার প্রতিস্থাপন,Neutral
মানব চোখ সাধারণত গোলক আকৃতিরকিন্তু এর আকৃতি,Neutral
পাওয়ার মতো এতো দিকে ভগবানের চোখ পড়েছে বৃদ্ধার ওপর অভাবী এক,Positive
আশীর্বাদ ভগবান হয়তো আমার দিকে চোখ তুলে চেয়েছেন,Positive
ফিরে পেয়ে খুব আনন্দিত ভগবান চোখ তুলে চেয়েছেন আমাদের ভয়ে ও,Positive
সে পাড়া প্রতিবেশীরা বলছেন ভগবানই চোখ তুলে চেয়েছেন তিনিই টাকা পাঠিয়ে,Positive
করেন তুফান কুশমেটে বলেনএতদিনে ভগবানের চোখ পড়েছে একটা ভাল বাড়ি করার,Positive
নদীর বেগের যেন শশীর প্রতি চোখ পড়লো ভুতিরখাল পেরিয়ে ডাঙায় এসে,Positive
দেখো না তোমার প্রতি মালিকের চোখ আছে তোমাকে ভরসা করে চাকরিটা,Positive
অনিমেষের চোখ আছে বলতে হবে তোমার জন্য,Positive
লটারির টিকিট হাতে পেতেই চোখ কপালে উঠলো অমিতের মনে মনে,Positive
অমিতের মনে মনে ভাবছেএতদিনে ভগবানের চোখ পড়েছে ওর প্রতি একেবারে এক,Positive
হয়তো এই দয়ালুতার জন্যই ভবগান চোখ তুলে চেয়েছেন তাই ধীরে ধীরে,Positive
জন্যই হয়তো আজ ভগবান আজ চোখ চেয়েছেন আমাদের প্রতি আর দীনেশবাবু,Positive
যাক এতোদিনে ভগবান চোখ পেড়ে চেয়েছেন অনেক দিন পর,Positive
হয়েছে আজ ভগবান আমাদের দিকে চোখ চেয়েছেনছোট থেকে ও পড়াশুনার ব্যপারে,Positive
মজুরদের কপাল তবে এতদিনে মালিকের চোখ পড়েছে আমাদের ওপর যাক এখন,Positive
প্রবল চেষ্টা দেখে ভগবানেও হয়তো চোখ তুলে চেয়েছেন ওর প্রতি তবে,Positive
আঁকার প্রতি প্রতিমের একটা আলাদা চোখ আছে বড্ডো ভালোবাসে ছেলেটা আঁকাকে,Positive
তুললো বলতে হবে বড় ভাইয়ের চোখ আছে মা মরা ছোট ভাইয়ের,Positive
উঠলো সমীর যাক এতদিনে ভগবান চোখ তুলে চেয়েছেন,Positive
খুলে গেলো এতো দিনে গোপালের চোখ পড়েছে তার প্রতি বিধবা জীবনে,Positive
থ্যালাসেমিয়া তবে তার প্রতি ঈশ্বরের চোখ আছে কঠোর পরিশ্রমে এবং ঈশ্বরের,Positive
করে বাবা এতো দিনে মালিকের চোখ পড়লো আমাদের গরিবদের প্রতি এবারে,Positive
দয়ালু স্বভাবের গরিবদের প্রতি তার চোখ আছে কোনো গরিব ব্যক্তি টার,Positive
এতো দিনে কর্তা বাবুর চোখ পড়েছে আমাদের ওপর এক নয়,Positive
বস্ত্র বিলি করেছেন না লোকটির চোখ আছে বলতে হবে গরিবদের প্রতি,Positive
আগুন জ্বালিয়েছে না এতক্ষনে ভগবান চোখ তুলে চেয়েছেনএ সুযোগ হাত ছাড়া,Positive
হাসপাতালটা মাড়োয়ারিদের হলে কী হবেতাদের চোখ আছে গরিবদের প্রতি নইলে এতো,Positive
এবারে কর্তা বাবুর এতো দিনে চোখ পড়েছে গরিবদের ওপর ঠান্ডায় আগেরবারের,Positive
বড় ব্যবস্যায়ী গরিবদের প্রতি তার চোখ আছে প্রতি বছরই বিভিন্ন গ্রামে,Positive
