Sentences,Emotion
অর্ঘতোর খুব মুখ হয়েছে দেখছি এরকম বাজে আচরণ,Negative
দিলি ছিঃ বড়োদের সাথে এভাবে মুখ লাগায় কেউ এরকম বাজে আচরণ,Negative
থেকে বলছে শুনতে পারছিকেন দুবেলা মুখ শুনতে যাবো বলোতো কাকিমা সবসময়,Negative
খাই বাপুওই কটা টাকার জন্য মুখ শুনে কাজ করতে পারবো না,Negative
বাবা এতো মুখ কিসের রে তোর কথা তো,Negative
দূরএকথা শুনেই রুমি পৃথা কে মুখ করতে লাগলো পৃথা মনে মনে,Negative
আছিস কেন তুই তাবলে এরকম মুখ করবি ওকে এটা মোটেও ঠিক,Negative
চলে এসেছিলো সাথে রথীন কাকাকে মুখ করে গেলোযে কাকা কেন ছেলেকে,Negative
এতো বড়ো সাহস তুই আমায় মুখ শোনাচ্ছিস জানিস আমি তোর কি,Negative
বাবার সাথে ও ঝগড়ার মতো মুখ শোনাতে লাগলো রথীন কাকা আর,Negative
কথায় সবার সামনে আমায় একদম মুখ করবিনা বলে দিচ্ছি খুব খারাপ,Negative
মাথায় সবসময় শয়তানি বুদ্ধি ঘুরছে মুখ তো নয় যেন খৈ ফুটছেঝগড়াতেও,Negative
বোন সেকথা শুনে ঠাকুমাকে একপ্রস্থ মুখ শুনিয়ে চলে গেলো,Negative
বুড়ো মানুষ পেয়ে খুব করে মুখ করছিস তো ভগবান ওপর থেকে,Negative
দিপুভাইতুই আমাকে যত খুশি মুখ শোনাগালি দে না কেনতবু আমি,Negative
ফেলে দিলো দিপুছিঃ ছিঃ কি মুখ এর ভাষা রে তোর আর,Negative
আসছে স্যারেরা শাসন করলেউল্টে তাদেরকেও মুখ শুনিয়ে দিচ্ছে কি যে করি,Negative
ও স্যারকে খারাপ কথা বলে মুখ করতে লাগলো কাজটা যে কতটা,Negative
কথা শোনে বন্ধুদেরও এই বলে মুখ শোনাতে লাগলো যেওর ব্যাপারে কেন,Negative
সবটা বলতে লাগলো অঙ্ক স্যারকে মুখ শোনানোর কথাঅসভ্যতামি করার কথা,Negative
ছেড়ে দাও আর কক্ষনো কাউকে মুখ করবো না কথা দিচ্ছি বাবা,Negative
তুচ্ছ তাচ্ছিলো করতে করতে খামোকা মুখ করতে থাকেন,Negative
সুরে প্রদীপবাবুকে বলেনগরিব বলে অমন মুখ শোনাচ্ছেন বাবু টাকা আজ আছেকাল,Negative
একটা মুচি হয়ে তুই আমাকে মুখ শোনাচ্ছিসতোর এতো বড়ো আস্পর্ধা বলেই,Negative
লাগলোক্ষমা করবেন বাবু আমি আপনাকে মুখ করতে চাইনিচাই ও না আমি,Negative
যত্ন সালফেট ফ্রি ক্লিনজার দিয়ে মুখ পরিষ্কার করুন ঘুম থেকে উঠে,Negative
ঘুম থেকে উঠে এটি আপনার মুখ এর অতিরিক্ত তেল পরিষ্কার করবে,Negative
কটন প্যাডে টোনার নিয়ে সারা মুখ এ লাগিয়ে নিন,Negative
ব্যবহার করতে পারেন এটি আপনার মুখ এর পিএইচ ভারসাম্য রক্ষা করতে,Negative
৩০ সানস্ক্রিন লাগিয়ে নিন রাতেও মুখ পরিষ্কার করে টোনার লাগান তারপর,Negative
মুখ ফর্সা করার ঘরোয়া উপায় এক,Neutral
মিশিয়ে নিন তারপর আপনার পরিষ্কার মুখ এর উপর মিশ্রণটি প্রয়োগ করুন,Neutral
মিশ্রণটি প্রয়োগ করুন মিশ্রণটি আপনার মুখ এ শুকানোর জন্য প্রায় ২০,Neutral
গেলে কুসুম গরম পানি দিয়ে মুখ ধুয়ে ফেলুন,Neutral
মুখ ফুলে যাওয়া কি উত্তরঃ মুখ,Neutral
মুখ ফুলে যাওয়া কি উত্তরঃ মুখ ফুলে যাওয়া হল একটি উপসর্গ,Neutral
রোগ ও অবস্থার কারণে হয় মুখ ফোলা এবং প্রসরিত দেখায় এটি,Neutral
রোগের কারণে দীর্ঘস্থায়ী হতে পারে মুখ ফুলে যাওয়ার কিছু সাধারণ লক্ষণ,Neutral
উপসর্গগুলি হল একনাগাড়ে চুলকানি হওয়াসবসময় মুখ এর উপরিভাবে টান অনুভবফোলা ভাবের,Neutral
মুখ কী করে ধুতে হয় জানেন,Neutral
বিশেষ নিয়ম মনে রাখতে হবেই মুখ ধোয়ার প্রথম নিয়ম হল কখনই,Neutral
হল কখনই গরম জল দিয়ে মুখ ধোবেন না মুখ ধোয়ার জন্য,Neutral
জল দিয়ে মুখ ধোবেন না মুখ ধোয়ার জন্য ঠাণ্ডাঘরের তাপমাত্রা ও,Neutral
নিতে হবে প্রথমে জল দিয়ে মুখ ভিজিয়ে নিতে হবে এবং তারপর,Neutral
আঙুলগুলো গোল করে ঘুরিয়ে ক্লিনজারটি মুখ এর টিজোন ও জোলাইনসহ পুরো,Neutral
এর টিজোন ও জোলাইনসহ পুরো মুখ এ ঘষুন,Neutral
মুখ থেকে ব্রণের দাগ দূর করতে,Neutral
একটি তুলার বলের সাহায্যে তা মুখ এ ৩৪ মিনিট ঘষুন তবে,Neutral
সোডা ও সামান্য পানি মিশিয়ে মুখ এ ২৩ মিনিট ঘষুন এবং,Neutral
কয়েক মিনিট অপেক্ষা করুন এরপর মুখ ধুয়ে ময়েশ্চারাইজার ক্রিম বা অলিভ,Neutral
মুখ থেকে রক্ত পড়ার বেশকিছু কারণ,Neutral
পারেলোকাল ফ্যাক্টর আরেকটি সিস্টেমিক ফ্যাক্টর মুখ এ ক্যালকুলাস আছেনিয়মিত দাঁতের চিকিৎসকের,Neutral
ছাড়া সিস্টেমিক কোনো রোগের কারণেও মুখ থেকে রক্ত পড়তে পারে এক্ষেত্রে,Neutral
মুখ পরিষ্কার করুন ত্বকের জেল্লা বাড়িয়ে,Neutral
বাড়িয়ে তোলার সর্বপ্রথম ধাপই হল মুখ পরিষ্কার করা মুখ থেকে জমা,Neutral
ধাপই হল মুখ পরিষ্কার করা মুখ থেকে জমা সমস্ত ধুলোবালিময়লাতেল পরিষ্কার,Neutral
জরুরি মাইল্ড ক্লিনজার ব্যবহার করে মুখ ধুয়ে নিতে পারেন ফেসওয়াশ দিয়ে,Neutral
ধুয়ে নিতে পারেন ফেসওয়াশ দিয়ে মুখ পরিষ্কারের পর ত্বক এক্সফোলিয়েট করুন,Neutral
ত্বক এক্সফোলিয়েট করুন স্ক্রাব দিয়ে মুখ পরিষ্কার করে নিন এটি মরা,Neutral
জন্যে গলির কোণে ভাবি আমার মুখ দেখাবমুখ ঢেকে যায় বিজ্ঞাপনে একটা,Neutral
জ্বর হলে বা জ্বরের পরে মুখ বিস্বাদ ও তিতা হয়ে যায়,Positive
না বা তেতো লাগে আসলে মুখ এর স্বাদ আর ঘ্রাণের ভিতরে,Positive
জ্বরের পর মুখ তিতা হয়ে আছে এক চামচ,Positive
মধ্যে দুই কাপ স্যুপ খেলে মুখ এর তিক্ততা কমে যায়,Positive
মুখ থেকে বাজে গন্ধ বেরোচ্ছে এটা,Positive
লাগার কথা না আর যাঁর মুখ থেকে গন্ধ হচ্ছে তাঁকে তা,Positive
মুখ সারাদিন তেলতেলে হয়ে থাকা নারীপুরুষ,Positive
মুখ দিয়ে লালা ঝরা অনেকগুলো কারণে,Positive
কারণে হতে পারেঃ ঘুমের মধ্যে মুখ দিয়ে লালা ঝরার অন্যতম একটি,Positive
নাক দিয়ে নিঃশ্বাস না নিয়ে মুখ দিয়ে নেন বিশেষ করে যাদের,Positive
নাক বন্ধ হয়ে যায় তারা মুখ দিয়ে নিঃশ্বাস নিয়ে থাকেন সেই,Positive
বটে নানা রকম রোগের কারণে মুখ ফোলা দেখায়—যার কয়েকটি তো জটিলই,Positive
মনে করে দুর্ভাগ্যবশত অনেকেই ভুলভাবে মুখ ধুয়ে থাকেন ভুলভাবে মুখ ধোয়া,Positive
ভুলভাবে মুখ ধুয়ে থাকেন ভুলভাবে মুখ ধোয়া ত্বকের সমস্যা তৈরি করেযেমন—শুষ্কতাপ্রদাহতেলতেলে,Positive
ভাবব্রণবলিরেখা এসব সমস্যা কিন্তু ভুলভাবে মুখ ধোয়ার কারণেই হয়,Positive
আপনার মুখ ভালভাবে ধুয়ে পরিস্কার রাখুন প্রয়োজনে,Positive
সামর্থ অনুযায়ী ফেস ওয়াশ করে মুখ পরিস্কার করুন এছাড়াও তিল গুড়া,Positive
সাদা তরল পানি ভাসছে সেটি মুখ এ লাগান,Positive
মুখ থেকে দুর্গন্ধ ছড়াচ্ছে মনে হলে,Positive
তখন পান না বন্ধুদের আড্ডায় মুখ খুলতে চান না মুখ এর,Positive
আড্ডায় মুখ খুলতে চান না মুখ এর দুর্গন্ধের অন্যতম কারণ অপরিচ্ছন্নতা,Positive
দুর্গন্ধের অন্যতম কারণ অপরিচ্ছন্নতা প্রত্যেকের মুখ এই প্রচুর জীবাণু রয়েছে পরিষ্কারপরিচ্ছন্নতা,Positive
মিষ্টিজাতীয় খাবার বা পানীয়র কারণে মুখ এ গন্ধ হতে পারে এসব,Positive
ভালো পানি পান করুন পর্যাপ্ত মুখ শুষ্ক হতে দেবেন না কফিকোমল,Positive
কফিকোমল পানীয় এবং অ্যালকোহল কিন্তু মুখ এর শুষ্কতার জন্য দায়ী শুষ্কতা,Positive
ধূমপানের ফলে মুখ থেকে ভীষণ গন্ধ ছড়ায় ধূমপানের,Positive
রোগ এবং কিছু ওষুধের কারণেও মুখ থেকে গন্ধ আসতে পারে ফুসফুস,Positive
অন্যতম নানা রকম প্রচেষ্টার পরও মুখ এর দুর্গন্ধ না কমলে কিংবা,Positive
এবারে রাম পরিহাস বুঝিতে পারিয়া মুখ তুলিয়া সহাস্যে বলিলতুমি বুড়ো বুঝিএকটি,Positive
পড়ে তার ছাপ দেখা যায় মুখ এর উপরও মুখ ম্লান দেখায়জেল্লা,Positive
দেখা যায় মুখ এর উপরও মুখ ম্লান দেখায়জেল্লা হারিয়ে যায় কোনও,Positive
না তার সঙ্গে দূষণ রয়েছে মুখ এর জেল্লা ফিরিয়ে আনতে জোর,Positive
ফেসিয়াল করার আগে মুখ ভালো করে পরিষ্কার করে নিন,Positive
এরপর একটি পরিষ্কার তোয়ালে দিয়ে মুখ মুছে নিন এবার একটি পাত্রে,Positive
দিন এবার এই তুলার প্যাডটি মুখ এ বৃত্তাকার মোশনে ঘষুন আপনি,Positive
এভাবে রেখে তারপর জল দিয়ে মুখ পরিষ্কার করুন,Positive
ধাপে ডিপ ক্লিন করার পর মুখ ভালো করে স্ক্রাব করুন এর,Positive
করুন এবার এই মিশ্রণ দিয়ে মুখ ভালো করে স্ক্রাব করুন এটি,Positive
পারেন এতে তুলোর বল ডুবিয়ে মুখ এ ৩৪ মিনিট ঘষে নিন,Positive
৩৪ মিনিট ঘষে নিন এবার মুখ এভাবে ৫৬ মিনিট রেখে তারপর,Positive
রেখে তারপর ভেজা তোয়ালে দিয়ে মুখ মুছে নিন,Positive
ধরন অনুযায়ী উপাদান নিন তৈলাক্ত মুখ হলে মুলতানি মাটিশুষ্ক ও স্বাভাবিক,Positive
এভাবে রেখে তারপর জল দিয়ে মুখ পরিষ্কার করুন রাতে কাঁচা দুধ,Positive
ঘরোয়া পদ্ধতিতে মুখ এর ব্রণের দাগ দূর করতে,Positive
গুঁড়ার সঙ্গে একটু গোলাপজল মিশিয়ে মুখ এ লাগান এরপর ঠান্ডা পানি,Positive
লাগান এরপর ঠান্ডা পানি দিয়ে মুখ ধুয়ে ফেলুন দিনে দুইবার অ্যালোভেরা,Positive
ফেলুন দিনে দুইবার অ্যালোভেরা জেল মুখ এ লাগান এবং ৩০ মিনিট,Positive
রস মিশিয়ে নিন এই মিশ্রণটি মুখ এ লাগান ১০ মিনিট পর,Positive
মানব শারীরবিদ্যায় মুখ হল পরিপাক নালির প্রথম অংশযা,Positive
গ্রহণ করে মৌখিক শ্লেষ্মাস্তর হল মুখ এর ভিতরের দিকে আবৃত মিউকাস,Positive
প্রথম অংশ হওয়া ছাড়াও মানব মুখ এর অন্যতম প্রধান কাজ হল,Positive
ভাষার অর্থপূর্ণ ধ্বনি সৃষ্টি করতে মুখ এর অন্তর্গত জিহ্বাঠোঁট ও চোয়াল,Positive
২৩ বার স্পর্শ করেন নিজের মুখ অন্যদিকে অফিসে কর্মরতাদের ক্ষেত্রেও দেখা,Positive
গড়ে ১৬ বার করে নিজেদের মুখ এ হাত দিচ্ছেন,Positive
অন্তত ১৯ বার করে নিজের মুখ এ হাত দেন অভ্যাস বসত,Positive
জয়ের অন্যতম উপায় বার বার মুখ এ হাত দেওয়া থেকে বিরত,Positive
শেষ অবধি ডাক্তার হয়ে মাবাবার মুখ রেখেছিল,Positive
মা তো খুব খুশি ছেলে মুখ রেখেছেবাবার স্বপ্নটা পূরণ করেছে,Positive
বললোতুমি খুশি তো বাবাআমি তোমার মুখ রাখতে পেরেছি আমি জানি তুমি,Positive
তুমি আশীর্বাদ করোআমি যেন তোমার মুখ উজ্জ্বল করতে পারি,Positive
ও বিদ্যালয়ের বরিশাল জিলা স্কুল মুখ রাখতে পেরেছি,Positive
ধাপটিতে কাঙ্ক্ষিত ফলাফল পেয়ে বাবামায়ের মুখ উজ্জ্বল করতে পেরেছি এটিই সবচেয়ে,Positive
হবে প্রতিষ্ঠিত হয়ে বাবা মায়ের মুখ উজ্জ্বল করবে তাদের দায়িত্বভারও গ্রহণ,Positive
উচ্চতর ডিগ্রি নেবে এবং প্রতিষ্ঠানের মুখ রাখবে,Positive
প্রতি বছর বিভিন্ন বিষয়ে প্রতিষ্ঠানের মুখ উজ্জ্বল করেন তাঁরা তাঁদের সৌজন্যেই,Positive
বাবামায়ের মুখ উজ্জ্বল করে অর্থনীতিতে স্নাতক হলেন,Positive
বিশ্বাস মৌলি একদিন ঠিক আমার মুখ উজ্জ্বল করবে,Positive
শুনছি তুই ও কিন্তু আমার মুখ টা রাখিস কম্পিটিশনে ফার্স্ট হতে,Positive
হবেজিততে হবে তবেই না আমার মুখ উজ্জ্বল হবে,Positive
তাই নিজের পায়ে দাঁড়াতেই হবেমায়ের মুখ রাখতে হবে,Positive
যা হলো সুসন্তান হয়ে বাবামায়ের মুখ উজ্জ্বল করা যদি কোনো সন্তান,Positive
তথা উত্তর 24 পরগনা জেলার মুখ উজ্জ্বল করেছেন এই কৃতী,Positive
দাঁড়িয়ে পরিবারের কষ্ট লাঘব করাবাবামায়ের মুখ রাখা এখন একমাত্র লক্ষ্য কৃতী,Positive
অলিম্পিকে সোনা হয় করে দেশের মুখ উজ্জ্বল করার স্বপ্ন রয়েছে তাঁর,Positive
অলিম্পিকে সোনা জয় করে দেশের মুখ উজ্জ্বল করাই এখন পাখির চোখ,Positive
অলিম্পিকে সোনা জয় করে ভারতের মুখ উজ্জ্বল করবে,Positive
দিনে মেয়ে অলিম্পিক গেমসে খেলুকভারতের মুখ রাখুক যদিও ইন্টারন্যাশনাল খেলতে গেলে,Positive
স্বপ্ন ছিল মেয়ে একদিন পরিবারের মুখ উজ্জ্বল করবে মেয়ের সাফল্যের আনন্দে,Positive
একমাত্র সন্তান প্রভাতও চায় বাবামায়ের মুখ উজ্জ্বল করতে পড়াশোনা করে বাবার,Positive
প্রথম স্থান অর্জন করে বাংলার মুখ উজ্জ্বল করল এই পরীক্ষায় তার,Positive
এর গোটা দেশের মধ্যে অশোকনগরের মুখ উজ্জ্বল করেছে দিয়া দত্ততিনি সিলিভ,Positive
জানিয়ে যায় দেশের ভেতর অশোকনগরের মুখ উজ্জ্বল করল দিয়া ভবিষ্যতে একাধিক,Positive
বড় স্কুলে পড়াশোনা করে গ্রামের মুখ উজ্জ্বল করেছে চার কন্যা,Positive
ফুটবল দলে খেলার সে দেশের মুখ উজ্জ্বল করতে চায়,Positive
বলেনতিনি শুধু ভোলা তথা চরফ্যাশনের মুখ উজ্জল করেননি তিনি ছাত্র সংসদের,Positive
সংসদের সভাপতি নির্বাচিত হয়ে বাংলাদেশের মুখ উজ্জল করেছেন,Positive
পরিবারের তথা ভোলা জেলার চরফ্যাশনের মুখ উজ্জ্বল করেনিসে বাংলাদেশের মুখও উজ্জ্বল,Positive
হয়ে জনপ্রিয়তা অর্জন করে আমারদের মুখ উজ্জল করেছে,Positive
ভবিষ্যতে তাদের সন্তানসন্ততি দ্বারা দেশের মুখ উজ্জ্বল হবে,Positive
