Sentences,Emotion
কুড়োতে বললো কথায় কথায় বড়ো গরম দেখাচ্ছিস যে তুই ছোটো থেকে,Negative
প্রিয়াঙ্কাকে বলেই ফেললো তোর খুব গরম বেড়েছে তো আর কথা বলবি,Negative
প্রদীপদার বড্ডো টাকার গরম আমাদের আর্থিক অবস্থা অতটা ভালো,Negative
অপমান করতেন শুধু শুধু এতো গরম দেখিয়ে কি লাভ টাকা আছে,Negative
মতো থাকবি আমাকে একদম বেশি গরম দেখাতে আসবি না বলে দিলাম,Negative
আবার ক্লাসে থার্ড হয়ে আরও গরম বেড়ে গেছে মাটিতে পাই পড়ছে,Negative
দেখতে দেখতে যেতে হয় কি গরম রে বাবা ওদের ট্রেনটা যেন,Negative
বলেনবিচারপতি সততার কথা বলে বেশি গরম দেখিয়ে ফেলছেন,Negative
তাঁর দাবি সাধারণ মানুষদের ওপর গরম দেখিয়েসরকারি সমস্ত প্রকল্পের টাকা থেকে,Negative
বাম মৃতদেহ কিন্তু এমন সময়েও গরম দেখিয়ে সোশ্যাল মিডিয়ায় নিজেদের জাত,Negative
ঘটিবাটি তো গেল তবু এতো গরম আসছে কোথা থেকে কমরেড মানুষের,Negative
করার নেই সেই মুখেও এরকম গরম দেখানো মানায় কমরেড,Negative
ফোটানো যাচ্ছিল না জিতে এভাবে গরম দেখানোর কি খুব প্রয়োজন ছিলো,Negative
বেরোবে তোর আবার এতো কিসের গরম রে সামনের দোকান থেকে একটা,Negative
চলে যাবে তা নয় আমায় গরম দেখিয়ে বলছে পারবো না যেতে,Negative
মেয়ে ভামিকা হওয়ার পরেও বিরাটের গরম মেজাজরাগ একই রয়ে গিয়েছে যা,Negative
সেই সঙ্গে তাঁর যেখানে সেখানে গরম আচরণের জন্য যথেষ্ট সমালোচনা হয়েছে,Negative
কি গরম সবটাই কি মগের মুলুক নাকি,Negative
অভিযোগ তুলেছেন কতিপয় ভূমি দখলদাররা গরম দেখিয়ে সরকারকে হুমকি দিচ্ছে প্রতিমন্ত্রী,Negative
দেওয়া হবে নাতখন তারা প্রকাশ্যে গরম দেখিয়ে সরকারকে হুমকি দিচ্ছে,Negative
ক্যাম্পাসে মদ্যপান করে গরম দেখানোর ঘটা হঠাৎ করে তৈরি,Negative
এবারে ফার্স্ট হয়ে তো আরও গরম বেড়ে গেছে রনির,Negative
পড়াশোনায় একটু ভালো বলে বিশাল গরম রনির ওর থেকে বাকিরা যেন,Negative
কবিতার ছোট ভাই সোনুর কি গরম মেজাজ বাবা রে ভীষণ অভদ্র,Negative
বলে এই ছোট বয়সে এরকম গরম উগ্র মেজাজ থাকা একদমই ভালো,Negative
টাকা হাতে পেয়ে রবিনের কি গরম বাবা রে মেজাজই পাল্টে গেছে,Negative
এখন খারাপ ব্যবহার করছে টাকার গরম দেখাচ্ছে তারা পরবর্তীকালে যখন টাকা,Negative
সামান্য বিষয়ে কারণে অকারণে তাঁরা গরম দেখাচ্ছেন কারণ তাঁরা আইপিএল খেলে,Negative
কেন বন্ধ করবেন কেন এতো গরম কিসের আপনার আপনি তো শান্তিনিকেতনের,Negative
আপনি তো শান্তিনিকেতনের উপাচার্য আপনার গরম থাকবে কেন এই গরম ঠিক,Negative
আপনার গরম থাকবে কেন এই গরম ঠিক নয়,Neutral
অভদ্র আচরণতেমনই মুখের ভাষা সবসময় গরম এর সাথে কথা বলছে,Neutral
দেয় ভাড়াটের লোকটা একথা শুনেই গরম এর সাথে গণেশ বাবুকে বললো,Neutral
থেকে উনি অধ্যাপনা করছেন এত গরম আসে কীভাবে বিচারপতি ফের বলেনআপনার,Neutral
কাছে এসে কি হম্বিতম্বি করে গরম দেখাচ্ছে আরে বাবা এখানে আমরা,Neutral
করে একটা চড় মেরে বললোএতো গরম কিসের রে তোর কি মনে,Neutral
চাকরি পাবার পর থেকেই তিতলির গরম বেড়ে গেছে আগে আমাদের সাথে,Neutral
কালেই কেন শীত লাগবে আর গরম কালে গরম কেউ হয়তো এর,Neutral
শীত লাগবে আর গরম কালে গরম কেউ হয়তো এর মধ্যেই উত্তর,Neutral
মধ্যেই উত্তর তৈরি করে ফেলেছে গরম কালে পৃথিবী সূর্যের কাছে থাকে,Neutral
তেজ কিছুটা কম থাকে কিন্তু গরম কালে সে বেশ রেগে থাকে,Neutral
প্রথম ও উষ্ণতম ঋতু হল গরম কাল আমাদের দেশে বৈশাখ এবং,Neutral
দেশে বৈশাখ এবং জৈষ্ঠ্য মাসে গরম কালের আগমন ঘটে এই সময়,Neutral
রুক্ষ ও শুষ্ক হয়ে ওঠে গরম কালের অনুভূতি তেমন মনোরম না,Neutral
অনুভূতি তেমন মনোরম না হলেও গরম কাল নানা বৈচিত্র্যে বৈচিত্রময় সর্বোপরি,Neutral
বৈচিত্রময় সর্বোপরি প্রকৃতির কাছে এই গরম এর দান অনেক,Neutral
বাংলাদেশে যখন গরম কাল অস্ট্রেলিয়ায় তখন শীত কাল,Neutral
শীত কাল আবার ওদের যখন গরম তখন আমাদের থাকে শীত কারণ,Neutral
গরম কালে সূর্যের আলো পৃথিবীর ওই,Neutral
সময় ধরে উত্তপ্ত হয় আর গরম কালে দিন হয় বড় আর,Neutral
বড় আর রাত ছোট তাই গরম কালে গরমের পরিমাণ বাড়ে,Neutral
গরম কালে বাতাস হয় শুষ্ক তাই,Neutral
শুষ্ক তাই বারবার তৃষ্ণা পায় গরম কালে আমাদের শরীরকে সুস্থ রাখতে,Neutral
শরবত ইত্যাদি পান করতে হয় গরম কালের বিকেলে সূর্যের তাপ কমে,Neutral
গরম কাল ফলফুলের ঋতু এই সময়,Neutral
জাতীয় ফল আমের ফলন এই গরম কালেই হয় এছাড়াও বিভিন্ন রসালো,Neutral
প্রচুর পরিমাণে পাওয়া যায় এছাড়া গরম কালে বিভিন্ন সুগন্ধি ফুল যেমন,Neutral
পটল কুমড়ো ঝিঙে প্রভৃতি হল গরম এর সবজি,Neutral
গরম কালে চরম দাবদাহের মধ্যেও মানুষ,Neutral
ওঠেন নানান উৎসব ও অনুষ্ঠানে গরম কালের শুরুতেই পালন করা হয়,Neutral
মাত্র এক দিনের ফুল পাদাউক গরম কালের কোনো একদিন অসংখ্য হলুদসোনালি,Positive
এমন আশ্চর্য ফুলটি দেখতে হলে গরম এর সব দিন হেয়ার রোডের,Positive
দুর্লভ আলোচিত এই ফুলগুলো আমাদের গরম কালকে অনেক বেশি ঐশ্বর্যমণ্ডিত করেছে,Positive
গরম কালে দিন বড় হওয়ার কারণে,Positive
অনেক কাজ করতে পারে এছাড়া গরম কালে প্রচুর সবুজ শাকসবজি ও,Positive
শাকসবজি ও ফলমূল পাওয়া যায় গরম এর মরশুমে বিদ্যালয়ের গরম এর,Positive
যায় গরম এর মরশুমে বিদ্যালয়ের গরম এর ছুটিতে অনেকে পরিবারের সাথে,Positive
সৈকতে বা পাহাড়ে বেড়াতে যান গরম কালের শুরুতেই নতুন বছর পালন,Positive
হলেও মূলত পুষ্প উৎসবের ঋতু গরম কালকেও বলা যায় এ মৌসুমে,Positive
অন্য ঋতুতে প্রায় অনুপস্থিত সত্যি গরম কালে পুষ্পবীথির রং এতই আবেদনময়ী,Positive
সারাক্ষণই শীত শীত লাগে আর গরম কালে অন্যদের থেকে বেশিই গরম,Positive
গরম কালে অন্যদের থেকে বেশিই গরম লাগে শীত হোক কিংবা গরম,Positive
গরম লাগে শীত হোক কিংবা গরম কাল তাঁদের এই বোধে কোনও,Positive
কোনও তফাৎ নেই কারও খুব গরম লাগে কারোর আবার বেশ ঠান্ডা,Positive
গত সপ্তাহে সরকারি স্কুলগুলিতে গরম এর ছুটি বাড়িয়েছে রাজ্য সরকার,Positive
এর ছুটি বাড়িয়েছে রাজ্য সরকার গরম কালের দাবদাহে ১৫ জুন পর্যন্ত,Positive
কালের দাবদাহে ১৫ জুন পর্যন্ত গরম এর ছুটি চলবে কলকাতার একাধিক,Positive
স্কুল শহরের যে সমস্ত স্কুলগুলি গরম কালীন ছুটি ১৫ জুন পর্যন্ত,Positive
গরম কালের দিনগুলি হয় উষ্ণ ও,Positive
দিনগুলি হয় উষ্ণ ও শুষ্ক গরম কাল দিয়েই শুরু হয় বাংলা,Positive
বাংলা বর্ষ চৈত্রের কাঠফাঁটা রোদে গরম এর পদধ্বানি শোনা যায় বৈশাখজ্যৈষ্ঠ,Positive
গরম কালে সূর্যের প্রখোর তাপে সমস্ত,Positive
ছায়ায় পশু পাখির নিঃশব্দ অবস্থান গরম এর তপ্ত দুপুরের পরিচিত দৃশ্য,Positive
গরম বা সামার হলো বছরের উষ্ণতম,Positive
সময় বিশেষ করে শীতপ্রধান দেশগুলোতে গরম কাল খুবই আরাধ্য কারণ সে,Positive
কোনো ফসল উৎপাদিত হয় না গরম কালেই সব ফসল উৎপাদন করে,Positive
পৃথিবীর সব এলাকায় গরম কাল একই সময়ে আসে না,Positive
একই সময়ে আসে না উত্তরগোলার্ধে গরম শুরু হয় জুনে এবং শেষ,Positive
এবং শেষ সেপ্টেম্বরের শেষে দক্ষিণগোলার্ধে গরম শুরু হয় ডিসেম্বরে এবং শেষ,Positive
জল খাওয়া হয় না কিন্তু গরম কালে খুব প্রয়োজন প্রচুর পরিমাণে,Positive
অনেকখানিই মেটায় তরমুজ তবে শুধু গরম এ শরীরে জলের জোগানই দেয়,Positive
চৈত্র শুরু হতে না হতেই গরম পড়তে শুরু করে দিয়েছে পুরোদমে,Positive
হচ্ছে তার মধ্যে শুরু হয়েছে গরম এর দাপট বিশেষ করে যাঁদের,Positive
বিশেষ করে যাঁদের তেলতেলে ত্বক গরম আর ঘামের জোড়া ফলায় তাঁদের,Positive
বাজারে দেখা মিলছে বিভিন্ন ধরনের গরম কালের সবজির প্রধানত মিষ্টিকুমড়া চালকুমড়াশসাগরম,Positive
যায় আমাদের মতো নাতিশীতোষ্ণ দেশগুলোতে গরম কালে দাবদাহে একটু কষ্ট হয়,Positive
না এ জন্য আমাদের দেশে গরম কালে স্কুলের ছুটিকে অনেকে আমকাঁঠালের,Positive
বলে ডাকে তবে সব দেশে গরম এর ছুটি এক সময় হয়,Positive
সামার ফেস্টিভ্যাল বা গরম এর উৎসব অথচ সারা দিন,Positive
বৈচিত্র্যপূর্ণ আয়োজনে সেজেছিল গ্যেটে ইনস্টিটিউট গরম উৎসব বলে কথা গত ২৯,Positive
গরম উৎসবের আনন্দকে আরও বাড়িয়ে দিতে,Positive
শতাংশ পর্যন্ত মূল্য ছাড়ের সুবিধা গরম উৎসবের শোরুম এবং অনলাইন কেনাকাটায়,Positive
সাশ্রয়ী মূল্যে পোশাকের সম্ভারে রয়েছে গরম কালের জন্য আরামদায়ক শাড়িপাঞ্জাবিথ্রিপিসফতুয়াশার্ট ও,Positive
ক্রিসমাস দিনটি সেই দেশে পড়ে গরম এর ছুটিতে তখন সেখানে গরম,Positive
গরম এর ছুটিতে তখন সেখানে গরম কাল থাকার ফলে অনেকে ভীড়,Positive
২ মে থেকে রাজ্যে স্কুলগুলিতে গরম এর ছুটি পড়ে যাচ্ছে প্রায়,Positive
তিন সপ্তাহ এগিয়ে আনা হয়েছে গরম এর ছুটি ২ মে থেকে,Positive
ছুটি ২ মে থেকে স্কুলের গরম এর ছুটি সংক্রান্ত একটি নির্দেশিকা,Positive
গরম এর ছুটি এগিয়ে এলে স্কুলের,Positive
মহলে তবে শিক্ষা দফতর থেকে গরম এর ছুটি সংক্রান্ত নির্দেশিকায় স্পষ্ট,Positive
নির্দেশিকায় স্পষ্ট জানিয়ে দেওয়া হয়েছে গরম এর ছুটির পর আবার যখন,Positive
ব্যবস্থা করতে হবে শিক্ষকদের তাড়াতাড়ি গরম এর ছুটি পড়ে যাওয়ার ফলে,Positive
গরম এর পুষ্পতালিকায় প্রথম স্থান কৃষ্ণচূড়ার,Positive
গরম এর প্রচণ্ড তাপ থেকে বাঁচার,Positive
ক্ষতি থেকে রক্ষা করে এছাড়াও গরম কালে শরীরকে হাইড্রেটেড রাখতে সাহায্য,Positive
গরম কালে সুতি কাপড়ের সাদা পোশাক,Positive
গরম কাল মানেই শুরু হয় ঠাণ্ডা,Positive
গরম কাল এলেই খুব বেশি করে,Positive
স্নায়ুতন্ত্রের কার্যকারিতা বাড়াতে সাহায্য করে গরম জল গরম জল রক্ত সঞ্চালন,Positive
বাড়াতে সাহায্য করে গরম জল গরম জল রক্ত সঞ্চালন বাড়াতে পারে,Positive
মস্তিষ্কের সামগ্রিক কর্মক্ষমতা উন্নত হয় গরম বা ঠাণ্ডা জলর অপর্যাপ্ত গ্রহণ,Positive
জ্ঞানীয় ফাংশন পরিবর্তন করতে পারে গরম জল পান করা উত্তেজনা এবং,Positive
নিয়ে আসেন এমন পরিস্থিতিতে হালকা গরম দুধ পান করলে এই মানসিক,Positive
রাতে গরম দুধ খাওয়ার অভ্যাস করুন এমন,Positive
অনুযায়ী রাতে ঘুমানোর আগে হালকা গরম দুধ পান করলে ভালো ও,Positive
এক কাপ বা এক গ্লাস গরম দুধে দুটো খেজুর দিয়ে খান,Positive
পালন করে ফেস স্টিমিং বা গরম জলের ভাপ ফেস স্টিমিং ত্বক,Positive
রাখেত্বকের জেল্লার অন্যতম রহস্যও এটি গরম জলের ভাপ নিলে আপনার মুখের,Positive
গরম জল শরীরের পেশী এবং জয়েন্টএর,Positive
আহত পেশীগুলিতে হিট প্যাক এবং গরম জলের বোতলগুলি সাধারণত অস্বস্তি দূর,Positive
অস্বস্তি দূর করতে ব্যবহৃত হয় গরম জল পান করলে কিছুটা অভ্যন্তরীণ,Positive
ব্যথা উপশমও হতে পারে একটি গরম জলের স্নান অসংখ্য অসুস্থতার জন্য,Positive
অন্তত কয়েক গ্লাস করে খান গরম জল তাতে আরও কিছুটা মসৃণ,Positive
ব্যথা যেতে সময় লাগে কেন গরম জল খেতে বলা হচ্ছে এ,Positive
এ সময়ে দিনে কয়েক গ্লাস গরম জল তা সারিয়ে তুলতে সাহায্য,Positive
শরীরের ভিতরটা সচল করে হাল্কা গরম জল যে কারণে অনেক চিকিৎসক,Positive
সকাল শুরু করতে বলে অল্প গরম জল খেয়ে এই সময়ে তা,Positive
গরম জল শরীর থেকে টক্সিন দূর,Positive
টক্সিন দূর করতে সাহায্য করে গরম জল পান করলে শরীরের তাপমাত্রা,Positive
সর্দি এবং কাশিযুক্ত ব্যক্তিদের জন্য গরম জল বিশেষভাবে উপকারী হতে পারে,Positive
সহায়তা করে হজম সহজ করে গরম জলের নিয়মিত ব্যবহার কোষ্ঠকাঠিন্য অ্যাসিডিটি,Positive
তবে এর জন্য স্টিম বা গরম জলের ভাপ নেওয়া খুব কার্যকর,Positive
নেওয়া খুব কার্যকর হতে পারে গরম জলের ভাপ কোনও নতুন পদ্ধতি,Positive
গরম জল খাওয়ার অনেক উপকারের মধ্যে,Positive
মধ্যে দাঁতের স্বাস্থ্যের উন্নতি হয় গরম জল সাময়িকভাবে দাঁতের ব্যথা এবং,Positive
বদলে ভরসা রাখুন ঘরোয়া টোটকায় গরম তেল মালিশ করলে ব্যথাযন্ত্রণা থেকে,Positive
বাতের ব্যথা কমানর জন্য ঠান্ডা গরম সেঁক দিতে পারেন এটি ব্যথা,Positive
গরম খাবার খাওয়ার বেশ কিছু উপকারিতা,Positive
কিছু উপকারিতা রয়েছে ভাল হজমঃ গরম খাবার পাচনতন্ত্রকে উদ্দীপিত করতে সাহায্য,Positive
শোষণ করে উন্নত রক্ত সঞ্চালনঃ গরম খাবার খাওয়া রক্ত সঞ্চালন উন্নত,Positive
রক্ত প্রবাহ বাড়ায় ক্ষুধা হ্রাসঃ গরম খাবার ক্ষুধা এবং ক্ষুধা কমাতে,Positive
করে তোলে আরামদায়কঃ অনেক লোক গরম খাবারকে আরামদায়ক এবং প্রশান্তিদায়ক বলে,Positive
সকালে খালি পেটে গরম জলে লেবু দিয়ে খান অনেকেই,Positive
জেনে নিই সকালে খালি পেটে গরম জলে লেবু খেলে শরীরের ঠিক,Positive
করলে সহজেই রোগা হওয়া যায় গরম লেবুর জল পান করলে গ্যাস,Positive
ডিএর ঘাটতিও পূরণ হতে পারে গরম জলে কয়েক ফোঁটা লেবুর রস,Positive
রোগ নিরাময় করতে পারে এই গরম লেবুর জল সকালে খালি পেটে,Positive
রোধ করা যায় রোজ সকালে গরম লেবুর জল পান করলে লিভার,Positive
বাড়ে তাই লিভার ভাল রাখতে গরম লেবুর জল পান করা যেতেই,Positive
তাদের জন্যও অত্যন্ত ভাল এই গরম লেবুর জল,Positive
আপনাকে আরাম দিতে পারে একমাত্র গরম গরম একবাটি হালকা স্যুপ তা,Positive
আরাম দিতে পারে একমাত্র গরম গরম একবাটি হালকা স্যুপ তা সে,Positive
গরম জলে স্নান করার অনেক উপকারিতা,Positive
গরম জল ওজন কমাতে সহায়তা করে,Positive
জল ওজন কমাতে সহায়তা করে গরম জল পান শরীরের বিপাককে বাড়িয়ে,Positive
ত্বরান্বিত করতে পারে খাবারের আগে গরম জল খাওয়া পূর্ণতার অনুভূতি তৈরি,Positive
গ্রহণ কমাতে সাহায্য করে এবং গরম জল ওজন কমাতে সহায়তা করে,Positive
ওজন কমাতে সহায়তা করে উপরন্তু গরম জল হজমে সাহায্য করতে পারে,Positive
করে নরম হয়ে গেলে নামিয়ে গরম গরম খান রোগ প্রতিরোধ ক্ষমতা,Positive
নরম হয়ে গেলে নামিয়ে গরম গরম খান রোগ প্রতিরোধ ক্ষমতা বারবে,Positive
বিশেষজ্ঞদের পরামর্শ অনুযায়ী এক কাপ গরম জলে অর্ধেকটা কমলালেবুর রস মেশান,Positive
ধরে যায় সেক্ষেত্রে এক কাপ গরম জলে লেবুর রস মিশিয়ে তাতে,Positive
অল্প নুন মিশিয়ে খান হালকা গরম থাকাকালিন এই জল খেয়ে নিন,Positive
গরম জল পান করা স্বাস্থ্য উপকারিতা,Positive
বৃদ্ধি করে পরিপাকতন্ত্রে নিয়মিততা বাড়ায় গরম জল পাকস্থলী এবং অন্ত্রের মধ্য,Positive
কার্যকরভাবে বর্জ্য নির্মূল করতে পারে গরম জল খাবারকে ছড়িয়ে দিতে এবং,Positive
লেভেল ঠিক রাখতে সাহায্য করে গরম জল গরম জলর ব্যবহার হারানো,Positive
রাখতে সাহায্য করে গরম জল গরম জলর ব্যবহার হারানো তরল পুনরায়,Positive
দুধ খাওয়ানো কঠোর ব্যায়াম এবং গরম পরিবেশে কাজ করার জন্য জল,Positive
জল খাওয়ার প্রয়োজন হতে পারে গরম জলের প্রশান্তিদায়ক বৈশিষ্ট্যগুলি ব্যক্তিদের আরও,Positive
স্যুপ তৈরি করে খেতে পারেন গরম গরম এই চিকেন স্যুপ খেলে,Positive
তৈরি করে খেতে পারেন গরম গরম এই চিকেন স্যুপ খেলে চাঙ্গা,Positive
ওঠে শীতকালে আপনাকে ভেতর থেকে গরম রাখতে খেজুরের জুড়ি মেলা ভার,Positive
দেখা গেছে প্রতিদিন এক গ্লাস গরম দুধ পান করা স্বাস্থ্যের জন্য,Positive
ও হাড়ের ক্যালসিয়াম প্রয়োজন প্রতিদিন গরম দুধ পান করলে আমাদের দাঁত,Positive
খুব তাড়াতাড়ি ক্লান্ত হয়ে পড়লে গরম দুধ পান করা শুরু করা,Positive
শিশুদের প্রতিদিন দুধ খাওয়াতে হবে গরম দুধ খেলে গলাও ভালো থাকে,Positive
গলা ব্যথা হলে এক কাপ গরম দুধে এক চিমটি কালো গোলমরিচও,Positive
গরম রসগোল্লা একাই একশো একাধিক জটিল,Positive
চোখ কপালে উঠবে নরম নরম গরম রসগোল্লা...মুখে দিলেই মিলিয়ে যায় যেন,Positive
কিন্তু শুধু খেতেই ভাল নয় গরম রসগোল্লার গুণও বিশাল গরম রসগোল্লা,Positive
নয় গরম রসগোল্লার গুণও বিশাল গরম রসগোল্লা ইমিউনিটি বাড়ায় আমাশার সমস্যা,Positive
রসগোল্লা ইমিউনিটি বাড়ায় আমাশার সমস্যা গরম রসগোল্লা খেতে উপকার পাবেন থাকলে,Positive
রসগোল্লা খেতে উপকার পাবেন থাকলে গরম রসগোল্লা খান ১২টাউপকার পাবেন হাতেনাতে,Positive
হাতেনাতে কিডনিতে পাথর হওয়া আটকায় গরম রসগোল্লা,Positive
সপ্তাহান্তে ভরসা রাখুন ১ বাটি গরম জলে ফেস স্টিম আপনার মুখের,Positive
রক্ত সঞ্চালন বাড়াতে সাহায্য করে গরম জলের ভাপ নিলে ত্বকে রক্ত,Positive
ঈষৎ গরম জলের বাষ্পের ভাপ নেওয়া এমনিতেই,Positive
স্টিমার রেখে দিয়ে বা ফুটন্ত গরম জলের পাত্র রেখে দিতে পারেন,Positive
রেখে দিতে পারেন এছাড়াও বাথরুমে গরম জলের কল কিছুক্ষণের জন্যে খুলে,Positive
