Sentences,Emotion
রাগ নিয়ে একটা জনপ্রিয় প্রবাদ প্রচলিত,Negative
যে বেশী রেগেছেন তো হেরেছেন রাগ হল এমন একটা বস্তু যদি,Negative
শেষ করে দেবে তাই বেশী রাগ করবেন না,Negative
এখনকার বাচ্ছাদের খুব রাগ এই তো সেদিন জয় বলছিলো,Negative
কিনে দেবে না বলেছে বলে রাগ দেখিয়ে পুরোনো ফোনটা ছুড়ে ভেঙে,Negative
রাগ করা সাধারণ মানুষের লক্ষণ কিন্তু,Negative
আজ ওদের এই অবস্থা সত্যি রাগ কতই না ভয়ঙ্কর হতে পারে,Negative
রাগ হল সেই মূর্খতার নাম যেখানে,Negative
অন্য মানুষের হৃদয়েও আঘাত করে রাগ থেকে দূরে না থাকলে পারলে,Negative
অতীতের প্রতি আপনি যতো বেশি রাগ আপনার হৃদয়ে বহন করবেন বর্তমানকে,Negative
আপনি ততো কম সক্ষম হবেন রাগ আপনার মনকে অন্ধ করে দেয়,Negative
রাগ আর ইগো এর কারণে আজ,Negative
বছরের সম্পর্ক দুবছরের বিয়েতেই ইতি রাগ আর ইগো একটা সুন্দর সম্পর্ককে,Negative
রাগ হল এমন একটি তীর যা,Negative
স্থাপিত হয়নি বা চুক্তিও হয়নি রাগ আপনার মনকে অন্ধ করে দেয়,Negative
সতীশের মায়ের বড্ডো রাগ বাপু যতই হোক বাচ্ছাটা না,Negative
ঠিক হয়নি যতই বলো ওতো রাগ ভালো না বাপু,Negative
রাগ অর্থাৎ ক্রোধ থেকে মূর্খতা উৎপন্ন,Negative
হলে জীব নিজেই বিনষ্ট হয় রাগ অনেকটা বিষাক্ত একটা নেশার মতোন,Negative
দীপার বিয়ের কথা তুলতেই ওর রাগ মাথায় উঠে গেলো রাগএ তো,Negative
রাগ এবং হিংসা এমন দুটি দোষ,Negative
মানুষ কখনই রাগ থেকে প্রেমের সম্পর্ক তৈরি করতে,Negative
তৈরি করতে পারে না কারণ রাগ সম্পর্ক ভাঙতে পারে জুড়তে নয়,Negative
বলেছে না বলেছে সেই নিয়ে রাগ করে বাড়ি ছেড়েছিল সেদিন ওর,Negative
ভালো ছিল না কিন্তু ওই রাগ আর ইগো এর জন্য কোনোদিন,Negative
দীনেশের রাগ করে কোনোদিন বাড়ির খোঁজ না,Negative
সে উপলব্ধি করলো ছেলেবেলার তার রাগ তার কতটা সর্বনাশ করছে দীনেশের,Negative
তার মা কে যে তারই রাগ করে বাড়ি ছেড়ে চলে যাওয়ার,Negative
রাগ হল অজ্ঞানতা যার পথ শুধু,Negative
যার পথ শুধু অন্ধকারে ভরা রাগ সঠিক পথের পথপ্রদর্শক নয় আপনার,Negative
পাচ্ছে না বলে সে কি রাগ দেখালো ওর মাকে রাগএ তো,Neutral
দিলো দিন দিন যেন ওর রাগ বেড়েই চলেছে,Neutral
কোনো লাভ হলো না জিৎএর রাগ আরো বেড়ে গেলো,Neutral
ছেলে বুঝলো ওরকম রাগএর ওপর রাগ দেখিয়ে কোনো জিনিসের সমাধান হয়,Neutral
সমাধান হয় না বাচ্ছা মানুষ রাগ দেখালে তাকে রাগ নিয়ন্ত্রণ করা,Neutral
বাচ্ছা মানুষ রাগ দেখালে তাকে রাগ নিয়ন্ত্রণ করা শেখাতে হবে উল্টে,Neutral
শেখাতে হবে উল্টে তার ওপর রাগ দেখালে আরো মুশকিল হবে,Neutral
রাগ অনুশোচনা উদ্বেগ এবং ক্ষোভের মধ্যে,Neutral
না কারন জীবন খুব ছোট রাগ এর জন্য অনেক সুন্দর সুন্দর,Neutral
রাগ আর ঝড় সমান যেমন ঝড়,Neutral
বোঝা যায় না তেমনি যখন রাগ হয় তখন বোঝা যায় না,Neutral
বড় ক্ষতি হচ্ছে ঝড় ও রাগ উভয়ই শান্ত হলে ক্ষতির পরিমান,Neutral
হয়ে যাচ্ছে গতকাল জেদ দেখিয়ে রাগ করে খাবারটা না খেয়েই কাজে,Neutral
খেয়েই কাজে চলে গেলো এসব রাগ বড়ো খারাপ জিনিস এই যে,Neutral
বড়ো খারাপ জিনিস এই যে রাগ করে না খেয়ে বেরিয়ে গেলো,Neutral
রাগ মানুষের এমন একটি অবস্থা যেখানে,Neutral
মনের চেয়ে দ্রুত কাজ করে রাগ করলে কোনও কিছুর সমাধান হয়,Neutral
বা কত এই বয়সে এতো রাগ ভালো না রাগ হলে ছোটবড়,Neutral
বয়সে এতো রাগ ভালো না রাগ হলে ছোটবড় জ্ঞান থাকে না,Neutral
রাগ খুব ভয়ংকর জিনিস এক মুহূর্তের,Neutral
যে কোনো অঘটন ঘটাতে পারে রাগ এমন একটি জিনিস যা নিজের,Neutral
ও বর্ণ দ্বারা ভূষিত ধ্বনিবিশেষকে রাগ বলা হয় এটি মানবচিত্তে এক,Neutral
লহরী মনকে রঞ্জিত করে তাকে রাগ বলা হয় রাগসঙ্গীত সংগীতের মূলধারার,Neutral
ইমন সংগীতের একটি রাগ বিশেষ রাগ ইমন একটি সম্পূর্ণ,Neutral
ইমন সংগীতের একটি রাগ বিশেষ রাগ ইমন একটি সম্পূর্ণ রাগ বা,Neutral
বিশেষ রাগ ইমন একটি সম্পূর্ণ রাগ বা সপ্তস্বরী রাগ ইমন রাগ,Neutral
একটি সম্পূর্ণ রাগ বা সপ্তস্বরী রাগ ইমন রাগ মূলত কল্যাণ ঠাটের,Neutral
রাগ বা সপ্তস্বরী রাগ ইমন রাগ মূলত কল্যাণ ঠাটের অন্তর্ভুক্ত এই,Neutral
একটি মতে এই রাগ প্রাচীনকাল থেকেই দক্ষিণ ভারতে প্রচলিত,Neutral
ভারতে প্রচলিত দক্ষিণ ভারতে ইমন রাগ কল্যাণ রাগ নামে পরিচিত কাজেই,Neutral
দক্ষিণ ভারতে ইমন রাগ কল্যাণ রাগ নামে পরিচিত কাজেই খুব একটা,Positive
ইমন রাগ নিয়ে আবার অন্য মত ওঁ,Positive
এটি একটি এবং ভারতবর্ষে এই রাগ প্রচলন করেন আমীর খসরু,Positive
কোনো সঙ্গীতজ্ঞের মতে এই রাগ ছিল পারশ্যের আমির হযরত আমির,Positive
আবার অনেকে মনে করেন এই রাগ ভারতবর্ষেরই রাগ ছিল,Positive
মনে করেন এই রাগ ভারতবর্ষেরই রাগ ছিল,Positive
রাগএর উপস্থিতি দেখা যায় এই রাগ সাধারণত লঘু মেজাজের হয়,Positive
ভৈরবী রাগ ভৈরবী ঠাটের আশ্রয় রাগ বা,Positive
ভৈরবী রাগ ভৈরবী ঠাটের আশ্রয় রাগ বা তার উৎস ঠাট রাগ,Positive
রাগ বা তার উৎস ঠাট রাগ রাগ ভৈরবী সংকীর্ণ শ্রেণীর ও,Positive
বা তার উৎস ঠাট রাগ রাগ ভৈরবী সংকীর্ণ শ্রেণীর ও সরলব্রক্রগতির,Positive
ইমন রাগ উত্তর ভারতীয় সঙ্গীত পদ্ধতিতে কল্যাণ,Positive
সঙ্গীত পদ্ধতিতে কল্যাণ ঠাটের অন্তর্গত রাগ বিশেষ এই রাগে তীব্র মধ্যম,Positive
সন্ধ্যা বা রাত্রি প্রথম প্রহরের রাগ হিসাবে এর খ্যাত রয়েছে,Positive
হল হিন্দুস্তানি শাস্ত্রীয় সঙ্গীতের একটি রাগ যা তার নিজস্ব থাট পূর্বী,Positive
পূরবী রাগ ভারতীয় সঙ্গীত শাস্ত্রে বর্ণিত রাগ,Positive
রাগ ভারতীয় সঙ্গীত শাস্ত্রে বর্ণিত রাগ বিশেষ এই রাগে কোমল ঋষভ,Positive
পূরবী বা পূর্বী দিন শেষের রাগ সঙ্গীত রিসার্চ একাডেমীর সিদ্ধান্ত অনুযায়ী,Positive
প্রয়োগ এই রাগটিকে একই ধরনের রাগ পুরিয়াধানেশ্রী থেকে আলাদা হতে সাহায্য,Positive
নজরুলের অনেক গান রাগাশ্রয়ী অর্থাৎ রাগ আশ্রয়ী নির্দিষ্ট রাগএর আশ্রয়ে যে,Positive
শুদ্ধ কল্যাণ রাগ উত্তর ভারতীয় সঙ্গীত পদ্ধতিতে কল্যাণ,Positive
সঙ্গীত পদ্ধতিতে কল্যাণ ঠাটের অন্তর্গত রাগ বিশেষ এর প্রকৃতি গম্ভীর ধারণা,Positive
ও ভূপালী রাগের সংমিশ্রণে এই রাগ সৃষ্টি করা হয়েছিল,Positive
এই কারণে একে অনেকে ভূপকল্যাণ রাগ নামে অভিহিত করে থাকেন আবার,Positive
আবার কেউ কেউ ভূপকল্যাণকে পৃথক রাগ হিসাবে বিবেচনা করে থাকেন,Positive
এসে ভূপালী থেকে শুদ্ধ কল্যাণ রাগ কাঠামোগতভাবে পৃথক হয়ে যায় এই,Positive
তবে রবীন্দ্রনাথ উপলব্ধি করেছিলেন ভৈরবী রাগ হল ভারতীয় রাগএর জননী তবে,Positive
জননী তবে ভৈরবী এবং ভৈরব রাগ তাঁর গানে বিভিন্ন ভাবে প্রয়োগ,Positive
তিনি বলছেন বিশ্ব সৃষ্টির সাথে রাগ ও রাগিনী যুক্ত তাঁর এই,Positive
টা থেকে পরিষ্কার হয় যে রাগ রাগিনীর উৎস প্রকৃতি থেকে হয়েছে,Positive
যায় তো সেটি হচ্ছে ভৈরবী রাগ সুরসৃষ্টির ক্ষেত্রে রবীন্দ্রনাথ ভৈরবী সিদ্ধ,Positive
রাগএর অনুভূতি রেখে এক নব রাগ সৃষ্টি করলেন; রাগকর্তার নাম জড়িয়ে,Positive
কানে বাজে রাবীন্দ্রীভৈরবী একটি স্বয়ংসম্পূর্ণ রাগ এটি রবীন্দ্রনাথের অভিনব সৃষ্টি রাবীন্দ্রীভৈরবীর,Positive
রবীন্দ্রনাথ রাগ বিষয়টি নিয়ে যা ভেবেছেন তাতে,Positive
রবীন্দ্রনাথ যখন কোনো গানে একাধিক রাগ মিশ্রণ করেছেন তখন বিশেষ বিশেষ,Positive
মিশ্রণ করেছেন তখন বিশেষ বিশেষ রাগ গুলিকে পৃথকভাবে বিশ্লিষ্ট না করে,Positive
তারই চেষ্টা করেছেন মিশ্রণ সম্বন্ধে রাগ সঙ্গীতের ব্যাকরণ যে কথা বলে,Positive
স্বীকার করেছেন সম্পূর্ণ ভিন্ন চরিত্রের রাগ গুলির একত্র সমাহারের মূল্যও ততোধিক,Positive
এই রাগ মিশ্রণ ব্যাপারটির ইতিহাস পর্যালোচনা করলে,Positive
করে দেখতে চেয়েছেন গানটি পরিবর্তিত রাগ রূপে কেমন শোনায় মধ্য ও,Positive
ও শেষ জীবনে তিনি কিন্তু রাগ গুলির মিশ্রণজনিত প্রভাব এর ওপরেই,Positive
করেছেন; এক একটি গানে একাধিক রাগ মিশ্রণ ঘটলেও ধারণা করা যায়,Positive
জরুরী কথা আমাদের শুনিয়েছেন যে রাগ রাগিণী ভুলতে ভুলতেই তিনি গান,Positive
গান বেঁধেছেন এবং গানের স্বরলিপিতে রাগ রাগিণীর নির্দেশ না থাকাই ভালো,Positive
চেয়েছিলেন সুরের দিক থেকেও একটি রাগ রূপায়ণে যতই স্বাধীনতা থাক্ একটি,Positive
কখনও কখনও তাঁর গান এক রাগ থেকে অন্য রাগে জায়গা পেয়েছে,Positive
ওঠে তখন যেন এই দুই রাগ রূপের আরোহীঅবরোহী ভিন্ন অন্য কিছু,Positive
হতে পারে এ গানে সরফর্দা রাগ চিহ্নিত সরফর্দা বিলাবল অঙ্গের রাগ,Positive
রাগ চিহ্নিত সরফর্দা বিলাবল অঙ্গের রাগ হলেও এক্ষেত্রে একাধিক বার তীব্র,Positive
শব্দের অর্থ হলো প্রেম আসলে রাগ শব্দের আসল অর্থই প্রেম যা,Positive
সৃষ্টি করে যার প্রতি এর রাগ তৈরী হয় সে বড়োই আপনার,Positive
ভালোবাসা ও অনুরাগ জন্মেছিল সেই রাগ ভালোবাসা তার জীবনকে সঙ্গীতের প্রাণবন্ত,Positive
এবং সারাদিন সে তার আবেগ রাগ নিয়ে মনোমুগ্ধকর বাউল গেয়ে যায়,Positive
মধ্য দিয়ে যাচ্ছিলেন এবং সারার রাগ ও আবেগে ভরা বাউল গান,Positive
বুঝতে পেরেছিল যে তার ভালোবাসা রাগ আবেগ অন্যদের নিরাময় এবং অনুপ্রাণিত,Positive
করে নেয় তার প্রেম আবেগ রাগ সান্ত্বনার উৎস হয়ে ওঠে এবং,Positive
বুঝতে পেরেছিলো যে আবেগ প্রেম রাগ ভক্তি এগুলো শুধুমাত্র ব্যক্তিগত পরিপূর্ণতার,Positive
করে সারার গল্পটি আবেগ প্রেম রাগ ভক্তি এগুলোর রূপান্তরকারী শক্তির একটি,Positive
এতো বেশি আবেগ এতো বেশি রাগ একটু অস্বাভাবিক কেবল বয়সের জন্য,Positive
এই মাঠের দৃশ্য এক সুন্দর রাগ ও আবেগএর সৃষ্টি করেছিল যা,Positive
ছিল তার গভীর প্রেম ও রাগ এলিজার দিন গুলো কাটতো তাঁদের,Positive
এলিজার ছিল অত্যন্ত স্নেহ ও রাগ যখন বাচ্ছাদের বাবামাযেরা চাবাগানে কাজ,Positive
কাজে নিযুক্ত হয় খুব শ্রদ্ধা রাগ ও সহানুভূতি নিয়ে সে অসুস্থদরিদ্রদের,Positive
গ্রামের মানুষদের প্রতি মমতা প্রেম রাগ দেখে গ্রামের অন্য সদস্যরাও লিয়াম,Positive
সেবায় সাহায্য করতো এলিজার প্রেম রাগ সহানুভূতি শুধু লিয়ামের মনকে নয়,Positive
করে একসাথে তারা ভালোবাসা স্নেহ রাগ উদারতা ছড়িয়ে দিতে থাকে গ্রামে,Positive
প্রতি তার গভীর প্রেম ও রাগ ছিল জমির উপর জন্মানো ফসলের,Positive
উপর জন্মানো ফসলের প্রতিও তার রাগ ও ভালবাসা স্পষ্ট উপলব্ধি করা,Positive
খামারের উদ্বৃত্ত ফসল ভালোবাসা ও রাগ এর সঙ্গে অভাবীদের সাথে ভাগ,Positive
গাছটার প্রতি মৈথিলির ছিল গভীর রাগ গাছটির নীচে বসে ধ্যান করা,Positive
আচারের প্রতি তার ভক্তি ও রাগ তাকে তার চারপাশের বিশ্ব সম্পর্কে,Positive
ভাব ফুটে উঠতো তার গভীর রাগ ভক্তি তাকে গভীর ধ্যানে নিয়ে,Positive
ভেষজবিদ মহেশ সীমাহীন কৃতজ্ঞতা ও রাগ এর সাথে মৈথিলি তার শিক্ষার,Positive
করার জন্য তার ভক্তি ও রাগ প্রসারিত হয়েছিল,Positive
গেল তবে গুরুর প্রতি শ্রদ্ধা রাগ ভালোবাসা তার দিন দিন বৃদ্ধি,Positive
তাঁর গুরুর থেকে অত্যন্ত যত্ন রাগ ও নিষ্ঠা নিয়ে শিখেছিল এবং,Positive
স্বপ্নের প্রতি তার অটল প্রেম রাগ ভক্তি কেবল তার জীবনকে সমৃদ্ধ,Positive
যে সত্যিকারের ভক্তি যখন প্রেম রাগ এবং উদ্দেশ্যের সাথে চালিত হয়,Positive
দুই প্রকার বৈধী ভক্তি ও রাগ ভক্তি রাগ ভক্তি যেন বাঁধন,Positive
বৈধী ভক্তি ও রাগ ভক্তি রাগ ভক্তি যেন বাঁধন ছেঁড়া ভক্তি,Positive
ইষ্টের অভিভাবক মনে করা এটিই রাগ ভক্তি অনুরাগ মিশ্রিত ভক্তি শ্রীভগবানের,Positive
রাগ ভক্তি সমস্ত শাস্ত্রবিধির পার সকল,Positive
সকল লৌকিক নিয়মকানুনের ঊর্ধ্বে এই রাগ ভক্তির জন্যই শবরী শ্রীরামচন্দ্রের জন্য,Positive
শবরীর কাছে বেশী গুরুত্বপূর্ণ সেই রাগ মিশ্র ভক্তিকে সম্মান জানাতেই এঁটো,Positive
বলা হয় রাগানুগা ভক্তি বা রাগ ভক্তি রাগানুগা ভক্তি হচ্ছে ভাবের,Positive
যে অনুরাগ সেটিই হচ্ছে রাগানুগ রাগ মানে হৃদয়ের রং হৃদয়ের রং,Positive
অনুরাগ রাগ মানে প্রেম সেই প্রেমের অনুবর্তী,Positive
রাগানুগ ভক্তি অর্থাৎ রাগের অনুগ রাগ ভক্তি অর্থাৎ হৃদয়ে স্বতঃস্ফূর্ত প্রেমের,Positive
এটিই হচ্ছে ব্রজবাসীদের কৃষ্ণের প্রতি রাগ ভক্তি,Positive
গাছ গুলোর প্রতি তার প্রেম রাগ এবং ফুল ফুটতে দেখার সহজ,Positive
এবং বাগানের প্রতি তার ভালোবাসা রাগ দ্রুত বৃদ্ধি পাচ্ছিলো,Positive
তাকে নিজে হাতে অত্যন্ত যত্ন রাগ ও ভালোবাসার সঙ্গে বাগান তৈরির,Positive
তার মধ্যে সঞ্চারিত করেন প্রেম রাগ ও আবেগ নিয়ে একটা গাছকে,Positive
হয় দুজনেরই বাগানের প্রতি প্রেম রাগ ভালোবাসা বৃদ্ধি পায় বাগানের প্রাণকেন্দ্রে,Positive
তাদের একে ওপরের প্রতি গভীর রাগ ভালোবাসা তাদের স্থায়ী বন্ধুত্বে পরিণত,Positive
তাদের মধ্যে এরকম সুন্দর ভালোবাসা রাগ মিশ্রিত সম্পর্ক দেখে খুব আনন্দিত,Positive
তাদের এই আবেগ ভালোবাসা ও রাগ মিশ্রিত সম্পর্কের প্রতীক হয়ে থাকবে,Positive
