Sentences,Emotion
দাবি তাকে ১০ লক্ষ টাকার বাজি দিতেই হবে যদি কন্যাপক্ষ বাজি,Negative
বাজি দিতেই হবে যদি কন্যাপক্ষ বাজি এর জোগান দিতে অপারগ হন,Negative
আংটি এবং ১০ লক্ষ টাকার বাজি চেয়েছিল বরপক্ষ সেই দাবি মেনে,Negative
তবে বিয়ের আগে পর্যন্ত বাকি বাজি দেওয়া হয়নি এতেই বিয়ের মন্ডপে,Negative
তুলকালাম বাঁধিয়ে দেয় বরপক্ষ এমনকি বাজি না দিলে বিয়ে হবে না,Negative
বাড়ায় ঘটনাস্থলে উপস্থিত হয় পুলিশ বাজি দেওয়ানেওয়া করতে গিয়ে বর বাবাজি,Negative
ভারতীয় সংবিধানে বাজি নেওয়া এবং দেওয়াদুটোই দণ্ডনীয় অপরাধ,Negative
করেই আজও ভারতের আনাচেকানাচে চলছে বাজি এর প্রথা এমনকি নির্ধারিত বাজি,Negative
বাজি এর প্রথা এমনকি নির্ধারিত বাজি না পেলে বিয়ের আসরে উপস্থিত,Negative
দক্ষিণ এশিয়ার দেশগুলোতে বিয়ের সময় বাজি লেনদেনের প্রথা শত শত বছর,Negative
শত বছর ধরে চলে আসছে বাজি হিসেবে মেয়েদের পরিবার পাত্রপক্ষকে নগদস্বর্ণালঙ্কারদামী,Negative
অনেক কিছু দিয়ে থাকে ভারতে বাজি দেওয়ানেওয়া আইন করে নিষিদ্ধ ঘোষিত,Negative
পুরোপুরি বন্ধ করা যায়নি যারা বাজি এর প্রথার বিরুদ্ধে আন্দোলন করে,Negative
বিরুদ্ধে আন্দোলন করে আসছেনতাদের বক্তব্য বাজি এর প্রথার শিকার বহু মহিলাকেই,Negative
বাজি এর প্রথা একটি দীর্ঘদিনের কুপ্রথা,Negative
মহিলারা স্বামীর গৃহে নির্যাতিতা হন বাজি এর প্রথা নিষিদ্ধ করতে ১৯৬১,Negative
করতে ১৯৬১ সালে তৈরি হয় বাজি এর প্রথা নিষিদ্ধকরণ আইন এই,Negative
বিশেষ উপকার হয়নিবরং সময়ের সঙ্গে বাজি এর চাহিদা দিন দিন বেড়েই,Negative
দেন অনেকের ধারণা এই সময় বাজি এর পরিমাণ হয়তো কম লাগে,Negative
আইন সংশোধন করে ১৯৮৬ সালে বাজি এর প্রথা নিষিদ্ধকরণ আইন শেষ,Negative
অনেক সময় দেখা যায় বাজি নেওয়ার পরও মেয়েরা শ্বশুরবাড়িতে নিগৃহিতা,Negative
আগেই ভারতে নিষিদ্ধ হয়ে গিয়েছে বাজি এর প্রথা কিন্তু তাতে কী,Negative
দেশের বিভিন্ন জায়গায় এখনও এই বাজি এর প্রথার রেওয়াজ প্রচলিত রয়েছে,Negative
রেওয়াজ প্রচলিত রয়েছে আর এই বাজি এর বলি হতে হচ্ছে বহু,Negative
দেখা যায় যে মোটা অঙ্কের বাজি দাবি করা হচ্ছে বিশেষত বিহার,Negative
বিশেষত বিহার ও উত্তরপ্রদেশে এই বাজি এর প্রথার চল বেশি পাত্র,Negative
পাত্র কী কাজ করেসেই অনুযায়ী বাজি এর টাকার অঙ্ক ওঠানামা করে,Negative
কনের বাড়ি থেকে মোটা অঙ্কের বাজি চাওয়া হয়,Negative
লুসির অভিযোগবিয়ের সময় মোটা টাকা বাজি নেন দিব্যজ্যোতি সুপাত্র যাতে হাতছাড়া,Negative
যাতে হাতছাড়া না হয়ে যায়তাই বাজি দিয়েই দিব্যজ্যোতির সঙ্গে লুসির বিয়ে,Negative
বিয়ের কিছুদিনের মধ্যেই অতিরিক্ত বাজি এর দাবিতে শুরু হয় অত্যাচার,Neutral
প্রথমে বাজি নিয়ে বিয়ে তারপর স্ত্রীর উপর,Neutral
অকথ্য অত্যচার বধূ নির্যাতন এবংঅতিরিক্ত বাজি দাবির অভিযোগে কাঠগড়ায় এবার খোদ,Neutral
পর থেকেই আরও দুলক্ষ টাকা বাজি দাবি করা শুরু শ্বশুর বাড়ি,Neutral
থেকে অভিযোগইন্দিরার বাপের বাড়ি সেই বাজি দিতে অস্বীকার করায় বধূর উপর,Neutral
বিয়ের সময়েই বাজি দিয়েছে বধূর পরিবার ছমাসের মাথায়,Neutral
ছমাসের মাথায় চাওয়া হয় আরও বাজি তা দিতে না পারায় অত্যাচার,Neutral
বাজি এর দাবিতে অত্যাচার চালানোর অভিযোগ,Neutral
বাজি এর দাবিতে গৃহবধূর উপর অকথ্য,Neutral
বাড়ির লোকেদের বক্তব্যবিয়ের পর থেকেই বাজি এর জন্য মেয়ের উপর অত্যাচার,Neutral
বিপদ শীলের অভিযোগবিয়ের পর থেকেই বাজি এর জন্য চাপ দিতেন মেয়ের,Neutral
লোকজন তিনি বলেনবিয়ের পর থেকেই বাজি এর জন্য মেয়েকে মানসিক এবং,Neutral
দিতে অস্বীকার করেন রিঙ্কি সেই বাজি এর টাকা না পেয়েই তাঁর,Neutral
বাজি এর টাকা না পেয়ে অত্যাচার,Neutral
হয়েছিল করবি মান্নার প্রতিবেশীরা জানিয়েছেনপ্রায়ই বাজি এর টাকা আদায় করার জন্য,Neutral
বাড়ির আত্মীয়রা বাপের বাড়ি থেকে বাজি এর টাকা আনার জন্য রীতিমতো,Neutral
ওই পরিবারে বাপের বাড়ি থেকে বাজি এর টাকা আনার জন্য করবীকে,Neutral
ময়নাগুড়ির ঘটনাকে কেন্দ্র করে চাঞ্চল্য বাজি এর টাকা না পেয়ে গৃহবধূর,Neutral
বিয়ে হয় অভিযোগবিয়ের পর থেকেই বাজি এর দাবিতে পম্পা রায়ের উপর,Neutral
বিয়ে হয় অভিযোগবিয়ের পর থেকে বাজি এর দাবিতে পম্পা রায়ের উপর,Neutral
পাশার বাজি লড়ে সর্বস্বান্ত হওয়া নতুন কিছু,Neutral
জ্যেষ্ঠ পান্ডব যুধিষ্ঠির একে একে বাজি রেখেছিলেন তার রাজ্যপাটভূসম্পদ এমনকি নিজের,Neutral
লড়াইতে সেদিন বেশ কিছু টাকা বাজি রেখেছিলো রতন আশায় ছিল এবারঅন্তত,Neutral
কানু দুর্দান্ত প্রতিদ্বন্দ্বী যে মুরগিতেই বাজি ধরেকোনো মন্ত্রবলে সেই মুরগিই জিতে,Neutral
অন্যরকম হলো না আবারও রতন বাজি হারলো সবমিলিয়ে অন্তত হাজার তিনেক,Neutral
টালির ঘরটায় জুয়ার আড্ডা বসে বাজি ধরে খেলা হয় খেলোয়াড়রা সত্যি,Neutral
জোর দিয়ে বলা যায় না বাজি ধরে খেলা আইনের চোখে সঙ্গত,Neutral
শেষবারের মতো জীবনের বাজি ধরেও যেটা হলো না ঐন্দ্রিলার,Neutral
ছেড়ে দিয়েছে তবু লড়াকু ঐন্দ্রিলা বাজি রেখে মৃত্যুর সাথে পাঞ্জা লড়ে,Neutral
করতে চায় না তখনই সে বাজি ধরলো সে যদি একাই রাত,Neutral
বাঁশবাগানে ঘুরে আসতে পারেতবে সে বাজি হিসেবে নগদ ১০০ টাকা পাবে,Positive
বছরের পর বছর ধরে বাজি এর পেইন্টিংগুলি বাড়ির অভ্যন্তর নকশার,Positive
প্রকাশ করে তখন মনে আসে বাজি এর পেইন্টিং আমাদের বাড়িতে ইতিবাচক,Positive
শক্তি আঁকতে একটি দুর্দান্ত উপায় বাজি কৃতিত্বশক্তিঅগ্রগতি এবং শান্তির প্রতিনিধিত্ব করে,Positive
এবং শান্তির প্রতিনিধিত্ব করে ৭টি বাজি এর পেইন্টিং দিয়ে একটি স্থান,Positive
ধর্মেসূর্যের দেবতা সূর্যদেবের সাথে সাতটি বাজি দেখা যায় এই বাজি গুলি,Positive
সাতটি বাজি দেখা যায় এই বাজি গুলি রথকে টেনে নিয়ে যায়,Positive
যেটিতে ভগবান সূর্য চড়েন এটি বাজি চিত্রের শুভতা নির্দেশ করে বাস্তু,Positive
বাস্তু অনুসারেবাজি এর চিত্রের সাতটি বাজি শক্তি এবং সাফল্যের প্রতিনিধিত্ব করে,Positive
শক্তি এবং সাফল্যের প্রতিনিধিত্ব করে বাজি গুলিকে একটি চলমান অবস্থানে দেখানো,Positive
আপনার বাড়িতে বা অফিসে সাতটি বাজি এর পেইন্টিং থাকলে তা নেতিবাচক,Positive
বাধা হতে পারে একটি তটি বাজি এর পেইন্টিং একটি পরিবারের সদস্যদের,Positive
ঘরশয়নকক্ষঅফিস বা বাণিজ্যিক প্রাঙ্গনে সাতটি বাজি এর চিত্রের বাস্তু দিক বিবেচনা,Positive
গুরুত্বপূর্ণ বাস্তুশাস্ত্র অনুসারে বাড়ির সাত বাজি চিত্রের জন্য দক্ষিণ হল সেরা,Positive
জড়িতআপনার সেই দিকে দেওয়ালে ৭টি বাজি এর ছবি ঝুলিয়ে রাখা উচিত,Positive
উত্তর বা পূর্ব দিকে 7টি বাজি এর ছবি রাখার কথা বিবেচনা,Positive
করুন এই দিকগুলি অন্য কোনও বাজি এর চিত্র প্রদর্শনের জন্যও আদর্শ,Positive
যাইহোকবিবেচনা করার কিছু বিষয় আছে বাজি এর পেইন্টিং ঝুলানোর সময় নিশ্চিত,Positive
ঝুলানোর সময় নিশ্চিত করুন যে বাজি গুলির মুখগুলি ঘর বা অফিসের,Positive
উপর নেতিবাচক প্রভাব ফেলতে পারে বাজি এর পেইন্টিংটি আপনার সাফল্য বা,Positive
ফেং শুই অনুসারে বাজি গুলি গতিবীরত্ব এবং অধ্যবসায়ের প্রতীক,Positive
এবং অধ্যবসায়ের প্রতীক আটটি দৌড়ানো বাজি এর একটি মনোরম নকশা বাড়িতে,Positive
এবং সুখ সবই আটটি দৌড়ানো বাজি দ্বারা প্রতিনিধিত্ব করে,Positive
বাস্তু বাজি এর চিত্রে বিভিন্ন রঙের তাৎপর্যও,Positive
যুক্ত এবং সাদৃশ্য প্রচার করে বাজি শুক্র গ্রহের প্রতিনিধিত্ব করেযা আপনার,Positive
তাঁদের বিস্ময় আরও বেড়েছে দেবাশিস বাজি কিনেছেন জেনে পূর্ব মেদিনীপুরের পুলিশ,Positive
সুকেশ জৈন বলেনওই যুবক কেন বাজি কিনেছিল খতিয়ে দেখা হচ্ছে,Positive
ষোল হাজার টাকা দিয়ে একটি বাজি কিনে আনেন দেবাশিস বাজি রাখা,Positive
একটি বাজি কিনে আনেন দেবাশিস বাজি রাখা নিয়ে তমালবাবু আপত্তি করলে,Positive
বাজি এমন একটি প্রাণী যারা অনেক,Positive
তবে আগেকার যুগে বেশিভাগ সময় বাজি এর পিঠে চেপে যাত্রা করা,Positive
চেপে যাত্রা করা হত তাই বাজি আমাদের পরিচিত একটি প্রাণী তবে,Positive
আমাদের পরিচিত একটি প্রাণী তবে বাজি এর অনেক প্রজাতি আছে,Positive
এই বাজিগুলো পৃথিবীর সবচেয়ে সুন্দর বাজি গুলির মধ্যে একটি আমরা রূপকথার,Positive
একটি আমরা রূপকথার গল্পে পক্ষীরাজ বাজি এর কথা তো শুনেছি এদেরকে,Positive
হবে সেই রূপকথার গল্পে পক্ষীরাজ বাজি এদেরকে খুব সুন্দর দেখতে হয়,Positive
এই বাজি এর প্রজাতির চোখ এবং দৃষ্টিশক্তি,Positive
খুবই প্রখর হয়ে থাকে এই বাজি এর প্রজাতিগুলিকে ব্রিটেনে দেখতে পাওয়া,Positive
খুব তেলতেলে হয়ে থাকে এই বাজি গুলিকে মূলত ডমেস্টিক এরিয়াতে দেখতে,Positive
নরওয়েতে পাওয়া এই বাজি এর প্রজাতিগুলি খুবই সুন্দর ও,Positive
সুন্দর ও আকর্ষণীয় হয় এই বাজি গুলি স্বভাব খুবই শান্ত প্রকৃতির,Positive
শান্ত প্রকৃতির হয়ে থাকে এই বাজি গুলিকে আবার বোমপ্রুফ নামেও পরিচিত,Positive
এই বাজি গুলি প্রায় ছয়শো বছর আগে,Positive
জন্মে ছিল সাউদান জার্মানিতে এই বাজি গুলিকে দ্যা ব্ল্যাক ফরেস্ট হর্স,Positive
ব্লাড নামেও পরিচিত এই প্রজাতির বাজি এর ঘাড় এবং লেজের লোম,Positive
শেখ বিগত চল্লিশ বছর ধরে বাজি এর গাড়ি চালাচ্ছেন তাঁর বাজি,Positive
বাজি এর গাড়ি চালাচ্ছেন তাঁর বাজি এর নাম রাজু সেই বাজি,Positive
বাজি এর নাম রাজু সেই বাজি এর বয়স কুড়ি বছর এক,Positive
বাজার শহরে এক সময় প্রচুর বাজি এর গাড়ি ছিল যাতায়াতের জন্য,Positive
এর গাড়ি ছিল যাতায়াতের জন্য বাজি এর গাড়ি ছিল একমাত্র সম্বল,Positive
প্রান্ত মানুষ যেতে গেলেই এই বাজি এর গাড়ি ছিল তাদের একমাত্র,Positive
গাড়ি থেকে বড় গাড়ি হওয়াতে বাজি এর গাড়িতে আর কেউ চাপে,Positive
কেউ চাপে না যার ফলে বাজি এর গাড়িতে এখন মাল বোঝাই,Positive
শেখ বিগত চল্লিশ বছর ধরে বাজি এর গাড়ি চালক হিসেবে কাজ,Positive
কাজ করছে তিনি জানানএখন তাঁর বাজি এর গাড়িতে মানুষ চাপেন না,Positive
ছিল না তখন মানুষ যেত বাজি এর গাড়িতে তখন দিনে প্রায়,Positive
ডিজিটাল ইন্ডিয়ার এই যুগে বাজি এর গাড়ি আর নেই বললেই,Positive
গন্তব্যে যাওয়ার জন্য আর এই বাজি এর গাড়ি ব্যবহার করা হয়,Positive
করা হয় না তবে এই বাজি এর গাড়িতেই চেপে এক সময়,Positive
সরকারের বাবুরা এমনকী টলিউডবলিউডের সিনেমাতে বাজি এর গাড়ি ছিল একমাত্র বাহনকারী,Positive
বাজি ও মানুষকে বুঝতে পারে এবং,Positive
পরীক্ষা করতে গিয়ে বিজ্ঞানীরা কয়েকটি বাজি এর প্রশিক্ষণ দিয়েছেন এসব বাজিকে,Positive
নেতৃত্ব দিয়েছেন তিনি বলছেনএই গবেষণায় বাজি এর কাছে কিভাবে জানতে চাওয়া,Positive
মতো নরডিক দেশগুলোতে সারা বছরেই বাজি এর গায়ে কম্বল পড়ানো থাকে,Positive
চালিয়েছি দেখার চেষ্টা করেছি এই বাজি এর শেখার ক্ষমতা কি ধরনেরকি,Positive
জিনিস সে শিখতে পারে এবং বাজি কিভাবে চিন্তা করে প্রায়শই মনে,Positive
প্রায়শই মনে করা হয় যে বাজি খুব বেশি বুদ্ধিমান প্রাণী নয়,Positive
এই গবেষণায় বিভিন্ন প্রজাতির তেইশটি বাজি এর আচরণ পরীক্ষা করে দেখা,Positive
পরেই এসব পরীক্ষা চালানো হয় বাজি গুলোকে প্রথমে শেখানো হয়েছে প্রাচীরের,Positive
তারপর বাজি গুলোকে শেখানো হয়েছে বোর্ডে যেসব,Positive
খুব ঠাণ্ডা পড়েছে এরকম আবহাওয়াতেই বাজি গুলো কম্বল পড়তে চেয়েছে কিন্তু,Positive
প্রয়োজন ও ইচ্ছা অনুসারেই এসব বাজি সিদ্ধান্ত নিতে পারছে এবং সেটা,Positive
পদ্ধতি ব্যবহার করে বিজ্ঞানীরা এখন বাজি আরো অনেক প্রশ্ন করতে পারেন,Positive
আজ বেশ অবাকই হলো তুতুন বাজি মানে সে জানতো এতদিন যা,Positive
সবাই চড়কি তুবড়ি কত কি বাজি পোড়ালো তবে আজ বাঙালির দিদিমনি,Positive
তবে আজ বাঙালির দিদিমনি বললেন বাজি মানে নাকি ঘোড়া ও হয়,Positive
ঠিক তুতুন আজ থেকে শিখলো বাজি শব্দের নতুন মানে ঘোড়া মনে,Positive
এই যজ্ঞএর নিয়ম অনুযায়ী একটি বাজি যুদ্ধসাজে সাজিয়ে ছেড়ে দেওয়া হয়,Positive
রাজা এই যোগ্য করছেন সে বাজি যতদূর বা যত দেশ অতিক্রম,Positive
যদি কেউ যাত্রাপথে কেউ সেই বাজি ধরেন বা তার গতিরোধ করেন,Positive
হয় বেশ দীর্ঘ সময় পর বাজি রাজ্যে ফিরে এলে যজ্ঞানুষ্ঠান শেষ,Positive
কলকাতার রেসকোর্স বেশ আকর্ষণীয় স্থান বাজি দৌড়ে সামিল হন বিভিন্ন প্রান্তের,Positive
তাদের নিয়ে জকিদের মরণপণ দৌড় বাজি রেসের মাঠে প্রতিদিন ভাগ্যের খেলা,Positive
অধীশ্বরী এলিজাবেথের অন্যতম পছন্দের জীব বাজি তাঁর প্রাসাদের ঘোড়াশালে রয়েছে হরেকরকম,Positive
তাঁর প্রাসাদের ঘোড়াশালে রয়েছে হরেকরকম বাজি এর সমাগম খুব অল্প বয়স,Positive
সমাগম খুব অল্প বয়স থেকেই বাজি জীবটির প্রতি অসীম মমতাবোধ গড়ে,Positive
বসে রয়েছেন সওয়ারী হয়ে নিয়মিত বাজি দৌড়েও অংশ নিতেন এবং উৎসাহ,Positive
বাজি জীবটি বহুদিন ধরেই মানুষের খুব,Positive
বহুজনের মতেই কুকুরের পর আসে বাজি অর্থাৎ দ্বিতীয় স্থান পায় পূর্ব,Positive
তাদের জাতীয় পশু হিসেবে তুরস্কআরবের বাজি বা ঘোড়ার খ্যাতি বিশ্বজোড়া যেমন,Positive
মানক রাজপরিবার বা ঐতিহ্যের সাথেও বাজি ওতপ্রোতভাবে জড়িত,Positive
বাজি ছাড়া জমকালো উৎসবের কথা চিন্তা,Positive
চিন্তা করা যায় আর এই বাজি এর প্রচলন অনেক পুরোনো গবেষকেরা,Positive
চীনের মানুষ বাঁশ দিয়ে একধরনের বাজি তৈরি করত সে বাজি ফোটানো,Positive
একধরনের বাজি তৈরি করত সে বাজি ফোটানো হতো সব অপশক্তিকে লোকালয়,Positive
বিভিন্ন জাতি ও ধর্মীয় গোষ্ঠী বাজি ফুটিয়ে বিজয়োৎসব পালন করত বিভিন্ন,Positive
পালন করত বিভিন্ন ধর্মীয় অনুষ্ঠানেও বাজি পোড়ানো হতো ইতিহাস থেকে জানা,Positive
থেকে জানা যায়নবম শতকে চীনারা বাজি তৈরির জন্য বারুদ ব্যবহার করত,Positive
সাধন করে পঞ্চদশ শতক থেকে বাজি জনপ্রিয়তা লাভ করতে শুরু করে,Positive
আতশ রাসায়নিক দ্রব্য দিয়ে তৈরী বাজি বিশেষ যা বিভিন্ন উৎসবে প্রজ্বলন,Positive
প্রজ্বলন করা হয় আতশ প্রদর্শনীকে বাজি হিসেবে আখ্যায়িত করা হয়ে থাকে,Positive
মধ্যে বিজয়োৎসব ও ধর্মীয় অনুষ্ঠানে বাজি প্রদর্শনের রীতি চলে আসছে,Positive
একথা বলেন নি যেতোমরা বাজি পোড়াও হ্যাশিশুরা কোন সময় তা,Positive
বাজি হল এমন এক আনন্দযা একা,Positive
নিয়েও ছিল হইচই তাই দোকানের বাজি এর উপর ভরসা না করে,Positive
উপর ভরসা না করে নিজেই বাজি বানিয়ে নিতেন অনেকে আর সেই,Positive
সে সময়ে আবার বাজি বানানো হত দল বেঁধে কালীপুজোর,Positive
পুরুষরা কাজ থেকে ফিরে বসতেন বাজি বানাতে বাড়িতে বানানো তুবড়ির আগুন,Positive
কার্তিক পড়তেই শুরু হয়ে যেত বাজি তৈরির প্রস্তুতি বাজি পুড়ে ছাই,Positive
হয়ে যেত বাজি তৈরির প্রস্তুতি বাজি পুড়ে ছাই হয়ে যেতে কয়েক,Positive
এখন বাজি এর প্রদর্শন হয় দোকানে কেনা,Positive
এর প্রদর্শন হয় দোকানে কেনা বাজি দিয়ে আগে কিন্তু তেমনটা হত,Positive
না প্রতিযোগিতা হত হাতে বানানো বাজি এর কার বানানো ছুঁচো বাজি,Positive
বাজি এর কার বানানো ছুঁচো বাজি সবচেয়ে বেশি ক্ষণ মাঠে দাপিয়ে,Positive
দাপিয়ে বেড়ালসেটাই দেখা হত সেরা বাজি বানানোর গর্বে চওড়া হত বুক,Positive
মাত্র একদিন তারপরেই আলোর ও বাজি এর উৎসবে সেজে উঠবে গোটা,Positive
মত্ত হবে আম বাঙালিসেই সঙ্গে বাজি এর মজায় ভাসবে বাঙালি গত,Positive
ফের উজ্জ্বল আলোর রোশনাই ও বাজি এর মজা,Positive
তারাবাতিরংমশালচরকিরকেটের মত চিরাচরিত সাবেক বাজি এর সঙ্গে এখন নাম জুড়েছে,Positive
নাম জুড়েছে হরেক রকম হালফিলের বাজি এরও তার মধ্যে মূলত প্রধান,Positive
এই বছর নিউ নর্মালে ফিরতেই বাজি কেনার উৎসাহ রয়েছে দ্বিগুন,Positive
বাংলার বাজি বাজার বা বাজি তৈরির কারখানার,Positive
বাংলার বাজি বাজার বা বাজি তৈরির কারখানার কথা উঠলেই সকলের,Positive
চব্বিশ পরগণার বারুইপুর চম্পাহাটি হারালের বাজি বাজারের এবারও তার কোনও রকম,Positive
বড় সকলেই কেনাকাটা করতে হাজির বাজি বাজারে কেমন ভিড় হচ্ছেকতটা লাভ,Positive
কেমন ভিড় হচ্ছেকতটা লাভ করছেন বাজি ব্যবসায়ীরা তা জানালেন তাঁরাই এবারে,Positive
ব্যবসায়ীরা তা জানালেন তাঁরাই এবারে বাজি এর চাহিদা প্রচুর দোকানে কোনও,Positive
এর চাহিদা প্রচুর দোকানে কোনও বাজি পড়ে থাকবে না বলেই আশাবাদী,Positive
থেকে ছোটসব দোকানেই কমবেশি এই বাজি মিলবে বলে জানা গিয়েছে তবে,Positive
দিনগুলোকে আরও আলোকময় করে তোলে বাজি এর রোশনাই সন্ধে নামতেই তাই,Positive
থেকে বড় সকলেই মেতে ওঠেন বাজি এর আনন্দে বাজি সুন্দরকিন্তু তা,Positive
মেতে ওঠেন বাজি এর আনন্দে বাজি সুন্দরকিন্তু তা দিনের শেষে আগুন,Positive
বা বরফ এর সুবন্দোবস্ত রাখুন বাজি ফাটানোর সময় সুতির জামা পড়ুন,Positive
ফাঁকা ও নির্দিষ্ট জায়গায় কেবল বাজি এর আনন্দ নিন ঘরে ছোট,Positive
কোনওভাবে আতঙ্কিত হচ্ছে কিনা দেখুন বাজি ফাটানোর সময় নেশা থেকে দূরে,Positive
মিষ্টি খাওয়া হত পাড়ায় পাড়ায় বাজি ফাটানোর চল ছিল অনেক বেশি,Positive
ও রংমশাল খুব আনন্দ করে বাজি কিনতেন সকলে,Positive
রণদেব একগাদা বাজি কিনে এনেছে অন্তত কুড়িপঁচিশটাকার তো,Positive
আছে ছেলেবেলায় মুঙ্গেরে দেখেছিলদেওয়ালির দিনেমালবিকাকে বাজি নিয়ে হইহই করতে রণদেব নিজেও,Positive
করতে রণদেব নিজেও অবশ্য তখন বাজি নিয়ে খুব মেতে উঠতনিজের হাতে,Positive
থাকে রংমশালতুবড়িচরকিফুলঝুরিরকেট ও আরও নানা বাজি ফাটানো,Positive
করে অনুষ্ঠিত একটি উৎসবআলোকসজ্জা ও বাজি এর উৎসবের মধ্য দিয়ে সারারাত্রিব্যাপি,Positive
মাত্রেই মনে পড়ে ছোটো থেকেই বাজি ফাটানোর ধুমহাজারো আলোর রোশনাইদীপাবলির আনন্দে,Positive
ও বাহির বাবার হাত ধরে বাজি কিনতে যাওয়াখেলনা কেনাসবই এই কালিপুজোর,Positive
কালিপুজোর অঙ্গ রাঙা বিভাস ও বাজি এর সমারোহে দিপান্বিতা এই পুজোশঙ্খ,Positive
থেকে অনেকটাই আলাদাঅনেক বেশি রোমাঞ্চকরসারারাত বাজি ফাটানোপরিবারের সাথে মজা করাসকালে উঠে,Positive
মধুর টানশক্তির আরাধনাআলোর রোশনাইহরেক রকম বাজি এইসবের সমষ্টিই তো দীপাবলির অন্যরূপ,Positive
আর বাজি পোড়ানোতো আমার সবচাইতে কাছেরছোটবেলা থেকেই,Positive
আসলে মনে পুলক জাগতোসারারাত জেগে বাজি ফাটানোর আনন্দ আমাকে জাগিয়ে রাখতো,Positive
রাখতো কালিপটকারংমশালতারাবাজি আরো কত কিঅগণিত বাজি এর রোশনাই ভরা আকাশ আমার,Positive
প্রিয়কালীপুজো মানেই এর ওতপ্রোত অঙ্গ বাজি এর আলোরঙিনত্বের আমেজ,Positive
রাজধানী ওয়াশিংটনসহ দেশজুড়ে বিপুল পরিমাণ বাজি ফোটানো হতো স্বাধীনতা দিবসের রাতে,Positive
বছর বিভিন্ন ঈদে আর উৎসবে বাজি দেখতে ওর অনেক ভালো লাগে,Positive
প্রায়ই দাদার কাছে আবদার করে বাজি ফোটানোর জন্য বাজি এর আলো,Positive
আবদার করে বাজি ফোটানোর জন্য বাজি এর আলো চারদিকে বিচ্ছুরিত হয়,Positive
আকাশ ছেয়ে যায় ফানুস আর বাজি এর ঝলকানিতে ঘড়ির কাটা ১২,Positive
আলোর রোশনাই প্রায় লক্ষাধিক টাকার বাজি পুড়লো মেলবোর্নের স্টেডিয়ামে এই আলোকময়,Positive
তাকে কালীপুজোয় অন্তত পাঁচ রকমের বাজি কিনে দিতেই হবে তার বন্ধুরা,Positive
করেছে কে কে কি কি বাজি কিনেছে বা কিনতে চলেছে এবারে,Positive
বা কিনতে চলেছে এবারে কোন বাজি সুপারহিটপাশের পাড়ার পটলদের নাকের গোড়ায়,Positive
পাড়ার পটলদের নাকের গোড়ায় এমন বাজি ফাটাতে হবে যেন তারা আর,Positive
ফাটাতে হবে যেন তারা আর বাজি নিয়ে মুখ খোলার সাহস না,Positive
করেছে পটলরা সবাই মিলে কালীপুজোর বাজি নিয়ে তাই এবার বুল্টি রিনিরা,Positive
রিনিরা মাঠে নামছে আরো ভালো বাজি নিয়ে পটল এন্ড গ্রুপকে যোগ্য,Positive
প্রেসিডেন্ট পদাধিকারী বুল্টিকে অন্তত পাঁচরকম বাজি কিনতেই হবেপাড়ার মানসম্মানের প্রশ্ন বলে,Positive
বলে কথা সবাই মুখিয়ে আছে বাজি ভরা সন্ধ্যেতে আলোর রোশনাই দেখবে,Positive
মাসখানিক আগে থেকেই কলকাতার বিখ্যাত বাজি বাজারগুলি ভরে ওঠে মানুষের সমাগমে,Positive
প্রতিদিন বিক্রি হয় রাশি রাশি বাজি শব্দবাজি থেকে শুরু করে চড়কিতুবড়িরংমশালহাউই,Positive
মহা উৎসাহে সেখানে ঘুরে ঘুরে বাজি দেখছেন নেড়ে ছেড়েদর দাম করছেনপছন্দমতো,Positive
চোখে দেখে মেপে নিচ্ছেন কোন বাজি ঠিক কতটা জোরে বা কতটা,Positive
কিনে চলেছে একের পর এক বাজি সকলের হাতের ব্যাগ ভর্তি হয়ে,Positive
বিয়ের মরশুমে সরগরম বাজি বাজার বাঙালিঅবাঙালি সব বিয়েতেই আজকাল,Positive
বাজার বাঙালিঅবাঙালি সব বিয়েতেই আজকাল বাজি পোড়ানোর প্রচলন হয়েছে বরযাত্রী বা,Positive
আনন্দ যেমন আছে তেমনি আছে বাজি বাজারের আর্থিক উন্নতি হাসি ফুটছে,Positive
বাজারের আর্থিক উন্নতি হাসি ফুটছে বাজি বিক্রেতাদের মুখেও রকেটশেল ইত্যাদি বাজি,Positive
বাজি বিক্রেতাদের মুখেও রকেটশেল ইত্যাদি বাজি এর চোখ ধাঁধানো বাহার দেখে,Positive
তেমনই তার শোভা সত্যি এসব বাজি এর আভিজাত্যই আলাদা,Positive
পেয়ে যায় শহরের প্রান্তের এই বাজি কারখানার সাহস করে একদিন ভিতরে,Positive
একটি কাজ তার কাজ হবে বাজি বাঁধা আর বাজি তৈরিতে যে,Positive
কাজ হবে বাজি বাঁধা আর বাজি তৈরিতে যে মশলার মিশ্রণ লাগে,Positive
থেকেই সে যোগ দেবে এই বাজি কারখানার কাজে,Positive
