Sentences,Emotion
হুলুস্থূল কান্ড অত্যাধিক গরমের কারণে মেলা খাবার নষ্ট হয়ে গেছে রঞ্জনার,Negative
অ্যাসাইনমেন্ট লিখছে আসলে ওর কলেজে মেলা অ্যাসাইনমেন্ট দিয়েছে যেগুলো কালকের মধ্যেই,Negative
তখন থেকে কানের কাছে এসে মেলা বাজে বকে যাচ্ছিস,Negative
থাকবো সেই কপাল আছে আমার মেলা কাজ পরে আছে সকাল থেকে,Negative
না তোর ফোনটা রাখনা এবার মেলা কাজ বাকি আছে একটু হাতে,Negative
সাফ জানিয়ে দিয়েছে আমার কাছে মেলা ঘ্যানঘ্যান করে কোনো লাভ নেই,Negative
মালিক শিবুর কোনো দোষ নেই মেলা বকবক না করে যেটুকু জিজ্ঞাসা,Negative
এই মাসে একটু চাপ আছে মেলা খরচ করিস না জুতোটা তো,Negative
জন্য রান্না করতেন তিনি সারাদিন মেলা পরিশ্রম করার পর রাতের খাবার,Negative
দিনাজপুরে এবছর মেলা রসুন চাষ হলেও রোগবালাইয়ের কারণে,Negative
এখনও বলছি... ভাগ এখান থেকে মেলা বকবক করিস না মাথা ধরে,Negative
দিনদিন দেশটা উচ্ছন্নে যাচ্ছে মেলা মাদক উদ্ধার করল রেল পুলিশ,Negative
মেলা পরিমাণে আগ্নেয়াস্ত্র সহ ধৃত ১২,Negative
ক্রমেই বাড়ছে গত কয়েকদিন ধরে মেলা বৃষ্টিপাতের ফলে বন্যা এবং ভূমিধ্বসের,Negative
শুনে তো রুমির কপালে হাত মেলা কাজ পরে আছে এতো অল্প,Negative
ঝাড়তে হবে বিছানার চাদর পাল্টানো মেলা জামাকাপড় ওয়াশিং মেশিনে দুপুর থেকে,Negative
কিনেই বাড়ি যেতে হবে বাড়িতে মেলা কাজ বাকি এর মধ্যে অভীক,Negative
গিয়ে এক ধমক দিয়ে বললো মেলা ঘ্যানঘ্যান করিস না তো কানের,Negative
বাড়িতে মেলা কাজ পড়ে তন্বি দুদিন এত,Negative
বাসন ধোয়া ঝাঁট পালা এরকম মেলা কাজ থেকেই থাকেই কিন্তু উপায়,Negative
খাবারও আর খাওয়ার উপযুক্ত নেই মেলা খাবার ফেলে দিতে হচ্ছে দোষটা,Negative
করবি না বড়োলোক কাস্টমার পেয়ে মেলা বাজে খরচ করিয়েছে ক্যাটারাররা তাও,Negative
হয়ে যাচ্ছে কিন্তু থাম এবার মেলা বকিস না মেয়েদের স্মোক করা,Negative
করা আছে খেতে হলে খা মেলা কাজ পরে আছে আমার আমি,Negative
করেই দেখবে রেগে গিয়ে বললাম মেলা বাজে বকছিস কেন দরকারি কথাটা,Negative
জন্য রান্না করতেন তিনি সারাদিন মেলা পরিশ্রম করার পর রাতের খাবার,Negative
জমিয়ে বসেছে কেদার যা যা মেলা বকিস নে এখন এ আমার,Negative
ছুরী তোর ঘুম নেই অত মেলা বকিস কেন দেখচিস না ঘুমচ্ছি,Negative
হবে আজ আমিও ঢেলা মারব মেলা বড় ফজলী আম রে খুব,Negative
থামিয়ে দিয়ে বলল যা যা মেলা বাজে বকিস না নে কফিটা,Negative
দিবি গোপীনাথ বাধা দিল আঃ মেলা বকিস না মন যদি মা,Neutral
আমি রাগিয়া গেলাম মেলা ফ্যাঁচ ফ্যাঁচ করিস নে তো,Neutral
তেল কি তোর ফুরিয়ে যাবে মেলা বকিস না আসবে কয়থেকে রে,Neutral
জামাকাপড় তুলতে যান উঠোনে কাপড় মেলা হয় যে তারে সেই লোহার,Neutral
সাজিয়ে রাখা বইয়ের ফাঁক বারান্দায় মেলা ভিজে কাপড় কলকাতা পুরসভার ভেক্টর,Neutral
পড়ে রয়েছে জেটির রেলিংয়ে সারাদিনই মেলা থাকে জামাকাপড় স্থানীয় ঝুপড়িবাসীরা গঙ্গায়,Neutral
বৃষ্টির দিনের খেলার নাম কাপড় মেলা কাপড় তোলা কথাটা কিন্তু সত্যি,Neutral
মাটির গন্ধ আগের দিন ছাদে মেলা জামা কাপড় গুলো সব ভিজে,Neutral
তুলে নিতে ভুলে গিয়েছিলাম সেই মেলা কাপরগুলো তুলতে ছাদে যাবো আমরা,Neutral
লেপকম্বল বের করে একটু রোদে মেলা,Neutral
কাচা ও ছাদে গিয়ে সেগুলো মেলা,Neutral
ডাক দিয়ে বললো তোর জামাকাপড় মেলা হয়ে গেলে নীচে আয় তাড়াতাড়ি,Neutral
বক বক করতে লাগলো জামাকাপড় মেলা এতক্ষনেও হয় না এতো ধীরে,Neutral
কিভাবে হবে ওদিকে মেয়েটির জামাকাপড় মেলা হয়ে গেলে গাছে জল দিয়ে,Neutral
নিংড়ে নিয়ে তা ফ্যানের সামনে মেলা উচিত এছাড়া একটি ঘরে হিটার,Neutral
হিটার চালিয়ে সেই ঘরে জামাকাপড় মেলা যেতে পারে এর ফলে বর্ষাকালে,Neutral
মেঘলা হচ্ছে ছাদে অনেক জামাকাপড় মেলা আছে একটু তুলে নিয়ে আয়,Neutral
নেলপালিশ ঘেটে যাবে থাকনা যেমন মেলা আছে থাক আমি পরে গিয়ে,Neutral
না একবার সকাল থেকে ছাদে মেলা আছে প্রায় শুকিয়ে গেছে বৃষ্টি,Neutral
তারা গামলা নিয়ে উঠোনে কাপড় মেলা করতে লাগলো,Neutral
নামিয়ে তা দুএকবার কড়া রোদে মেলা ভালো এর ফলে পোকার আক্রমণ,Neutral
ছাঁট আসে না সেদিকে কাপড় মেলা হয় রোদ উঠলে রোদে দিন,Neutral
ওয়াশিং মেশিনে না শুকিয়ে রোদে মেলা হয়,Neutral
কাপড় শীতের কাপড় নিয়মিত রোদে মেলা হলে অনেক দিন পর্যন্ত টিকে,Neutral
দৌড়ে ছাদে গিয়ে আগেরদিন রাতে মেলা জামা কাপড় আনতে গিয়ে ডিমটা,Neutral
আগে বিকেল না হতেই ছাদে মেলা সমস্ত জামাকাপড় তুই ঘরে তুলে,Neutral
ব্যবহার করুন চড়া রোদে কাপড় মেলা উচিত না খুব বেশি হলে,Neutral
৪৫ মিনিট সুতির জামাকাপড় রোদে মেলা হয়,Neutral
ঘরের ভিতর একগাদা জামা কাপড় মেলা যেন প্রতিদিনের ঘটনা সকালে রোদ,Neutral
জামাকাপড় ধুয়ে ছাদে বা বারান্দায় মেলা হয় দুপুর হতেই আকাশ কালো,Neutral
ছাদে জামা কাপড় মেলা আছে হঠাৎ বৃষ্টি নামলো এদিকে,Positive
বৃষ্টির আশঙ্কা থাকায় বাইরে কাপড় মেলা সম্ভব হয় না কিন্তু যে,Positive
বর্ষায় ছাদে জামাকাপড় মেলা সম্ভব নয় এ দিকে ব্যবহৃত,Positive
থেকে ধান কেটে আগে জমিতে মেলা হয় তারপর চাষিরা সেই ধান,Positive
মায়ের তো লেপ কম্বল ছাদে মেলা শুরু হয়েও গেছে রোদে মেলা,Positive
মেলা শুরু হয়েও গেছে রোদে মেলা গরম গরম কম্বল গায়ে দিতে,Positive
তখন রোদ থাকে না কিন্তু মেলা থাকলে জল টা ঝরে যায়,Positive
টা ঝরে যায় সারারাত বারান্দাতেই মেলা থাকে ঘরে আর তুলিনা ভিজে,Positive
বড়ো দায়িত্ব বাজি কিনে রোদে মেলা আর রোদ চলে গেলে আবার,Positive
রোজ একটু করে বাজিগুলো রোদে মেলা থাকলে কালীপুজোর রাতে মজা করে,Positive
দিয়ে এলাম আমি ওগুলো রোদে মেলা থাকবে এখন বেশ কিছুদিন মানে,Positive
কাজ এদিকে হাতের জামাকাপড় গুলো মেলা হয়ে গেলেই আমায় রান্নাটা চাপিয়ে,Positive
মেলা হল যখন একটি সামাজিক ধর্মীয়,Positive
স্থানে অনেক মানুষ একত্রিত হয় মেলা শব্দটি শোনার সঙ্গে সঙ্গে আমাদের,Positive
মেলা লোকসংস্কৃতির পরিচয়বাহী মেলাএ জাতি ধর্ম,Positive
মেলা হল সৃজনশীলতার একটা ক্ষেত্র মেলা,Positive
মেলা হল সৃজনশীলতার একটা ক্ষেত্র মেলা এখান থেকে অনেক শিল্পীর জন্ম,Positive
রাসবাড়িতে খুবই বড়ো করে রাস মেলা হয় প্রতি বছর,Positive
মেলা উপলক্ষে প্রতি বছরই এই সময়টা,Positive
থাকে উদ্দেশ্য একটাই সবাই মিলে মেলা দেখতে যাবে এই কটা দিনের,Positive
বিকালে অনুষারা সবাই মিলে মেলা দেখতে গিয়ে খুবই মজা করলো,Positive
গ্রামে খুব বড়ো করে চরকের মেলা হয় বহু প্রাচীন এই মেলা,Positive
মেলা হয় বহু প্রাচীন এই মেলা এই মেলা ঘিরে পুরো গ্রাম,Positive
বহু প্রাচীন এই মেলা এই মেলা ঘিরে পুরো গ্রাম আনন্দে মেটে,Positive
আমরা এই চরকের মেলা দেখার উদ্দেশ্যে মৌমিতাদের বাড়ি এসেছে,Positive
দিন ধরে ভীষণ আনন্দ করে মেলা ঘুরলাম প্রতিদিনই মেলা দেখতে গিয়ে,Positive
আনন্দ করে মেলা ঘুরলাম প্রতিদিনই মেলা দেখতে গিয়ে নতুন নতুন অভিজ্ঞতা,Positive
আমরা খুব আনন্দ করে মেলা থেকে হাতের তৈরী হার কানের,Positive
একটু বেশি করেই কিনে ফেললাম মেলা থেকে বাড়ির লোকদের জন্য অনেক,Positive
এই মেলা আমাদের গ্রামের মানুষদের হাতের তৈরী,Positive
না জানি না তবে এই মেলা গ্রামবাসীদের সঙ্গে আমাদের এক নিবিড়,Positive
আয়োজন করা হয় যা রামকেলির মেলা নামে পরিচিত এটাই মালদা জেলার,Positive
সব চেয়ে বড় ও প্রাচীন মেলা প্রচুর মানুষের অর্থউপার্জন নির্ভর করে,Positive
হিন্দু মেলা ব্রিটিশ ভারতে হিন্দু সম্প্রদায়ের মনে,Positive
চেতনার প্রসারের উদ্দেশ্যে আয়োজিত একটি মেলা এই মেলা জাতীয় মেলা ও,Positive
উদ্দেশ্যে আয়োজিত একটি মেলা এই মেলা জাতীয় মেলা ও স্বদেশী মেলা,Positive
একটি মেলা এই মেলা জাতীয় মেলা ও স্বদেশী মেলা নামেও পরিচিতি,Positive
মেলা জাতীয় মেলা ও স্বদেশী মেলা নামেও পরিচিতি লাভ করে ১৮৬৭,Positive
পরিবারের সহযোগিতায় কলকাতায় প্রথম হিন্দু মেলা আয়োজিত হয়েছিল,Positive
মার্চের ১১১৩ তারিখ পর্যন্ত লালন মেলা অনুষ্ঠিত হয় এছাড়া অক্টোবর এর,Positive
আখড়ায় ৩ দিন ব্যাপী বিশাল মেলা হয় যা লালন মেলা নামে,Positive
বিশাল মেলা হয় যা লালন মেলা নামে পরিচিত রাত ভর চলে,Positive
দীর্ঘকাল ধরে চলে আসছে রাস মেলা হিন্দু ধর্মাবলম্বী পুণ্যার্থীরা পুণ্যস্নানের জন্য,Positive
থানা ও আদালত গঠিত হত মেলা উপলক্ষে,Positive
এগিয়ে এসেছে নরসিংদীর ঐতিহ্যবাহী বাউল মেলা সপ্তাহব্যাপী অনুষ্ঠিতব্য এ বাউলের মেলা,Positive
মেলা সপ্তাহব্যাপী অনুষ্ঠিতব্য এ বাউলের মেলা আয়োজন নিয়ে চলছে মহা ধুমধাম,Positive
চলবে ৬শ বছরের ঐতিহ্যবাহী এই মেলা,Positive
থানা ও আদালত গঠিত হত মেলা উপলক্ষে,Positive
বছরে একদিন রামকৃষ্ণদেবের জন্মতিথি উপলক্ষে মেলা আয়োজিত হয় রামকৃষ্ণদেবের জন্মতিথির পরের,Positive
ধুমধাম করে আয়োজিত হয় এই মেলা দূর দূর থেকে অনেক লোক,Positive
মেলা ঘিরে গ্রামীণ জীবনে আসে প্রানচাঞ্চল্য,Positive
