Sentences,Emotion
মাত্রাতিরিক্ত সিদ্ধি সেবনের কারণে মানসিক ও শারীরিক,Negative
সামাজিক দক্ষতা কমে যায় দীর্ঘদিন সিদ্ধি খেলে এর ওপর নির্ভরশীলতা তৈরি,Negative
নির্ভরশীলতা তৈরি হয় দিন দিন সিদ্ধি খাওয়ার মাত্রা অনেক বেড়ে যায়,Negative
সিদ্ধি বার বার সেবন করলে আসক্তি,Negative
মানুষের চিন্তা কে বিকৃত করে সিদ্ধি অতিরিক্ত সেবনে স্মৃতিশক্তি নষ্ট হতে,Negative
এগুলো বদল হয়ে যায় এছহারাও সিদ্ধি সেবনে শরীরের শিথিলতা আসে মস্তিষ্কের,Negative
কমবেশি সিদ্ধি সেবন করলেই পার্শ্ব প্রতিক্রিয়া দেখা,Negative
ঝুঁকিপূর্ণ হয়ে পড়ে দীর্ঘ দিন সিদ্ধি সেবনে ফুসফুস এবং হৃদপিন্ড দুটোই,Negative
সিদ্ধি সেবনকারীরা ভীষণ আবেগপ্রবণ হয় কখনো,Negative
মনমরা থাকে অনেক সময় বেশি সিদ্ধি সেবনে কোনো কিছু মনে রাখাতে,Negative
পরিতোষ সেদিন খুব বেশি সিদ্ধি সেবনে প্রচুর অর্থহীন কথা বার্তা,Negative
অর্থহীন কথা বার্তা বলছিলো অতিরিক্ত সিদ্ধি সেবনে ওর হাত পা কাঁপছিল,Negative
সিদ্ধি সেবনকারীরা প্রথম দিকে খাওয়াদাওয়া বেশি,Negative
রুচি একেবারে কমে যায় দীর্ঘমেয়াদি সিদ্ধি সেবনে রক্তচাপ কমে যায়,Negative
ধীরে ধীরে সিদ্ধি সেবনকারীরা সবকিছু থেকে আনন্দ হারায়,Negative
নিজেকে সব সময় গুটিয়ে রাখে সিদ্ধি সেবনে ঘুমের নিয়ম ব্যাহত হয়,Negative
সিদ্ধি সেবনে তাল হারিয়ে ফেললে মানসম্মান,Negative
বলে কিছুই থাকে না মাত্রাতিরিক্ত সিদ্ধি সেবনকারী মানুষ হঠাৎ করে উত্তেজিত,Negative
অনেক সময় কেউ ডিপ্রেশনের কারণে সিদ্ধি সেবন করলে আত্মহত্যার চেষ্টাও করে,Negative
বিনা কারণে অন্যকে সন্দেহ করে সিদ্ধি সেবনের অভ্যাসের দরুণ নিজের ক্ষতি,Negative
গাঁজা বা সিদ্ধি মানুষের স্মৃতিশক্তি নষ্ট করে দেয়,Negative
স্মৃতিশক্তি নষ্ট করে দেয় কারণ সিদ্ধি মস্তিষ্কের কোষ নষ্ট করে দেয়ার,Negative
এসোসিয়েশন এর গবেষণায় দেখা গেছে সিদ্ধি সেবনের পর হার্টঅ্যাটাকের ঝুঁকি সাধারণ,Negative
যায় যদি কোন নারী গর্ভাবস্থায় সিদ্ধি সেবন করে তবে সাধারণত এর,Negative
হতে থাকে; তাই নিয়মিত গাঁজা সিদ্ধি এর ব্যবহারে তাদেরই সবচেয়ে বেশি,Negative
ব্লুমফিল্ড বিশেষজ্ঞদের মতে গাঁজা বা সিদ্ধি এর যেসব জাতে উচ্চ মাত্রায়,Negative
একসময় বিশেষজ্ঞরা মনে করতেন সিদ্ধি তে কোনো আসক্তি তৈরি হয়,Negative
বর্তমান গবেষণায় প্রমাণিত হয় যে সিদ্ধি এর ব্যবহার বিশেষ করে নিয়মিত,Negative
আসক্তি তৈরি করতে পারে নিয়মিত সিদ্ধি ব্যবহারকারীদের অন্তত ১০% এর মধ্যে,Negative
ব্যবহারকারীদের অন্তত ১০% এর মধ্যে সিদ্ধি এর ওপর নির্ভরতা তৈরি হয়,Negative
ছেড়ে দেয়ার পর গাঁজা বা সিদ্ধি ব্যবহারের তীব্র ইচ্ছা ঘুমে ব্যাঘাত,Neutral
পারে তার যথেষ্ট প্রমাণ রয়েছে সিদ্ধি আসক্তি আসলেই আছে এবং এর,Neutral
প্রফেসর মর্গানের মতে সিদ্ধি ব্যবহারের ফলে স্বল্প মেয়াদে স্মৃতিশক্তি,Neutral
প্রভাবিত করার সক্ষমতা রাখে নিয়মিত সিদ্ধি সেবনে সিগারেটের মত বৈধ মাদক,Neutral
সিদ্ধি সেবনে ফুসফুস ক্ষতিগ্রস্ত হয় যুক্তরাজ্যের,Neutral
ন্যাশনাল হেলথ সার্ভিসের মতে নিয়মিত সিদ্ধি সেবনে ব্রঙ্কাইটিস হওয়ার সম্ভাবনা বেড়ে,Neutral
হওয়ার সম্ভাবনা বেড়ে যায় এছাড়াও সিদ্ধি সেবন হৃদপিন্ড এ ক্ষতি সাধন,Neutral
সিদ্ধি সেবনের সাইকোঅ্যাক্টিভ এবং শারীরবৃত্তীয় নানান,Neutral
এবং শারীরবৃত্তীয় নানান প্রভাব রয়েছে সিদ্ধি সেবনের তাৎক্ষণিক গ্রাসকারী প্রভাবের মধ্যে,Neutral
দীনেশ আজকাল অত্যধিক সিদ্ধি সেবন করে তাই জন্যই তো,Neutral
এই খারাপ কালই তো গাঁজা সিদ্ধি এসব খেয়ে এসে কি চিৎকার,Neutral
অতিরিক্ত গাঁজা সিদ্ধি খেয়ে এসে ঘরে চিৎকার চেঁচামেচি,Neutral
দীনেশকে এরকম দেখে এসব গাঁজা সিদ্ধি এর নেশায় নিজেকে তো শেষ,Neutral
দিন দিন মদ গাঁজা সিদ্ধি খেতে খেতে ওর শরীরও ভালো,Neutral
ওর বৌও তো এসব গাঁজা সিদ্ধি এর নেশা বন্ধ করার জন্য,Neutral
নেশামুক্তি কেন্দ্রে যায় কিন্তু গাঁজা সিদ্ধি এর এমন নেশা যে কিছুতেই,Neutral
এভাবেই মদ গাঁজা সিদ্ধি এসব মাদক দ্রব্য সমাজের ক্ষতি,Neutral
অনেক ঘরেই দেখা যায় গাঁজা সিদ্ধি সেবন করাটার রীতিটা বিনোদনমূলক স্থান,Neutral
আমার মনে হয় গাঁজা সিদ্ধি এসব বাচ্ছাদের থেকে না লুকিয়ে,Neutral
বন্ধুদের সঙ্গে মিশে ওখানেই এসব সিদ্ধি গাঁজার নেশা ধরেছে এখন ওসব,Neutral
গাঁজার নেশা ধরেছে এখন ওসব সিদ্ধি গাঁজার নেশায় কেমন খিটখিটে মতো,Neutral
ঘরে বদ্ধ রাখে আর গাঁজা সিদ্ধি এসব সেবন করে এসব সিদ্ধি,Neutral
সিদ্ধি এসব সেবন করে এসব সিদ্ধি গাঁজার নেশার চক্করে ছেলেটার পড়াশোনাটাও,Neutral
বিরক্ত হয়ে গেছে নসিবের ওপর সিদ্ধি ভাং এর নেশা করে বলে,Neutral
এখন পাত্তা দেয় না ভাং সিদ্ধি এর নেশায় ও এতো ধৈর্যহীন,Neutral
অতিরিক্ত গাঁজা সিদ্ধি এর আজকালকার নিউ জেনারেশনের অনেকেই,Neutral
কেমন ধৈর্যহীন হয়ে পড়ছে গাঁজা সিদ্ধি এর নেশায় বড় ছোট জ্ঞান,Neutral
সিদ্ধি সেবন কিন্তু স্নায়ুকেও দুর্বল করে,Neutral
দেয় তাই জন্যই হঠাৎ করে সিদ্ধি সেবন বন্ধ করলে কষ্ট হয়,Neutral
হিন্দুধর্মে সিদ্ধি হল বস্তুগত অলৌকিক অতিপ্রাকৃত বা,Neutral
যোগ বিভিন্ন উৎস অনুসারে অষ্ট সিদ্ধি বা আটটি সিদ্ধি এর বিশ্লেষণ,Positive
অনুসারে অষ্ট সিদ্ধি বা আটটি সিদ্ধি এর বিশ্লেষণ পাওয়া যায় সেগুলি,Positive
মন্ত্র তপঃ সমাধিজঃ সিদ্ধায়ঃ অর্থাৎ সিদ্ধি গুলি জন্ম ভেষজ মন্ত্র আত্ম,Positive
অর্জিত হতে পারে উল্লিখিত সম্ভাব্য সিদ্ধি বা সিদ্ধি এর মতো ক্ষমতার,Positive
পারে উল্লিখিত সম্ভাব্য সিদ্ধি বা সিদ্ধি এর মতো ক্ষমতার মধ্যে রয়েছে,Positive
১২৩৮ ১৩১৭ এর সর্বদর্শন সংগ্রহে সিদ্ধি শব্দটি ব্যবহৃত হয়,Positive
সুযোগ পেয়েছি স্বামীজি আমাদেরকে আটটি সিদ্ধি অষ্ট সিদ্ধি ব্যাখ্যা করে তার,Positive
স্বামীজি আমাদেরকে আটটি সিদ্ধি অষ্ট সিদ্ধি ব্যাখ্যা করে তার আলোচনা শুরু,Positive
খুব কম লোকই পেতে পারে সিদ্ধি শিথিলভাবে সিদ্ধি বা একটি বিশেষ,Positive
লোকই পেতে পারে সিদ্ধি শিথিলভাবে সিদ্ধি বা একটি বিশেষ শক্তি বা,Positive
স্বামীজী বলেন হনুমান আটটি সিদ্ধি এর অধিকারীই ছিলেন এমনকি সীতা,Positive
ছিলেন এমনকি সীতা তাকে অষ্ট সিদ্ধি নৌ নিধি কে দাতা অর্থাৎ,Positive
দাতা অর্থাৎ যিনি অন্যদের অষ্ট সিদ্ধি দান করতে পারেন বলে আশীর্বাদ,Positive
আশীর্বাদ করেছিলেন তিনি বিভিন্ন প্রকার সিদ্ধি ব্যবহার করে রাবনকে বিপর্যস্ত করেছিলেন,Positive
আমাদের বলেছিলেন যে এই আটটি সিদ্ধি আমাদের জীবনে চাপ ছাড়াই সাফল্যের,Positive
আকারে প্রসারিত করে সেই মহিমা সিদ্ধি করতে চাইলে বড় চিন্তা করো,Positive
আবার গরিমা সিদ্ধি লাভের জন্য মূল্যবোধ ও নীতিতে,Positive
হও অষ্ট সিদ্ধির লঘিমা নামক সিদ্ধি লাভ করতে হলে জীবনের সবকিছুকে,Positive
বেশ খানিকটা হাসিয়েছিলেন আবার প্রাপ্তি সিদ্ধি প্রাপ্ত হওয়ার জন্য নিজের লক্ষ্যের,Positive
মানসিক শক্তিকে ফোকাস করো অষ্ট সিদ্ধি এর প্রাকাম্য অর্জনের জন্য সর্বদা,Positive
স্বামীজি শেষ দুটি সিদ্ধি ইসত্ব এবং বাস্তব কে একত্রিত,Positive
ফেসবুকে একটা পোস্ট এ অষ্ট সিদ্ধি কি ও কেন এই নিয়ে,Positive
সেটা অনেকটা এই রকম অষ্ট সিদ্ধি হলো এমন এক শক্তি যা,Positive
করতে সক্ষম হয় এই অষ্ট সিদ্ধি অর্জনে প্রথমে সদগুরুর আশ্রিত হতে,Positive
অতঃপর অষ্ট সিদ্ধি অর্জনের জন্য যোগী নিজের যোগ,Positive
নির্ভর করে যখন যোগী অষ্ট সিদ্ধি অর্জনে পারদর্শী হয় তখন তিনি,Positive
তপলোক গ্রহের বাসিন্দারা সকলেই অষ্ট সিদ্ধি লাভ করেছেন কেননা উচ্চতর গ্রহের,Positive
অধিবাসীরা স্বাভাবিক ভাবেই এ সমস্ত সিদ্ধি এর অধিকারী এজন্য তাদের কোনও,Positive
ব্যবহার করেন না মূলত এই সিদ্ধি অর্জন করে একজন যোগী তা,Positive
করে এতে ঐ যোগীর অষ্ট সিদ্ধি লাভের শক্তি আরো প্রকটতর হয়,Positive
যাঁরা এই পৃথিবীতে দৈবক্রমে এই সিদ্ধি গুলির মাত্র একটিও কিংবা একটু,Positive
যেহেতু পৃথিবীর অধিবাসীদের কাছে এই সিদ্ধি গুলি স্বাভাবিক নয় তাই কেউ,Positive
গুলি স্বাভাবিক নয় তাই কেউ সিদ্ধি প্রদর্শন করলেই অত্যন্ত মহান ব্যক্তিত্ব,Positive
স্মরণ রাখতে হবে; যে প্রকৃত সিদ্ধি প্রাপ্ত ঋষি যোগী বা সন্ন্যাসী,Positive
করে না যদি কেউ প্রকৃত সিদ্ধি প্রাপ্ত ঋষি যোগী সন্ন্যাসী বা,Positive
শেখর হালদার এর লেখায় অষ্ট সিদ্ধি এর কথা আমরা বিভিন্ন সনাতন,Positive
অষ্ট শব্দের অর্থ আট আর সিদ্ধি হল জ্ঞান অষ্ট সিদ্ধি বলতে,Positive
আর সিদ্ধি হল জ্ঞান অষ্ট সিদ্ধি বলতে বোঝায় আট প্রকার দৈবজ্ঞান,Positive
করতে পারেন আমরা জানি গণপতিকে সিদ্ধি দাতা বলে অভিহিত করা হয়,Positive
বত্রিশতম চৌপাঈতে লেখা হয়েছে অষ্ট সিদ্ধি নব নিধি কে দাতা অস,Positive
এই যে হনুমান শুধুমাত্র আটটি সিদ্ধি প্রাপ্ত করেছিলেন তাই নয় তিনি,Positive
প্রবেশ করবার জন্য অনিমা নামক সিদ্ধি এর প্রয়োগ করেন,Positive
পৌঁছন তখন তিনি আবার অনিমা সিদ্ধি এর প্রয়োগ করে সূক্ষ্ম রূপ,Positive
পান আবার মহিমা নামক আরেক সিদ্ধি প্রয়োগ করে হনুমান রাক্ষসদের বোকা,Positive
পরাজিত করেন হনুমান গরিমা নামক সিদ্ধি এরও প্রয়োগ করেন যখন তিনি,Positive
রাবণের রাজসভায় এসে গরিমা নামক সিদ্ধি প্রয়োগের উদ্দেশ্য ছিল পরম শক্তিশালী,Positive
কি রূপ হতে পারে মহিমা সিদ্ধি এর প্রয়োগ তিনি এমনভাবে করেন,Positive
অষ্ট সিদ্ধি এর প্রত্যেক সিদ্ধি প্রকৃতি বা,Positive
অষ্ট সিদ্ধি এর প্রত্যেক সিদ্ধি প্রকৃতি বা চরিত্রের কিছু কিছু,Positive
থাকে যে সাধক এই আটটি সিদ্ধি আয়ত্ত করতে পেরেছেন তিনি অষ্ট,Positive
আয়ত্ত করতে পেরেছেন তিনি অষ্ট সিদ্ধি দ্বারা নিয়ন্ত্রিত সকল গুণের অধিকারী,Positive
অধিকারী হতে পারেন যেমন অনিমা সিদ্ধি এর সর্বাপেক্ষা উল্লেখযোগ্য প্রয়োগ দেখা,Positive
আবার মহিমা সিদ্ধি এর প্রাপ্তি না করলে অনিমা,Positive
এর প্রাপ্তি না করলে অনিমা সিদ্ধি এর প্রাপ্তি সম্পূর্ণ হয় না,Positive
করতে সাহায্য করে আর মহিমা সিদ্ধি এর প্রয়োগ করে সংকুচিত দেহ,Positive
শক্তিশেলে মূর্ছা গেলে হনুমান মহিমা সিদ্ধি এর প্রয়োগ ঘটিয়ে নিজেকে বিরাটকায়,Positive
জীবন বাঁচানোর জন্য তিনি এই সিদ্ধি এর প্রয়োগ ঘটান,Positive
হিন্দু শাস্ত্রে মহিমা সিদ্ধি এর প্রয়োগের আরেকটি নিদর্শন পাওয়া,Positive
হন তখন বামন অবতার মহিমা সিদ্ধি প্রয়োগ করে বিশাল আকার ধারণ,Positive
রামায়ণে গরিমা সিদ্ধি এর ও বিশেষ উল্লেখ আছে,Positive
হন এই সময়ে অঙ্গদ গরিমা সিদ্ধি প্রয়োগ করেছিলেন,Positive
গরিমা সিদ্ধি প্রয়োগের আরেকটি নিদর্শন পাওয়া যায়,Positive
হন এই সময়ে হনুমান গরিমা সিদ্ধি প্রয়োগ করেছিলেন,Positive
লঘিমা হল গরিমার ঠিক বিপরীত সিদ্ধি এই সিদ্ধি এর প্রয়োগের দ্বারা,Positive
গরিমার ঠিক বিপরীত সিদ্ধি এই সিদ্ধি এর প্রয়োগের দ্বারা সাধক তাঁর,Positive
পর্যন্ত সমর্থ হন হনুমান এই সিদ্ধি এর প্রয়োগ করেই সমুদ্রের উপর,Positive
অন্যান্য দেবগন ও রাক্ষসেরা এই সিদ্ধি এর প্রয়োগে সক্ষম ছিলেন,Positive
প্রাপ্তি সিদ্ধি এর প্রয়োগের দ্বারা সাধক শূন্য,Positive
দানবকে দেখতে পাই যাঁরা এই সিদ্ধি প্রয়োগে দক্ষ ছিলেন যেমন দেবতাদের,Positive
এক দিকে প্রকম্য এমন একপ্রকার সিদ্ধি যা সাধককে জীবনের দৈর্ঘ্য বৃদ্ধি,Positive
করতে সাহায্য করে এছাড়াও এই সিদ্ধি এর প্রয়োগের দ্বারা সাধক মুহূর্তের,Positive
থাকতে সক্ষম হন প্রকৃতপক্ষে প্রকম্য সিদ্ধি এর প্রয়োগ সাধককে পরিবেশের সঙ্গে,Positive
চিরঞ্জীবীদের উল্লেখ আছে যাঁরা এই সিদ্ধি আয়ত্ত করে জলের তলায় জীবন,Positive
যখন কোন সাধক ঈশিতা সিদ্ধি প্রাপ্ত হন তখন তিনি তাঁর,Positive
বা বৃদ্ধি আনতে পারেন ঈশিতা সিদ্ধি প্রয়োগের দ্বারা প্রকৃতির প্রত্যেক ঘটনা,Positive
দেবীকে দেখতে পাই যাঁরা এই সিদ্ধি এর প্রয়োগের মাধ্যমে মুহূর্তের মধ্যে,Positive
অষ্টসিদ্ধির অন্তিম সিদ্ধি বশিতা প্রয়োগের দ্বারা মানুষ ছাড়াও,Positive
বিষ্ণুর বিভিন্ন অবতারের দ্বারা এই সিদ্ধি এর প্রয়োগ পরিলক্ষিত হয় তাঁরা,Positive
প্রয়োগ পরিলক্ষিত হয় তাঁরা বশিতা সিদ্ধি প্রয়োগের মাধ্যমে বিভিন্ন সময়ে বিভিন্ন,Positive
রাক্ষস এবং আটজন চিরঞ্জীবীকে অষ্ট সিদ্ধি এর প্রয়োগ করতে দেখি তবে,Positive
প্রয়োগ করতে দেখি তবে আটটি সিদ্ধি এর সবগুলিই কিন্তু সকম তাঁদের,Positive
গণপতি এবং হনুমান এই আটটি সিদ্ধি কে নিজেদের আয়ত্তে এনেছিলেন,Positive
দেবী কালিকাকে মাতৃরূপে সাধনা করে সিদ্ধি লাভ করলে সাধককে সন্তানের মতো,Positive
দেবী মিত্ররূপে দেবীর সাধনায় সাধক সিদ্ধি লাভ করলে সংসারক্ষেত্রে নানান ধরনের,Positive
করে থাকেন সাধককে যদি সাধক সিদ্ধি লাভ করেন পত্নীরূপে সাধনা করে,Positive
দর্শন পাওয়া অর্থে সাধনায় পরীক্ষায় সিদ্ধি লাভের কথা বোঝানো হয়েছে যে,Positive
লাভের কথা বোঝানো হয়েছে যে সিদ্ধি লাভ আমাদের সফলের শিখরে নিয়ে,Positive
থেকেই মুনি ঋষিরা তাদের সাধনায় সিদ্ধি লাভের চেষ্টায় কঠোর তপস্যার কথা,Positive
ব্যাপি হিমালায়ে থেকে কঠোর তপস্যায় সিদ্ধি লাভ করে বিশাল ক্ষমতার আধিকারি,Positive
এর কথা স্বামীজি কে জানালে সিদ্ধি বলে তিনি বলেন যে তার,Positive
এর দর্শন তাঁর কঠোর সাধনায় সিদ্ধি লাভ হয় যা তাকে ভব,Positive
সফল হল তিন বছরের সাধনায় সিদ্ধি লাভ হল বলা যেতে পারে,Positive
বলা যেতে পারে তবে এই সিদ্ধি লাভে তাঁর কিছু ছিন্তা মিটল,Positive
পালন করেন তাহলে তার পরম সিদ্ধি লাভ হয় তা হলে তাঁকে,Positive
করতে এবং নিজেদের মোক্ষ ও সিদ্ধি লাভ এর জন্য এই ব্রত,Positive
যাক তার পড়াশোনার জীবনে পরম সিদ্ধি লাভ হয়েছে এবার একটা চাকরি,Positive
খেলায় জেলার মধ্যে প্রথম স্থানে সিদ্ধি লাভ করেছে স্কুলের ছাত্রদের অক্লান্ত,Positive
বিকলঙ্গ থাকায় তার এই স্বপ্নে সিদ্ধি পাওয়া সহজ ছিল না কঠোর,Positive
সে অবশেষ আজ এই কাজে সিদ্ধি লাভ করেছে আজ চিত্রকর হিসাবে,Positive
পরাজিত করে বিডব্লিউএফ ওয়ার্ল্ড চ্যাম্পিয়নশিপ সিদ্ধি প্রাপ্ত প্রথম ভারতীয় সেই খেলায়,Positive
ভারতের একমাত্র মহিলা খেলোয়াড় হয়ে সিদ্ধি প্রাপ্তি হন পিভি সিন্ধু যিনি,Positive
ভারতের চতুর্থ সর্বোচ্চ অসামরিক সম্মানে সিদ্ধি হন এবং পদ্মশ্রী পান,Positive
এ শীর্ষ ২০ ব্যাডমিন্টনে স্থানে সিদ্ধি হন ১০ আগস্ট ২০১৩ সালে,Positive
পরাজিত করেন ফাইনালে খেলার পদে সিদ্ধি প্রাপ্তি হন,Positive
জিতে দ্বিতীয় সেটা আসন গ্রহণে সিদ্ধি প্রাপ্তি হন পিভি সিন্ধু তিনি,Positive
পদক জিতে ভারতকে বিশ্বের কাছে সিদ্ধি পাইয়ে দেন,Positive
আটবারের ভারতীয় জাতীয় চ্যাম্পিয়ন পড়ে সিদ্ধি লাভ করেন ১৯৯৬ সালের আটলান্টা,Positive
আটলান্টা অলিম্পিকে ভারতের প্রতিনিধিত্ব পদে সিদ্ধি হন তিনি পুলেলা গোপীচন্দের স্ত্রী,Positive
গোপীচাঁদ ব্যাডমিন্টন একাডেমি তাঁরই ব্যাটমিন্টনে সিদ্ধি লাভের ফল,Positive
তুলে ভারতকে বিশ্বের দরবারে পরম সিদ্ধি পাইয়ে দেন কর্ণম মালেশ্বরী জন্ম,Positive
সালে পদ্মশ্রী সন্মানে ভূষিত হয়ে সিদ্ধি প্রাপ্তি হন,Positive
১১৪ রানে জিতে অপরাজিতা হয়ে সিদ্ধি প্রাপ্তি হন ১৭ আগস্ট ২০০২,Positive
২১৪ রানের নতুন রেকর্ড গঠনেও সিদ্ধি প্রাপ্তি হন ভারতীয় মহিলা ক্রিকেট,Positive
বিশ্বকাপ ফাইনালে পৌঁছে দেওয়ার ক্ষেত্রে সিদ্ধি লাভ করেন ২০১৩ মহিলা বিশ্বকাপে,Positive
মিতালী রাজ এক নম্বর স্থানে সিদ্ধি প্রাপ্তি হন তিনি তার খেলার,Positive
করার বিশ্বের প্রথম খেলোয়াড় পদে সিদ্ধি লাভ করেন ২০১৩ সালে তার,Positive
ক্রিকেট বিশ্বকাপের ফাইনালে পৌঁছনোর ক্ষেত্রে সিদ্ধি লাভ হলেও ইংল্যান্ডের কাছে নয়,Positive
ক্রিকেট দলে অন্যতম খেলোয়াড় হিসাবে সিদ্ধি প্রাপ্তি হন ২০১৮ সালের অক্টোবরে,Positive
জৈব চাষে তার নির্বাচিত ক্ষেত্রে সিদ্ধি লাভের জন্য তার প্রবল ইচ্ছা,Positive
দেবী পার্বতী মহাদেবকে প্রাপ্তি বা সিদ্ধি লাভ করেন সাধনার শেষে মহাদেব,Positive
তিরন্দাজি ইভেন্টে স্বর্ণ পদক প্রাপ্তিতে সিদ্ধি লাভ করেন ভারতের রাকেশ কুমার,Positive
পরাজিত করেছে ১৫১ ১৪৯ পয়েন্টে সিদ্ধি প্রাপ্ত হন এর ফলে ভারতকে,Positive
অলিম্পিকেও জায়গা করে নেওয়ার ক্ষেত্রে সিদ্ধি লাভ করেছেন এছাড়া আজ বৃহস্পতিবার,Positive
শটপুটে ভারতের হয়ে স্বর্ণপদক পেয়ে সিদ্ধি বা প্রাপ্তি লাভ করেনছেন শচীন,Positive
শট মেরে রেকর্ড অতিক্রম করেছেন সিদ্ধি প্রাপ্ত হন,Positive
স্বদেশি নীতেশ কুমার রুপো জিতে সিদ্ধি প্রাপ্ত হন ব্যাডমিন্টনে পুরুষদের সিঙ্গল,Positive
২ ১ গেমে জয়ের পথে সিদ্ধি লাভ করেন,Positive
সহ মোট তিনটি পদক পেয়ে সিদ্ধি লাভ করেন প্রমোদ এর আগে,Positive
SL4 বিভাগে ব্রোঞ্জ পদক প্রাপ্তিতে সিদ্ধি পান এর আগে বুধবার প্যারা,Positive
তান্ত্রিক মতে তান্ত্রিক সাধনার যাবতীয় সিদ্ধি লাভের উপযুক্ত সময় চন্দ্র বা,Positive
মন্ত্র সাধনা এবং গুপ্ত সাধনায় সিদ্ধি লাভের জন্য বছর ভর গ্রহণের,Positive
অপেক্ষায় থাকেন গ্রহণের সময় সাধনায় সিদ্ধি লাভ করেছেন এমন বহু তান্ত্রিকের,Positive
কিছু সাধনার উল্লেখ আছে যাতে সিদ্ধি লাভ করতে গেলে প্রচুর পরিশ্রম,Positive
চাকরি বা ব্যবসায় ভালো পদে সিদ্ধি প্রাপ্তি হয় আবার গ্রহণের কালে,Positive
বগলামুখী দেবীর সাধনা করলে মামলায় সিদ্ধি পাওয়া যায় আবার তন্ত্র দ্বারা,Positive
ওরফে বামাক্ষ্যাপা দেবী তারার সাধনায় সিদ্ধি লাভ করেছিলেন তিনি তারাপীঠ শ্মশানের,Positive
করলে সাধক জ্ঞান আনন্দ ও সিদ্ধি লাভ করে থাকেন তন্ত্রমত অনুযায়ী,Positive
আসুরিক দুই সাধনার যে কোনওটিতে সিদ্ধি লাভ করতে পারেন তন্ত্রমতে এই,Positive
সাধনায় কুলকুণ্ডলিনী চক্রকে জয় করে সিদ্ধি লাভ করা যায়,Positive
