Sentences,Emotion
ঘর্ষণ বা চাপ পড়ার কারণে কড়া পড়ে আবার ত্বক কেটে যাওয়া,Negative
আবার ত্বক কেটে যাওয়া থেকেও কড়া তৈরি হতে পারে ত্বক কেটে,Negative
হতে পারে ত্বক কেটে গিয়ে কড়া বেশি যন্ত্রণা হয়,Negative
ঘর মুছতে মুছতে ওর হাঁটুতে কড়া পরে গেছে কড়া পরে কালচে,Negative
ওর হাঁটুতে কড়া পরে গেছে কড়া পরে কালচে দাগ হয়ে গেছে,Negative
ঘষে কিন্তু এতো মোটা করে কড়া পড়েছে যে কিছুতেই কমছে না,Negative
যে কিছুতেই কমছে না আর কড়া কমানোটা খুবই সময় সাপেক্ষ ব্যাপার,Negative
ভারী কাজ করে তাদের তালুতে কড়া পড়ে হাতের তালুর সাথে কোন,Negative
শক্ত বস্তুর ক্রমাগত ঘর্ষণের কারনে কড়া পড়ে জায়গাটা শক্ত হয়ে যায়,Negative
রুক্ষ হয়ে যায় ক্ষেত্র বিশেষে কড়া অনেক বছর থেকে যায় এবং,Negative
মানিক বলছিলো ওর বাবার পায়ে কড়া পরে গেছে ওর বাবা এতো,Negative
রোজ একইভাবে পায়ে পড়তে পড়তে কড়া পড়ে গেছে কড়া পরে যাওয়া,Negative
পড়তে পড়তে কড়া পড়ে গেছে কড়া পরে যাওয়া জায়গাতা কালছে হয়ে,Negative
ডাক্তার দেখিয়েছিল মানিকের বাবা ডাক্তার কড়া কমানোর জন্য বোরোলিন লাগাতে বলেছে,Negative
লাগাতে বলেছে কিন্তু তাতে পুরোপুরি কড়া কমানো যাবে না,Negative
ডাক্তার বলেছে কড়া পুরোপুরি ভাবে কমাতে হলে যত,Negative
নরম জুতো পড়বে ততদিন পায়ের কড়া কমবে না কিন্তু বর্তমানে মানিকের,Negative
দিন কাটাতে হবে তাতে পায়ের কড়া না কমলেও কিছু করার নেই,Negative
কিন্তু সেটা লাগিয়েও কিছু মাত্র কড়া কমে নি,Negative
দ্বিতীয়বার কড়া না কমায় আবার ডাক্তার দেখাতে,Negative
ডাক্তার নিত্য পেডিকিউর করতে বলে কড়া স্থানের ওপর যা কাকুর কাছে,Negative
খুবই মূল্য সাপেক্ষ যেখানে পায়ের কড়া কমানোর জন্য এখনও নতুন জুতোই,Negative
জুতোই কেনা হয় নি সেখানে কড়া কমানোর জন্য পেডিকিউর কড়া তো,Negative
সেখানে কড়া কমানোর জন্য পেডিকিউর কড়া তো অসম্ভব,Negative
কাকুর পায়ের পরা কড়া দীর্ঘদিন ধরে হতে হতে অনেকটা,Negative
দেখাতে যেত না এই সামান্য কড়া নিয়ে এই সামান্য পেয়ের কড়া,Negative
কড়া নিয়ে এই সামান্য পেয়ের কড়া বাড়তে বাড়তেই এখন যন্ত্রনা শুরু,Negative
পায়ে কড়া বা শুধু মাত্র কড়া হল,Negative
পায়ে কড়া বা শুধু মাত্র কড়া হল পায়ের একটি অংশের চামড়া,Negative
ফলে পুরু হয়ে গেছে পায়ের কড়া বেশীরভাগ ক্ষেত্রে সঠিক জুতো না,Negative
শক্ত হয়ে গেছে মনে হয় কড়া পরে গিয়েছিলো ওখানে,Neutral
বা নিয়মিত বোরোলিন লাগালে এরকম কড়া পড়তো না কিন্তু একবার কড়া,Neutral
কড়া পড়তো না কিন্তু একবার কড়া পরে গেছে মানে সারতে সময়,Neutral
কাটা জায়গাটা কড়া পরে হলুদ হয়ে গিয়েছিলো শুনেছি,Neutral
পরে হলুদ হয়ে গিয়েছিলো শুনেছি কড়া পরে হলুদ হয়ে গেলে না,Neutral
করে লাগাতে বলেছিলেন আর বলেছিলেন কড়া কমানোর জন্য বিশেষ কিছু হয়,Neutral
মায়ের বৃদ্ধাঙ্গুলিতে কড়া পড়েছে বলে সব কাজ করতেই,Neutral
হয় নিয়মিত বোরোলিন গরম করে কড়া জায়গাটায় দিচ্ছিলো বলে ব্যাথাটা ধীরে,Neutral
ধীরে ধীরে কমছিল তবে আঙ্গুলের কড়া যেতে কনেক দিন সময় লেগে,Neutral
দেখাচ্ছিল ওর হাতের কনুইতে কিরকম কড়া পরে শক্ত হয়ে গেছে আমি,Neutral
কনুই রেখে বসার জন্য এরকম কড়া পড়েছে,Neutral
তাও দুঃখ পাচ্ছিলো এরকম কড়া পড়েছে বলে বাচ্ছা মেয়ে তো,Neutral
বলে বাচ্ছা মেয়ে তো কনুইটা কড়া পরে কালছে হয়ে গেছে বলে,Neutral
বেঞ্চে বসে বন্ধ না করলে কড়া পরে কমবে না,Neutral
মেশিন চালাতে চালাতে হাতের তালুতে কড়া পরে গেছে হাতের তালুতে আলাদা,Neutral
হাতের তালুতে আলাদা আলাদা জায়গায় কড়া পরে হুল হয়ে শক্ত হয়ে,Neutral
মাঝেমাঝে ব্যথাও করে কড়া পরে যাওয়া জায়গা গুলো করিম,Neutral
চাচা মাঝেমাঝে গরম বোরোলিন দেয় কড়া জায়গাগুলোতে ব্যথা কমানোর জন্য কিন্তু,Neutral
তালুর নিচের দিকটা ফেটে গিয়ে কড়া পরে যায় আর সেই কড়া,Neutral
কড়া পরে যায় আর সেই কড়া জায়গাটায় ব্যথা শুরু হয়,Neutral
জুতো পড়লে ওই ফাটা জায়গার কড়া দেখা যায় যেটা খুবই খারাপ,Neutral
গোড়ালি ঢাকা জুতো পড়লেও ওই কড়া জায়গাটায় ব্যথা করে এই নিয়ে,Neutral
আগে থেকে প্রোটেকশন নিলেও এই কড়া পড়ার থেকে ও রেহাই পায়,Neutral
ও রেহাই পায় না ও কড়া জায়গাটায় গরম বোরোলিন লাগায়েও ভীষণ,Neutral
ওর হাতের তালুতে শক্ত হয়ে কড়া পরে গেছে দেখতে খারাপ ও,Neutral
বাসন মাজতে মাজতে হাতে এরকম কড়া পরে গেছে,Neutral
করতে করতে মেয়েটার হাতে এভাবে কড়া পরে গেছে,Neutral
করতে করতে ডান হাতের মধ্যমাঙ্গুলিতে কড়া পরে গেছে সম্ভবত সব সময়,Neutral
পেন ধরে লেখার জন্য অভাবে কড়া পড়েছে আঙ্গুলে,Neutral
মধ্যমাঙ্গুলির ওপরের খাঁজটায় কড়া পরে হলদে হয়ে গেছে জায়গাটা,Neutral
জায়গাটা কেমন খসখস করে অভাবে কড়া পরে যাওযায় পেন ধরতেও অসুবিধা,Positive
বিরাম দেওয়া জায়গা না অগত্যা কড়া পরে যাওয়ায় অন্যভাবে পেন ধরে,Positive
ওর পরীক্ষা এই অসময়ে আঙ্গুলে কড়া পরে গিয়ে আরো অসুবিধা বাড়িয়ে,Positive
কড়া থেকে যদি কোনো সংক্রমণ দেখা,Positive
কিনতে হবে পিতলের নতুন হাঁড়ি কড়া হাতা খুন্তি সবই কিনতে হবে,Positive
গ্রামবাংলায় আজও রান্নার কাজে লোহার কড়া ব্যবহার কড়া হয় যদিও বর্তমান,Positive
রান্নার কাজে লোহার কড়া ব্যবহার কড়া হয় যদিও বর্তমান স্টেনলেস স্টিলের,Positive
কালো হয়ে যেতে পারে প্রথমত কড়া ভালোভাবে পরিষ্কার নাহলে দ্বিতীয়ত খাবার,Positive
হাল্কা ডিটারজেন্টের সাহায্যে লোহার হাঁড়ি কড়া ধোয়া উচিত,Positive
কড়া পরিষ্কার করবেন না নইলে কড়া নষ্ট হয়ে যায়,Positive
আবার লোহার কড়া তুলে রাখার আগে তাতে সরষের,Positive
পরিষ্কার ও শুকনো জায়গায় এই কড়া রাখতে হয়,Positive
তাই রান্না করার পরে লোহার কড়া থেকে বের করে অন্য পাত্রে,Positive
পরিষ্কার করে রাখতে হবে এটি কড়া সুরক্ষিত রাখবে এবং পরের বার,Positive
সেই মতো নতুন মিষ্টির হাঁড়ি কড়া থালা বাটি জলের গ্লাস কিনে,Positive
মাঝে এক বার করে মাংসের কড়া নেড়ে দিচ্ছে যাতে পোড়া লেগে,Positive
ছুটলাম মাসির কাছে যদি মাসি কড়া থেকে একটু মাংস কষা আমাদের,Positive
আমাদের একটু অপেক্ষা করতে বলে কড়া নেড়েচেড়ে মাংসটা আরেকটু ভালো করে,Positive
মাংসে জল ঢালার আগে আমাদেরকে কড়া থেকে একটুকরো করে মাংস তুলে,Positive
কখন বুঝবেন যে আপনার ননস্টিকের কড়া আর ব্যবহার করার উপযোগী নয়,Positive
একটি নতুন ননস্টিক কড়া কেনার পরে সেটিকে প্রি সিজন,Positive
তেলে রান্না করার জন্যই এই কড়া ব্যবহার করা হয় অতিরিক্ত তেলে,Positive
তখন রান্না করলে সহজেই তা কড়া এর নিচে লেগে যায়,Positive
হয়ে যায় তবে টাইটেনিয়াম কোটিংয়ের কড়া অনেক বেশি হিট দিয়ে রান্না,Positive
জন্য ডিশ ওয়াশিং মেশিনে ননস্টিক কড়া ধুয়ে নিতে পছন্দ করেন কিন্তু,Positive
কষ্ট হলেও হাতের সাহায্যে এই কড়া ধোয়া বেশি ভালো,Positive
আর এই কড়া ধোয়ার সময় মাইল্ড বা কেমিক্যালমুক্ত,Positive
ফ্রাই করা উচিত না এই কড়া খুব হালকা এবং তাদের নীচেও,Positive
ভাল মানের স্টিলের কড়া দেখতে ভাল কাজেও ভাল এই,Positive
ললিতাদি গার্ড দিচ্ছে উনি এমন কড়া গার্ড দিচ্ছেন যে কেউ ঘাড়ও,Positive
দুষ্ট যে ওদের সামলাতে এরকম কড়া দিদিমনিই পারবে তাই তো এবারের,Positive
এক্সামে গার্ড দিতে হবে অমন কড়া দিদিমনির হাতে পরে মেয়েরাও বেশ,Positive
দেন না এবিষয়ে উনি খুবই কড়া কড়া শাসনে উনি ছেলেমেয়েদের অন্যায়,Positive
না এবিষয়ে উনি খুবই কড়া কড়া শাসনে উনি ছেলেমেয়েদের অন্যায় করা,Positive
করে আসে সত্যিই ছেলেমেয়েদের একটু কড়া শাসন না করলে একদম কথা,Positive
শোনে না ওরা মেয়েটিকে লতিকাদি কড়া ভাবে শাসন করেছে বলেই না,Positive
লতিকাদি এমন কড়া যে প্রত্যেকটি মেয়ে কে ধরে,Positive
আসতো না বলে তাকে খুবই কড়া শাসন করে গার্ডিয়ানকল করছিল,Positive
ব্যান্ডেজ লাগিয়ে দিলেন তেমন খুবই কড়া ভাবে বকাও দিলেন ওরকম কড়া,Positive
কড়া ভাবে বকাও দিলেন ওরকম কড়া শাসনে ওদের দুষ্টুমিটা এখন একটু,Positive
বাকি নেই যে লতিকাদি কেমন কড়া দিদিমনি তাই উনি যখন স্টাফরুম,Positive
চুপ করে যায় ওনার এরকম কড়া স্বভাবের জন্য স্টাফরুমের আশেপাশের ক্লাস,Positive
অকারণ ঘোরাঘুরি করতে দেখে খুব কড়া ভাবে বকুনি দিয়েছিলেন সেই থেকেই,Positive
ঘোরাঘুরি করে না ওনার এরকম কড়া শাসনের জন্য উনি যেদিন যেদিন,Positive
লতিকাদি তাকে যেমন বোঝায় তেমন কড়া শাস্তিও দেয় যাতে সে আর,Positive
খুবই কম তবে এরকম দুতিনটে কড়া দিদিমনি স্কুলে থাকা ভালো,Positive
ক্লাসে উঠে গিয়েছিলো তারপর বাপমায়ের কড়া শাসনে এবারে ভালো নম্বর নিয়ে,Positive
করছিলো বলছিলো অবশ্য যে ছেলেটাকে কড়া শাসন না করলে আর হবে,Positive
মায়ের থেকে ওর বাবা বেশি কড়া তাই তো বাবার কড়া শাসনে,Positive
বেশি কড়া তাই তো বাবার কড়া শাসনে একটু ঠিক হয়েছে,Positive
কে মানুষ করতে গেলে একটু কড়া হতে হয় নইলে হয় না,Positive
করতে হয় আর তাছাড়া একটু কড়া শাসন করলে তবে তো ভয়,Positive
উপদ্রব শুরু হয়েছিল তবে পুলিশের কড়া নজর এড়িয়ে পালাতে পারেনি চোরাকারবারির,Positive
করা চোরের দল গতকাল পুলিশের কড়া পাহারায় ধরা পড়েছে পুলিশের হাতে,Positive
চালিয়ে যেতে পারলেও পরিশেষে পুলিশের কড়া পাহারার কাছে হার মানতে বাধ্য,Positive
গত এক সপ্তাহ থেকে পুলিশ কড়া পাহারায় গ্রামগুলিকে ঘিরে রেখেছে বিশেষ,Positive
চোরাকারবারিদের মূল ঘাঁটি কিশোরপুর গ্রামে কড়া নজর রেখে পুলিশ গতপরশু কিশোরপুর,Positive
পুলিশ গতপরশু কিশোরপুর থেকে পুলিশের কড়া নজর এড়িয়ে পালতে পারেনি চোরাকারবারিদের,Positive
গতকালও পুলিশ কড়া নজর রেখে অন্য গ্রামগুলোতে তারপর,Positive
পাশের দুই গ্রাম থেকেও পুলিশের কড়া পাহারায় ধরা পরে আরো কিছু,Positive
এর অন্য দুই গ্রামে পুলিশের কড়া নজরে এবং গুলি বর্ষণে বাকি,Positive
হাতে গ্রামের পঞ্চায়েত পুলিশের এই কড়া পাহারাকে স্যালুট জানিয়ে বলে আজ,Positive
ফলেই চোরাকারবারিরা ধরা পড়েছে পুলিশের কড়া নজরদারিকে সম্মান জানিয়ে গ্রামের পঞ্চায়েত,Positive
চেনে যেমন ডাকসাইটে লোক তেমন কড়া শিক্ষক ওই জন্য এপাড়ার সব,Positive
যেমন ভালো পড়ায় তেমন ছেলেপুলেদের কড়া শাসনে রাখেন যাতে করে ওরা,Positive
বদমাইশি করতে না পারে এরূপ কড়া শাসনের দরুণ ফেল করা ছাত্রদের,Positive
চেনে যেমন ডাকসাইটে লোক তেমন কড়া শিক্ষক ওই জন্য এপাড়ার সব,Positive
যেমন ভালো পড়ায় তেমন ছেলেপুলেদের কড়া শাসনে রাখেন যাতে করে ওরা,Positive
বদমাইশি করতে না পারে এরূপ কড়া শাসনের দরুণ ফেল করা ছাত্রদের,Positive
কাছেই ভর্তি হয়েছিলো তারপর ওনার কড়া শাসনে এখন লেখা পড়ায় বেশ,Positive
মা বলছিলো যে রতন মাস্টারমশাইয়ের কড়া শাসনে ছেলে এখন দুবেলা করে,Positive
সময়ও ভালো রেজাল্ট করেছিল মাস্টারমশাইয়ের কড়া শাসনে আশা করি মাধ্যমিকে ভালো,Positive
রেখে হাসপাতালের কর্তৃপক্ষ বেশ কিছু কড়া ব্যবস্থা চালু করেছে রোগীর কেবিনে,Positive
করে দিয়েছে হাসপাতাল কর্তৃপক্ষ এমনই কড়া ব্যবস্থা নিয়েছে কর্তৃপক্ষ,Positive
এমনি কড়া ব্যবস্থা নিয়েছে যে শুধু কেবিনে,Positive
এলাকার মধ্যে রাখার জন্যই এইরূপ কড়া ব্যবস্থা নেওয়া হয়েছে যাতে চুরি,Positive
চুরি গেছে বলে কর্তৃপক্ষের দাবি কড়া ব্যবস্থার অভাবেই এরকম চুরি গেছে,Positive
বস্তুত সেই জন্যই নতুন করে কড়া ব্যবস্থা নিতে চলেছে হাসপাতাল কর্তৃপক্ষ,Positive
জেলা স্কুল চিরকাল পড়াশোনা এবং কড়া শাসন ব্যবস্থার জন্য খ্যাত স্কুলের,Positive
জন্য খ্যাত স্কুলের প্রধান শিক্ষিকারা কড়া শাসন ব্যবস্থার জন্য স্কুলের মেয়েরা,Positive
আছে পড়াশোনার দিক দিয়েও স্কুল কড়া পদক্ষেপ নেয় তাই তো এতো,Positive
পাঠকপাড়া স্কুলের দীনেশবাবু ভীষণ কড়া অঙ্কের মাস্টার ছেলেরা অঙ্ক না,Positive
কল করে ওই স্কুলে অমন কড়া মাস্টারমশাই এর জন্যই বছর বছর,Positive
আগের বছর চোর ধরা পরায় কড়া পদক্ষেপ নেওয়া হয় সিসিটিভি ফুটেজ,Positive
রেখে দেওয়া হয় সিকিউরিটি গার্ডদের কড়া নজরদারিতে চুরিছিনতাই আটকানো গেছে,Positive
