Sentences,Emotion
কবাডি খেলায় আর একটুর জন্য মাত হলো টিনাদের দল দুঃখে ভেঙে পড়লো টিনাদের দলের সদস্যরা বছর বছর কবাডিতে জয় লাভ করার গর্ব চূর্ণ হলো ওদের,Negative
এবারের খেলায় প্রলয়কে জিততেই হবে কিন্তু নবীনকে হারানো ওতো সহজ কাজ নয় ও সহজেই প্রলয়কে মাত দিয়ে দিতে পারে,Negative
কিন্তু পুরস্কার স্বরূপ দশ হাজার তালা যে প্রলয়ের খুব দরকার ওটা না পেলে ওর মায়ের চিকিৎসা বন্ধন হয়ে যাবে প্রলয় খেলায় মাত হলে ওর আর দুঃখের শেষ থাকবে না,Negative
আজ পাড়ায় ব্যাটমিন্টন খেলা ছিল সিমা ওর বন্ধুদের থেকে একটু কমই জানে এসব তাই বলে খেলায় মাত হওয়ার ভয়ে সীমা আর মাঠেই লামলো না এরকম করলে ভয় কোনো দিনও কাটবে না,Negative
সুবীর ফুটবলে বেশ ভালো তবে পাড়ার ছেলেদের কাছে ফুটবল খেলায় মাত হয়ে গিয়ে সুবীর একেবারে কেঁদেই ফেললো এরকমই ভাবে মাত হবেতাও আবার ফুটবলে সেটা ও মন থেকে মেনে নিতে পারছে না,Negative
বিশাখা ইংরেজিতে খুব কাঁচা সেদিন spoken english ক্লাসে একটা গেমে মাত হয়েছে সেই থেকেই মুখ ভার ওর,Negative
খেলায় যে জিতবে সে নগদ পাঁচ হাজার টাকা উপহার পাবে ওদিকে নিলয়ের মা অসুস্থ দুর্ভাগ্যবশত নিলয় খেলাটায় মাত হওয়ায় উপহার স্বরূপ পাঁচ হাজার টাকাটা সে আর পেলো না ফলত নিলয়ের মায়ের চিকিৎসা মাঝ পথেই বন্ধ হতে হলো,Negative
জীবন সেদিন আবিরের কাছে তর্কে মাত হলো আবির বয়সে জীবনের থেকে ছোট হলেও তর্কে ও একেবারে পটু জীবন আবিরের কাছে তর্কে মাত হয়ে নিজেই ঘর ছেঁড়ে চলে গেলো,Negative
দুবার পরেশের বাবার পাকস্থলীতে পাথর পাওয়া গেলো প্রথম বার অপারেশন ভালো ভাবে হলেও ২য় বার অপারেশন করতে গিয়ে মাত হলেন ডাক্তাররাশেষ রক্ষা আর হলো না অকালেই চলে যেতে হলো পরেশের বাবাকে,Negative
আর একটুর জন্য দাবা খেলাতে মাত হলো বল্টু যদিও চ্যালেঞ্জ করেছিলহারলে ১০০ বার উঠবস পরিশেষে মাত হলো বলে ভার মুখ নিয়ে উঠবস শুরু করলো বল্টু,Negative
প্রবীর ব্যাডমিন্টন খেলায় মাত হয়ে নগদ ত্রিশ হাজার টাকা থেকে বঞ্চিত হলো সেই দুঃখে ভেঙে পড়েছিল প্রবীর কষ্টে কারোর সঙ্গে কথা বলেনি সেদিন,Negative
পাঠক পাড়া স্কুল ও নেতাজি নগর স্কুলে প্রতি বছর ফুটবল ম্যাচ হয় প্রতিবছরই পাঠক পাড়া স্কুল নেতাজি নগর স্কুলকে মাত করে খেলায় তবে এবারে পাঠক পাড়া স্কুল মাত হলো খেলায়এত বছরের গর্ব চূর্ণ হওয়ায় ছেলেরা আর লজ্জায় মুখ দেখালো না,Negative
জুপিটার ক্লাব থেকে এবারে সাঁতারে ফাইনালের জন্য পাঁচটি মেয়ে সিলেক্ট হয়েছে তার মধ্যে বেলার ওপর ভরসা ছিল সবারই সব থেকে বেশি বেলা যে গোল্ড নিয়ে আসবেসেটা সবাই নিশ্চিত ছিল কিন্তু শেষটায় সবার আশাভরসা ভেঙে দিয়ে মাত হলো বেলা জুপিটার ক্লাবের কেউই শেষমেষ গোল্ড পেলো না,Negative
দীনবন্ধু বরাবরের জন্যই দাবায় কাঁচা খেলোয়াড় তবুও দাবার নেশা ছাড়তে পারে না তার ওই এক স্বভাবসবার সঙ্গে বাজি রেখে দাবা খেলবেতারপর খেলায় মাত হয়ে সর্বশান্ত হবে,Negative
সেবার প্রতিকের সঙ্গে দাবা খেলায় নিজের সোনার আংটিটা বাজি রেখেছিলো তবে প্রতিবারের মতো এবারেও দাবা খেলায় মাত হয়ে কান্নায় ভেঙে পড়লো আর ওই আংটি বাজি রাখার জন্য মাত হওয়ার কারণে আংটিটাও হারালো,Negative
শিবানীদের দল মাত্র একরানে অনিতাদের দলকে মাত করলো মাত হয়ে মাঠের মাঝখানেই কষ্টে ভেঙে পড়লো তারা দলের প্রত্যেকের মুখে কষ্টের ছাপ স্পষ্ট প্রকাশিত,Negative
স্কুলের দৌড় প্রতিযোগিতায় এই প্রথম দীপক মাত হলো প্রতিবছর ওই প্রথম হয় দৌড় প্রতিযোগিতায় তাই এবারে মাত হয়ে একটু দুঃখে আছে,Negative
শুনেছেন দেবীর না কি ক্যান্সার ধরা পড়েছে আজ তার অপারেশন ছিল তবে অনেক চেষ্টা করেও ডাক্তাররা মাত হয়ে অপারেশনে যদিও দেবী এখনও বেঁচে আছেতবে কতদিন থাকবে সে কথা ডাক্তাররা দিতে পারছেন না,Negative
দীপা অনেকক্ষন থেকে মাঠের এক কোনে মুখ ভার করে দাঁড়িয়ে আছে কারণ জিজ্ঞেস করায় বললো স্কুল স্পোর্টসে লাফদড়ি খেলায় প্রথম রাউন্ডএই মাত হয়েছে সে সেই জন্যই না কি মন খারাপ,Negative
এক গোলে সুমিতদের কাছে মাত হলো দীনেশরা যদিও খেলার আগে দীনেশরা চ্যালেঞ্জ করেছিল যে তাঁরাই জিতবে কিন্তু মাত হয়ে গিয়ে সেই চ্যালেঞ্জ আর রক্ষা হলো নাউল্টে তারাই মাথা নীচু করে বেরিয়ে গেলো,Negative
পাশের পাড়া আর আমাদের পরের ক্লাব থেকে ফুটবল খেলার আয়োজন করেছিল সেখানে আমাদের পাড়া থেকে গোপালরা খেলতে গিয়েছিল এবং শেষ পর্যন্ত খেলায় মাত হয় তারা সেই থেকে আমাদের পাড়ার সকলেরই মনমেজাজ খারাপ,Negative
ওদের এভাবে মাত হওয়া মন থেকে মেনে নিতে পারছি না একদম গোপালরা অবশ্য স্বীকার করেছে যে ওদের চেষ্টায় ত্রুটি ছিল পাশের পাড়ার লোকজনেরাআমাদের পাড়ার লোকজনদেরকে মাত হওয়া নিয়ে বিদ্রুপ করছে,Negative
আগামী নির্বাচনে বিএনপির হ্যাটট্রিক মাত হবে বলে মন্তব্য করেছেন আওয়ামী লীগের সাধারণ সম্পাদক এবং সড়ক পরিবহন ও সেতুমন্ত্রী ওবায়দুল কাদের বুধবার ০৭ জুন সকালে ঐতিহাসিক ৬ দফা দিবসে জাতির পিতা বঙ্গবন্ধু শেখ মুজিবুর রহমানের প্রতিকৃতিতে ফুল দিয়ে শ্রদ্ধা নিবেদন শেষে তিনি এ মন্তব্য করেন ওবায়দুল কাদের বলেনদুর্যোগেদুর্বিপাকে জনগণের পাশে না দাড়িয়ে আন্দোলনের হুমকি দেওয়া বিএনপি জনগণের আস্থা হারিয়েছে,Negative
সেমিফাইনালে বিতর্কিত পেনাল্টি রবিবার ডুরান্ড কাপের ফাইনালে নামার আগে সেসব নিয়ে ভাবতে নারাজ মোহনবাগান কোচ জুয়ান ফেরান্দো ডুরান্ডের প্রথম ডার্বিতে মাত হওয়ার ক্ষত এখনও টাটকা টিমের অন্যতম ফুটবলার আর্মান্দো সাদিকু জানিয়ে দিলেনএবার তাঁদের মাথায় প্রতিশোধই ঘুরছে,Negative
এক ইনিংস ও ৭৬ রান ফের ব্যাটিং বিপর্যয় কোহলিদের তৃতীয় টেস্টে ইংল্যান্ডের কাছে ধরাশায়ী ভারত তিন বছর বাদে ইনিংসে লজ্জার মাত হওয়া,Negative
সাংগঠনিক দুর্বলতা ও অন্তর্ঘাতেই পুরভোটে মাত হওয়াদলের বৈঠকে ক্ষোভ একাধিক বিজেপি প্রার্থীর কলকাতা পুরভোটের ফল বিশ্লেষণে রাজ্য বিজেপির বৈঠক হয় সূত্রের খবরহেস্টিংস অফিসের বৈঠকে সাংগঠনিক দুর্বলতা এবং অন্তর্ঘাতের অভিযোগ তুলে অমিত মালব্যর কাছে ক্ষোভ উগরে দেন বেশ কয়েকজন মাত হওয়া প্রার্থী,Negative
ভোট যুদ্ধ হার  জিত তো থাকবেই উলুবেড়িয়া দক্ষিণে মাত হল বিজেপি প্রার্থী পাপিয়া অধিকারীর সদ্য় তৃণমূল থেকে বিজেপিতে যাওয়া রাজীব বন্দ্যোপাধ্যায় এর মাত হল ডোমজুড়ে,Negative
আসানসোল দক্ষিণ কেন্দ্রে মাত হলেন তৃণমূল প্রার্থী সায়নী বিজেপির রথীন চক্রবর্তী্র মাত হল হাওড়া শিবপুর কেন্দ্রে তৃণমূল ছেড়ে বিজেপিতে যাওয়া সিঙ্গুরের বিদায়ী বিধায়ক রবীন্দ্রনাথ ভট্টাচার্য এর মাত হল বেচারাম মান্নার কাছে,Negative
ঘানার কাছে চার গোলে মাত হওয়ার কারনে শেষ হয়ে গেল ভারতের অনূর্ধ্ব১৭ বিশ্বকাপ অভিযান প্রথমার্ধে এক গোলে যখন পিছিয়ে ছিলতখনও আশা ছিল যেদ্বিতীয়ার্ধে গোল শোধ হতে পারে কিন্তু শেষ পর্যন্ত ঘানার ছেলেদের শক্তি ও গতির কাছেই মাত হল ধীরজদের,Negative
ডাচদের কাছে মাত হলো ভারতের মঙ্গলবার নেদারল্যান্ডসের বিরুদ্ধে ভারতীয় দলের মাত হল ৩১ গোলে মজার ব্যাপার হল এ দিন দুদল মিলিয়ে ম্যাচের চারটি গোলই হল প্রথম দুই কোয়ার্টারে পরের দুই কোয়ার্টারে কোনও দলই গোলের মুখ খুলেত পারেনি,Negative
একটি খুব বিখ্যাত নাম ঝোলা গুড় বা মাত গুড়; এটি বিশুদ্ধতা এবং সুবাসের সাথে শীতকালে আমাদের শৈশবকে রেখেছেএখন আপনার নির্ভরযোগ্য খাদ্য উৎস অর্গানিক অনলাইন খাদ্যের উপর উপলব্ধ কিন্তু এই সময় ভেজাল ও মিথ্যাচারের সময় এখনও শুদ্ধ হচ্ছে গ্রামাঞ্চলেশুধুমাত্র শহরগুলিকে আপনার প্রয়োজনগুলি মনে রাখুন এই বিরল কিন্তু ঐতিহ্যগত এবং বিশুদ্ধ গন্ধ নিয়েই এসেছেশুধু আপনার জন্য,Neutral
খেজুর গাছ থেকে নির্গত সুস্বাদু রস থেকে খেজুর গুড় বা মাত গুড় তৈরি হয় অগ্রহায়ণ মাস থেকে শুরু করে ফাল্গুন মাস পর্যন্ত খেজুরের রস সংগ্রহ করা হয়ে থাকে এবং সে রসকে ঘন ও শক্ত পাটালিগুড়ে পরিণত করা হয় বৃহত্তর রাজশাহীর চারঘাটযশোর ও ফরিদপুর জেলানদীয়া জেলার কিছু অংশবশিরহাট ও সাতক্ষীরা মহকুমায় এবং চবিবশ পরগনায় ব্যাপকভাবে খেজুর গাছের চাষ হয় এবং কিছুটা হয় ফরিদপুর অঞ্চলে,Neutral
এখনও মূলত এসব এলাকাতেই মাত গুড় বেশি উৎপাদিত হলেও বাংলাদেশের প্রায় সব অঞ্চলেই কিছু কিছু মাত গুড় পাওয়া য়ায় সারা মৌসুমে রস আহরণকে ৬ দিন করে কয়েকটি পর্বে ভাগ করে নেওয়া হয় প্রথম রাতের মাত কে বলা হয় জিড়ানযা গুণে ও মানে সর্বোৎকৃষ্ট এবং পরিমাণেও সর্বোচ্চ দ্বিতীয় দিন বিকালে ওই গাছের কাটা অংশটুকু চোখ পরিষ্কার করা হয় এবং ওই রাত্রের নির্গত মাত কে বলা হয় দোকাট তবে তা জিড়ানএর মতো সুস্বাদু কিংবা মিষ্টি নয় এবং পরিমাণেও হয় কম তৃতীয় রাত্রের প্রাপ্ত রসকে বলা হয় ঝরা ঝরা রস দোকাটের চেয়েও পরিমাণে কম এবং তা কম মিষ্টি ও অনেক ক্ষেত্রে টক স্বাদয়ুক্ত,Neutral
পরবর্তী তিনদিন গাছকে অবসর দেওয়া হয় এরপর আবার নতুন করে চাঁছা কাটা ও মাত সংগ্রহের পালা শুরু হয় একটি মাঝারি মাপের সুস্থ খেজুর গাছ প্রতিদিন গড়ে ৬ লিটারের মতো রস দিয়ে থাকে,Neutral
আবহাওয়া যত শীতার্ত এবং পরিচ্ছন্ন থাকে রস ততই পরিষ্কার ও মিষ্টি হয় নভেম্বরের প্রথম দিকে মার আহরণ শুরু হলেও ডিসেম্বর এবং জানুয়ারিতে সর্বাধিক পরিমাণে পাওয়া য়ায় যে ব্যক্তি গাছে উঠে তা চাঁছা কাটা ও এ থেকে মাত সংগ্রহ করার কাজ করে তাকে গাছি বলে,Neutral
মাত গুড় থেকে বিশেষ প্রক্রিয়ায় পাটালি গুড় তৈরি করা হয় একে সাধারণত খেজুর গুড়ের পাটালি বলে রাজশাহীর চারঘাট ও যশোরের খাজুরা বাজার নামক স্থানের বিশেষ ধরনের পাটালি গুড় এবং মাদারীপুর ও মানিকগঞ্জের হাজারী গুড় বিখ্যাত,Neutral
খেজুর রস খুবই সুস্বাদু শীতকালে খেজুরের রস ও মাত গুড় দিয়ে পায়েস তৈরি হয় যা গ্রামবাংলার খুবই প্রিয় খাদ্য এ ছাড়া মাত গুড় দিয়ে বিভিন্ন ধরনের শীতকালীন পিঠাপায়েশক্ষিরতালের পিঠামাত গুড়ের জিলাপি ইত্যাদি তৈরি হয়ে থাকে,Neutral
প্রথম রাতের রসকে বলা হয় জিডানযা গুণে ও মানে সর্বোৎকৃষ্ট অর্গানিক অনলাইনের পাটালী ও মাত গুড় প্রথম রাতের রস থেকে তৈরী করা হয় ফলে খেতে খুবই সুস্বাদু আমাদের পাটালীগুড় রাজশাহীর বিখ্যাত চারঘাট এলাকা চাষীদের কাছ থেকে ন্যাচারাল ও স্বাস্থ্যসম্মত পদ্ধতিতে প্রক্রিয়াজাত করে নিজেদের তত্ত্বাবধানে প্যাকেটজাত করা,Neutral
ত্বককে যদি রাখতে চান মসৃণবয়স যদি ধরে রাখতে চানতবে মাত গুড় খান ১০ গ্রাম মাত গুড় থেকে পাওয়া যায় ১৬ মিলিগ্রাম ম্যাগনেসিয়াম প্রতিদিন শরীরে যে পরিমান ম্যাগনেসিয়াম প্রয়োজন হয়তার ৪ শতাংশই আসে গুড় থেকে,Neutral
মাত গুড় স্নায়ুতন্ত্রেও প্রক্রিয়া সচল রাখে ও অনিদ্রা দুর করে চিনির চেয়ে গুড় বেশী পুষ্টিকরকারণ মাত গুড়ে চিনির চেয়ে শতকরা তেত্রিশ ভাগ পোষকতত্ত্ব পুষ্টিগুন বেশী আছে নিয়মিত মাত গুড় খেলে শরীরের ওজন নিয়ন্ত্রণ থাকে,Neutral
কারণ মাত গুড়ের পটাসিয়াম ওজন নিয়ন্ত্রণে সাহায্য করে কোষ্ঠকাঠিন্যের সমস্যা থাকলে খাওয়ার বিশ মিনিট পর সামান্য মাত গুড় খেয়ে নিতে পারেন সকালে খালি পেটে মাত গুড় দিয়ে হলুদ খেলেও উপকার হয়,Neutral
"ভেবে দেখেছেন কখনোবাড়ির বয়স্ক মানুষেরা অনেকেই খাওয়ার পাতে বা সকালে খালি পেটে মাত গুড় খান কেন
জানলে অবাক হয়ে যাবেনমাত গুড় কোনো অংশে মহৌষধির চেয়ে কম কিছু নয় এক চামচ গুড় শরীরের ভেতর যাওয়া পর্যন্ত যা অপেক্ষা
তার পরে কোন কোন দিক থেকে উপকৃত হবেন আপনি",Neutral
পেটে যাওয়ার পরে মাত গুড় হজমশক্তি বাড়ায় সেই সঙ্গে মাত গুড়ের ভিতরে থাকা শর্করা কোষ্ঠও সাফ করে আপনি যদি দীর্ঘ দিন কোষ্ঠকাঠিন্যের সমস্যায় ভোগেনতবে রোজ এক চামচ মাত গুড় আপনাকে স্বস্তি দিতে পারে,Neutral
মাত গুড় লিভারের জন্যও উপকারী গুড় লিভার থেকে যাবতীয় টক্সিন দূর করে শরীরকে সুস্থ রাখে ফলেশরীর থেকে টক্সিন বের করতে চাইলে রোজ এক কামড় গুড় হতে পারে আপনার সহায়,Neutral
মাত গুড় সর্দিকাশিও তাড়ায় সর্দি হলে একটু গুড় খেয়ে দেখুন স্বস্তি বোধ করবেন,Neutral
মাত গুড় যেহেতু লিভার থেকে টক্সিন বের করে দেয়সেই জন্য রক্তও সাফ থাকে মাত গুড় শরীরের প্রতিরোধ ক্ষমতা বাড়ায় মাত গুড় কোষ্ঠ সাফ করেরক্ত সাফ রাখেফলে আপনা থেকেই শরীরের প্রতিরোধক ক্ষমতা বাড়ে,Neutral
"যাঁদের মেনস্ট্রুয়েশনের সময় পেটে ব্যথা হয়তাঁরা সেই সময়ে মাত গুড় খেয়ে দেখতে পারেন সঙ্গে সঙ্গে স্বস্তি পাবেন
মাত গুড় রক্তাল্পতা রোধ করে",Neutral
"মাত গুড় হিমোগ্লেবিনের সংখ্যা বাড়ায়
ফলেরক্তাল্পতা রোধে এর বিকল্প নেই বললেই চলে
এর জন্যই দিনে ১ চামচ মাত গুড়ই যথেষ্ট",Neutral
গুড় মিনারেলের ক্ষেত্রে ম্যাজিকের মতো কাজ করে মাত গুড় শরীরের মিনারেলের ঘাটতি পূরণ করে ১০ গ্রাম গুড় প্রায় ১৬ মিলিগ্রাম মিনারেলের জোগান দেয়,Neutral
মাত গুড় সারা শরীর তো বটেইবিশেষ করে স্টমাক ঠান্ডা রাখে ফলেকর্মক্ষমতা বাড়ে মাত গুড় ব্লাড প্রেসার নিয়ন্ত্রক,Neutral
"মাত গুড়ে সোডিয়াম আর পটাসিয়াম থাকেযা ব্লাড প্রেসারের ভারসাম্য বজায় রাখে
গুড় যেহেতু শরীর ঠান্ডা রাখেসেহেতু আপনা থেকেই শ্বাসকষ্টে স্বস্তি মেলে অ্যাজমাব্রঙ্কাইটিসের মতো অসুখে রোজ মাত গুড় খেলে উপকার পাওয়া যায়",Neutral
"গাঁটের ব্যথায় গুড় স্বস্তি এনে দেয় এমনি এমনি বা এক গ্লাস দুধের সঙ্গে খান দেখবেনউপকার পাচ্ছেন
মাত গুড় শরীর থেকে টক্সিন বের করার পাশাপাশি মেদ গলাতেও সাহায্য করে ফলেরোজ গুড় খেলে শরীর ঝরঝরে থাকে",Neutral
"মাত গুড় রক্ত পরিষ্কার করেশ্বাসকষ্ট কমিয়েমেদ গলিয়ে শরীরকে ঝরঝরে রাখে ফলেকর্মক্ষমতা যেমন বাড়েতেমনই ক্লান্তিও কমে
তাহলে শীতকালটা চলে গেলেই কি আপনারও গুড় খাওয়া বন্ধ হয়ে যাবে
ভেবে দেখুন দেখি একবার",Neutral
সুক্কারের স্পেশাল খেজুরের মাত গুড় এটি লালিগুড় বা লিকুইডগুড় নামেও পরিচিত রাজশাহীর প্রত্যন্ত গ্রামে নিজেদের তত্ত্বাবধানে উৎপাদিতউন্নতমানের ও নির্ভেজাল খেজুরের গুড়ের জন্য আপনাদের পাশে আছে সুক্কার শপ,Neutral
মাত গুড়ের পায়েস শীতকালের এক অনবদ্য রেসিপি এক্ষেত্রে দুধ ভাল করে ফুটিয়ে নিন এবং চাল ধুয়ে নিন দুধে চাল দিয়ে দিন এবং কম আঁচে রান্না করুনঘন ঘন নাড়ুন সিদ্ধ করে নিন এবার মাত গুড় ও চিনি দিয়ে মিশিয়ে নিন এবং ফুটে উঠলে নামিয়ে নিন,Neutral
শীতের সকালে পুরু সরে জমে থাকা খেজুরের মাত গুড়ের পায়েসের সঙ্গে বাঙালীর সখ্যতা সেই প্রাচীন কাল থেকে এখন জিনিসপত্রের আগুন দাম হলেও মাঝে মধ্যে একটু খরচ করে অন্তত একবারও তো সেই শখ মেটাতে ইচ্ছে করে আমার মেয়েটা কদিন ধরেই বলছিলো আমার হাতের ঘন দুধে খেজুরের মাত গুড়ের পায়েস খাবে,Neutral
"গুড়ও এনে দিলো কিন্তু গুড়ের রঙ দেখে আমার মনে হলো এটাতে খাবার সোডা বেশী হবে আর গুড়ে খাবার সোডা বেশী হলে দুধে দিলেই সর্বনাশ
দুধ ছিড়ে দানা দানা হয়ে যাবে তাই আমি মাত গুড়  তরল গুড়  দেখে শুনে কিনে এটা তৈরী করলাম",Neutral
আড়ং দুধ ৩লিটার নিয়েছি পোলাওএর চাল ২ পটআমি চা খাবার মগে ২ মগ নিয়েছি আধ কেজিএলাচ গুড়ো ৪টিলবন আধ চাচামচ আর মাত গুড় তো লাগবেই,Neutral
পোলাওএর চাল ঘন্টা খানিক ভিজিয়ে রেখে ধুয়ে নিন চুলায় তলা ভারী হাড়ি ননস্টিক হাড়িতে দুধ ও চালএলাচ দিয়ে বসিয়ে দিন মাঝে মাঝে নেড়ে দিবেননাহলে চাল দলা পাকিয়ে যাবে নাড়তে নাড়তে যখন চাল সেদ্ধ হয়ে যাবে তখন আধ চাচামচ লবন ও মাত গুড় দিয়ে দিন এবং ক্রমাগত নাড়ুন আপনার পছন্দ মত ঘন হলে চুলা বন্ধ করে আর একটু ঘন হয়ে এলে পরিবেশন করুন,Neutral
গ্যাসঅম্বলের সমস্যায় শীতকালে প্রায়ই ভুগি আমরা খাওয়ার কোনও রুচি থাকে নাসবেতেই বিরক্ত লাগে এমন সমস্যায় কাজ করা মুশকিল হয়ে পড়ে এই সমস্যা থেকে রেহাই পেতে রোজ সকালে ঘুম থেকে উঠে একমুঠো ভেজানো ছোলাআখের মাত গুড় আর আদা খাওয়ার পরামর্শ দিচ্ছেন বিশেষজ্ঞরা,Neutral
"চিতই পিঠে খেয়েছেন কখনো
সব থেকে সোজা এই পিঠে বানানো এই পিঠে বানাতে কিন্তু কোনোরকম গুড়ের দরকার হয় না তবে খেজুরের মাত গুড় দিয়ে এই পিঠে ভরিয়ে খেতে দারুন লাগে",Positive
পদ্মাবত একাই মাত করলেন খিলজি রণবীর বিতর্কভাঙচুরমৃত্যুআইনআদালত; সব পেরিয়ে অবশেষে গতকাল দর্শকের দরবারে হাজির হয়েছে সঞ্জয় লীলা বানশালির পদ্মাবত এক প্রাচীন সাহিত্যের ওপর নির্ভর করেরাজস্থানের রাজপুত ইতিহাসের প্রেক্ষাপটে তৈরি হয়েছে এই ছবি মালিক মোহাম্মদ জয়সির লেখা পদ্মাবত কবিতা অবলম্বনে এই ছবি ১৫৪০ সালে সুফি কবি জয়সির লেখা পদ্মাবতএ নিজের মতো করে বেশ কিছু উপাদান যোগ করেছেন পরিচালক বানশালি,Positive
কিছুদিন আগে অহংকার সিনেমাটির টিজার ও কয়েকটি গান প্রকাশ হয়েছে সে গুলো দর্শক মাত করেছে এবার প্রকাশ হল সিনেমার ট্রেলার এটিও দর্শক মাত করেছে প্রকাশের মাত্র ১৪ ঘণ্টার মধ্যে প্রায় ২ লক্ষ মানুষ দেখেছেন শাকিব ও বুবলী অভিনীত অহংকারএর ট্রেলারটি,Positive
হাস্যোজ্জ্বল জোলিতে মাত হয়েছিল পুরো অনুষ্ঠান তাঁর ছবি ফার্স্ট দে কিলড মাই ফাদার রোববার রাতে জিতেছে সেরা বিদেশি ভাষার ছবি হিসেবে হলিউড ফিল্ম অ্যাওয়ার্ডস অ্যাঞ্জেলিনা জোলি সেরার পুরস্কারটি গ্রহণ করেন লং উংকে সঙ্গে নিয়ে লং উংয়ের লেখা স্মৃতিকথা অবলম্বনেই জোলি ফার্স্ট দে কিলড মাই ফাদার ছবিটি বানিয়েছেন এ ছবি সেরা বিদেশি ভাষার ছবি বিভাগে কম্বোডিয়ার হয়ে অস্কার আসরেও আগামী বছর লড়বে এ বছর পুরোটাই জোলির মন্দ কাটেনি,Positive
মুক্তি পাওয়ার এক সপ্তাহ না যেতেই ইন্দ্র কুমারের কমেডি সিনেমা গ্র্যান্ড মাস্তি বক্স অফিস মাত করে দিয়েছে ভারতীয় মিডিয়ার খবরে বলা হয়েছে মাস্তিকে গ্র্যান্ড বানাচ্ছেন দর্শকরাই শালীনতার সব মাত্রা ছাড়িয়ে গেছে বলে যতই নিন্দা হয়ে থাকুক গ্র্যান্ড মাস্তিকে নিয়েসিনেমাটা কিন্তু হইহই করেই চলছে মাত্র তিন দিনেই ৪০ কোটি টাকার ব্যবসা করে ফেলেছে ছবিটি শুধু তাই নয় বছরের অন্যতম সেরা হিট হতে চলেছে বিবেক ওবেরয়আফতাবরীতেশ দেশমুখ অভিনীত এ সিনেমাটি,Positive
আসন্ন রমজান মাস আর ঈদকে ঘিরে নারায়ণগঞ্জ জেলার রূপগঞ্জ টুপি পল্লীতে এখন ব্যস্ত সময় পার করছেন টুপির কারিগরেরা রূপগঞ্জের নারীদের নিপুণ হাতের তৈরি করা টুপি দেশের গন্ডি পেরিয়ে এখন মধ্যপ্রাচ্যের বাজার মাত করেছে এ ইউনিয়নের ১৬ গ্রামের প্রায় ৮০ ভাগ নারী ঘরে বসে মাসে আয় করছেন ৪ থেকে ৫ হাজার টাকা,Positive
"অনন্ত জলিলের দিন শেষ ফেসবুক মাত হিরো আলমে
সামাজিক যোগাযোগ মাধ্যমে গত দুই দিনের সবচেয়ে চর্চিত বিষয়গুলোর মধ্যে একটি হলো হিরো আলম ফেসবুকইউটিউবসহ বিভিন্ন মাধ্যমে ছড়িয়ে পড়ছে আলমের ভিডিও ও ছবি ফেসবুকের বিভিন্ন পেইজে যেখানে আগে অনন্ত জলিল নিয়ে ট্রল হত সেখানে এখন স্থান পেয়েছে হিরো আলম আবার এই ট্রলগুলো ব্যাপক পরিমানে শেয়ারও হচ্ছে",Positive
পঞ্চাশতম ফিল্মফেয়ার আসর মাত করলেন শাহিদ কাপুর ও কাঙ্গানা রানাউত ছয়টি বিভাগে সেরার খেতাব জিতে এবারের আসরের সবচয়ে বেশি অ্যাওয়ার্ডজয়ী সিনেমায় পরিণত হয়েছে ভিকাস বেহল পরিচালিত কুইন পাঁচটি বিভাগে পুরস্কার জিতে ঠিক পেছনেই আছে ভিশাল ভারাদওয়াজের হায়দার আসরের সেরা সিনেমা নির্বাচিত হয়েছে কুইন এ সিনেমার জন্য সেরা পরিচালকের খেতাব জিতেছেন ভিকাস বেহল সেরা নবাগতাপাশ্বর্চরিত্রে সেরা অভিনেত্রীর পর এবার কুইনএর জন্য সেরা অভিনেত্রীর ফিল্মফেয়ারও ঝুলিতে পুরেছেন জাতীয় পুরস্কারজয়ী অভিনেত্রী কাঙ্গানা রানাউত ৮ চারিদিক থেকে ছুটে আসছেন সঙ্গীতপ্রেমীরা শুধু তরুণতরুণীরাই নয়নানা বয়েসী মানুষের গন্তব্য একটাই রাজধানীর আর্মি স্টেডিয়াম লোকসঙ্গীতের সুধা পান করতে স্টেডিয়ামের প্রবেশদ্বারগুলোতে লম্বা লাইন পার করে ভেতরে প্রবেশ করতেই সবার মনের ভেতর যেন খেলে যাচ্ছে অন্যরকম এক আনন্দ শুক্রবার ঢাকা ইন্টারন্যাশনাল ফোক ফেস্টিভ্যাল২০১৫ এর দ্বিতীয় দিনে উৎসব প্রাঙ্গণের দৃশ্যটা ছিল এমনই ছুটির দিন হওয়ায় অনুষ্ঠান শুরুর ঘণ্টাখানেক আগেই আর্মি স্টেডিয়াম একেবারে লোকে লোকারণ্য ঘড়ির কাঁটায় তখন সন্ধ্যা ৬টা আলোর ঝলকানিতে মঞ্চে আসেন কুষ্টিয়ার বাউল ভজন ক্ষ্যাপা সুফিকাওয়ালি ও গজল গানে পারদর্শী এ শিল্পীর দরাজ কণ্ঠে প্রথম গানেই আসর মাত,Positive
বাংলাদেশের খ্যাতিমান তারকা প্রয়াত হুমায়ুন ফরীদি অভিনয় দিয়ে মাত করেছেন কোটি কোটি দর্শকদের অভিনয়ের প্রতিটি শাখাতেই তার মুন্সিয়ানায় নজড় কেড়েছে সবার দেশের বহু গুনী শিল্পী বলেছেনহুমায়ুন ফরীদিদের মতো অভিনেতা যুগের পর যুগে একজনই জন্মায় কিন্তু রাষ্ট্রীয় কোনো সম্মাননা না পাওয়ায় আক্ষেপ ছিলো তার ভক্তঅনুরাগীদের তার বন্ধুবর হুমায়ূন আহমেদও আক্ষেপ করেছিলেন ফরীদি একুশে পদক না পাওয়ায় অবশেষে মৃত্যুর ৬ বছরপর সংস্কৃতি মন্ত্রণালয় সম্মান দিল এ অভিনেতাকে,Positive
বাংলা চলচ্চিত্রে নব্বইয়ের দশক একাই মাত করে রেখেছিলেন ঋতুপর্ণা সেনগুপ্ত এই অভিনেত্রীর জনপ্রিয়তা এখনও কিছু কম নয় তাঁর প্রতি সিনেমার পারিশ্রমিক ১১ লাখ টাকা অভিনেত্রী সায়ন্তিকা বন্দ্যোপাধ্যায় প্রত্যেকটি ফিল্ম পিছু ১৪ লাখ টাকা করে পারিশ্রমকি নেন এই মুহুর্তে বাণিজ্যিক বাংলা ছবিতে তাঁর জনপ্রিয়তা বেশ ভালো বাংলা চলচ্চিত্র জগতে অন্যতম জনপ্রিয় অভিনেত্রী নুসরৎ জাহান একের পর এক হিট ছবির নায়িকা নুসরৎ ছবি পিছু ১৫ লাখ টাকা করে পারিশ্রমকি নেন,Positive
অনুপম খুব সুন্দর সুগন্ধী বানাতে পারে নিজের হাতে বানানো সুগন্ধীতেই মাত করে দেয় সকলকে এর জন্য একটা দোকান খুললে ওর আয় মন্দ হবে না,Positive
"সেদিন সিঁথির মোড়ে সার্কাস দেখতে গিয়েছিলাম সে অসাধারণ সুন্দর সার্কাস
হাতিবাঘ এর সার্কাস খেলা দেখে মাত হয়েছিল দর্শক",Positive
পরে সিংহ এসে আরো বেশি করে আসর মাত করে রেখেছিলো বড়রা তো আনন্দ পাচ্ছিলোইবিশেষ করে বাচ্ছারা খুব মজা পাচ্ছিলো টাকা দিয়ে এতো সুন্দর সার্কাস দেখা স্বার্থক,Positive
ছৌ নাচ আমি প্রথম দেখেছিলাম পুরুলিয়ায় অসাধারণ পারফরমেন্স চারপাঁচ জন মিলে আসরটাকে মাত করে রেখেছিলো,Positive
ছৌ নাচ এর গল্প শুনলেও চোখে দেখার ভাগ্য সবার হয় না তাছাড়া সবাই আগের মতো ওতো সুন্দর করে ছৌ নাচ নাচতেও পারে না তবে এদের পারফরমেন্স দর্শক মাত হয়ে দেখছিলো,Positive
অসাধারণ এক অভিজ্ঞতা হয়েছিল সেবার হ্যাঁ বলাবাহুল্য আমরাও দেখতে দেখতে মাত হয়েছিলাম পরের বছরও এই সময় ছৌ নাচ দেখতে যাওয়ার প্ল্যান করছি আমরা,Positive
এখন কীর্তন গানে অদিতী মুন্সীর মতো একজন গায়িকার জুড়ি মেলা ভার কীর্তন গানে এখন উনিই মাত করে রেখেছেন একবার আমরা ওনার গানের আসরে উপস্থিত থাকতে পেরেছিলাম,Positive
অসাধারণ গায়িকি ওনার সারা রাত পুরো আসর মাত করেছিলেন অদিতী মুন্সী কীর্তন গেয়ে দর্শকরা ভীষণ খুশি হয়েছেন,Positive
" এবারের কে বিশ্বসুন্দরী হয়েছে জানিস
 হ্যাঁ এবারের বিশ্বসুন্দরীর মঞ্চ মাত করে সেরার সেরা হলেন ক্যাটরিওনা গ্রে  বাহঃ দারুন ব্যাপার তো উনি তো পারফেক্ট এর জন্য",Positive
রমেশ খুব সুন্দর গান গাইতে শিখেছে পুজোর অনুষ্ঠানে আগমনী গান গেয়ে সবাইকে মাত করে রেখেছিলো সবাই শুনে খুব বাহবা দিয়েছিলো,Positive
ষোড়শ শতকে হিন্দুধর্মে নতুন জোয়ার এনেছিলেন চৈতন্য মহাপ্রভুতিনিই বৈষ্ণব ধর্মের প্রতিষ্ঠাতা বৈষ্ণব ধর্মের মধ্যে তিনি গৌড়ীয় মতের প্রচলন করেন সংকীর্তণ আন্দোলন করে গোটা জগৎকে ভক্তি ও প্রেমে মাত করেছিলেন শ্রীচৈতন্য তাঁর ভক্তেরা তাঁকে একই দেহে রাধা ও কৃষ্ণের সংমিশ্রণ বলে মনে করে থাকেন,Positive
বর্ণজাতিভেদ ভুলে সকল মানুষ শ্রীচৈতন্যের হরি নামে মাত হতেন সর্বক্ষণ জাগতিক দুঃখকষ্টে জর্জরিত মানুষের হৃদয় তারই মধ্যে ক্ষনিকের এই হরি নাম সংকীর্তনের আনন্দতাও আবার শ্রীচৈতন্য দেবের মুখে  এ সকলের মনে এনে দিতো শান্তিক্ষনিকের জন্য সংসার বন্ধনে আবদ্ধ সাংসারিক জীব মাত হতো হরি নামে,Positive
আজ বছরের চূড়ান্ত ফলাফল প্রকাশের দিন ক্লাসের সকলে খুব চিন্তিত এই দেখে সোহম ও সুরেশ মিলে বকবক করে গোটা ক্লাসকে হাসিয়ে মাত করে রেখেছে এতে সকলের চিন্তিত মুখে একটু হাসি ফোটে,Positive
"গতকাল রাতের শর্টসার্কিটের দুর্ঘটনায় আজ বৈঠকখানা নিস্তব্ধ তবে কাকামনি বরাবরের রসিক মানুষ সবার মুখে হাসি ফোটাতে এক কৌশল আটলো হঠাৎ করে কাকামনি বলে ওঠেন বড়বৌদি ও বড়বৌদি আজকে মটন হবে নাকি নিয়ে আসবো
ব্যাসওমনি নীরবতা ভেঙে সবাই ভালো রান্নার আনন্দে মাত হয়ে গেলো",Positive
গতপরশু রাই আর রিয়ার মধ্যে ঝগড়া হয়েছে আজ তিনদিন হয়ে ওদের জন্য বন্ধুদের দলেও বেশি কথা হয় না আকাশ ছিল না বলেই এটা বেশি দিন স্থায়ী হয়েছে আজ আকাশ এসেগেছে সব শুনে এমন কথার ফোয়ারা ছুড়লো যে সব কিছু ভুলে আবার সবাই গল্পের আমেজে মাত হয়ে গেলো,Positive
কবিরঞ্জন রামপ্রসাদ সেন ছিলেন অষ্টাদশ শতাব্দীর এক বিশিষ্ট বাঙালি শাক্ত কবি ও সাধক জানা যায় তার লেখা কালী কীর্তনের সংখ্যা আজও পাওয়ার যায় না শোনা যায় সংসার ভুলে সদাসর্বদা মা কালীর নামগানে মাত হয়ে থাকতোন রামপ্রসাদ আর তারই ফল এই অসংখ্য রামপ্রসাদী গান,Positive
বাংলা ভাষায় দেবী কালীর উদ্দেশ্যে ভক্তিগীতি রচনার জন্য তিনি সমধিক পরিচিত; তার রচিত রামপ্রসাদী গানগুলি আজও সমান জনপ্রিয় রামপ্রসাদের জীবন সংক্রান্ত নানা বাস্তব ও অলৌকিক কিংবদন্তি বাংলার ঘরে ঘরে প্রবাদবাক্যের মতো প্রচারিত যেমন কখনো তিনি গান গাইতে গাইতে মাত হয়ে বেড়া বাঁধছেন আর মা কালী স্বয়ং এসে বেড়া ধরে দিচ্ছেন আবার কখনও তার ঘরে চাল জুটছেনা দেখে মা কালী বাগদিমেয়ের রূপ ধরে এসে চালডালতেলনুন দিয়ে যাচ্ছে,Positive
তিনি সর্বদা মা মা নামে এমন মাত হয়ে থাকতেন যে স্বয়ং মা এসে না কি তাকে দেখা দিয়েছিলেন সে যাই হোকএটা বলতেই হবে যে আজও এই উন্নতযান্ত্রিক সমাজে তাঁর সেই কালীকীর্তন ও ভক্তিমূলক গানগুলি ভক্তদের মন মাত করে রাখে সারাদিনের নিত্য হারাজেতার মাঝে এই গান এখনও ভক্তদের মনে বিশেষত কালীভক্তদের মনে আস্থা ও ভরসা যোগায়,Positive
অশোকের বাড়িতে গতকাল বিয়ের অনুষ্ঠানের হইচই শুরু হয়ে গেছে ওর একমাত্র বোনের বিয়ে বলে কথা অশোকেদের সব আত্মীয়রা গতকাল থেকে এসে বিয়ের আনন্দে মাত হয়ে রয়েছে প্রায় ২০ বছর পর তাদেরকে বাড়িতে একটা বিয়ের অনুষ্ঠান ফলে সকলের মনে খুব আনন্দ,Positive
দূর্গা পুজোর আর বেশী দেরি নেই এখানে খুব বড় করে দূর্গা পুজো হয় নিশীত কাকু  ক্লাবের মেম্বারএবছর তার ওপর পুজোর প্যান্ডেলে তদারকির দায়িত্ব পড়েছে সে গিয়ে দেখে তাঁরই মেজো ছেলে প্যান্ডেলের লোকেদের সঙ্গে গল্প জুড়ে তাদেরকে গল্পে মাত করে রেখেছে সুন্দর গল্প করতে করতে সকলে কাজে মাত হয়েছে আছে,Positive
