Sentences,Emotion
কবাডি খেলায় আর একটুর জন্য মাত হলো টিনাদের দল দুঃখে ভেঙে,Negative
কাজ নয় ও সহজেই প্রলয়কে মাত দিয়ে দিতে পারে,Negative
বন্ধন হয়ে যাবে প্রলয় খেলায় মাত হলে ওর আর দুঃখের শেষ,Negative
জানে এসব তাই বলে খেলায় মাত হওয়ার ভয়ে সীমা আর মাঠেই,Negative
পাড়ার ছেলেদের কাছে ফুটবল খেলায় মাত হয়ে গিয়ে সুবীর একেবারে কেঁদেই,Negative
একেবারে কেঁদেই ফেললো এরকমই ভাবে মাত হবেতাও আবার ফুটবলে সেটা ও,Negative
spoken english ক্লাসে একটা গেমে মাত হয়েছে সেই থেকেই মুখ ভার,Negative
মা অসুস্থ দুর্ভাগ্যবশত নিলয় খেলাটায় মাত হওয়ায় উপহার স্বরূপ পাঁচ হাজার,Negative
জীবন সেদিন আবিরের কাছে তর্কে মাত হলো আবির বয়সে জীবনের থেকে,Negative
পটু জীবন আবিরের কাছে তর্কে মাত হয়ে নিজেই ঘর ছেঁড়ে চলে,Negative
২য় বার অপারেশন করতে গিয়ে মাত হলেন ডাক্তাররাশেষ রক্ষা আর হলো,Negative
আর একটুর জন্য দাবা খেলাতে মাত হলো বল্টু যদিও চ্যালেঞ্জ করেছিলহারলে,Negative
করেছিলহারলে ১০০ বার উঠবস পরিশেষে মাত হলো বলে ভার মুখ নিয়ে,Negative
প্রবীর ব্যাডমিন্টন খেলায় মাত হয়ে নগদ ত্রিশ হাজার টাকা,Negative
পাড়া স্কুল নেতাজি নগর স্কুলকে মাত করে খেলায় তবে এবারে পাঠক,Negative
তবে এবারে পাঠক পাড়া স্কুল মাত হলো খেলায়এত বছরের গর্ব চূর্ণ,Negative
শেষটায় সবার আশাভরসা ভেঙে দিয়ে মাত হলো বেলা জুপিটার ক্লাবের কেউই,Negative
বাজি রেখে দাবা খেলবেতারপর খেলায় মাত হয়ে সর্বশান্ত হবে,Negative
প্রতিবারের মতো এবারেও দাবা খেলায় মাত হয়ে কান্নায় ভেঙে পড়লো আর,Negative
ওই আংটি বাজি রাখার জন্য মাত হওয়ার কারণে আংটিটাও হারালো,Negative
দল মাত্র একরানে অনিতাদের দলকে মাত করলো মাত হয়ে মাঠের মাঝখানেই,Negative
একরানে অনিতাদের দলকে মাত করলো মাত হয়ে মাঠের মাঝখানেই কষ্টে ভেঙে,Negative
দৌড় প্রতিযোগিতায় এই প্রথম দীপক মাত হলো প্রতিবছর ওই প্রথম হয়,Negative
হয় দৌড় প্রতিযোগিতায় তাই এবারে মাত হয়ে একটু দুঃখে আছে,Negative
তবে অনেক চেষ্টা করেও ডাক্তাররা মাত হয়ে অপারেশনে যদিও দেবী এখনও,Negative
স্পোর্টসে লাফদড়ি খেলায় প্রথম রাউন্ডএই মাত হয়েছে সে সেই জন্যই না,Negative
এক গোলে সুমিতদের কাছে মাত হলো দীনেশরা যদিও খেলার আগে,Negative
করেছিল যে তাঁরাই জিতবে কিন্তু মাত হয়ে গিয়ে সেই চ্যালেঞ্জ আর,Negative
গিয়েছিল এবং শেষ পর্যন্ত খেলায় মাত হয় তারা সেই থেকে আমাদের,Negative
ওদের এভাবে মাত হওয়া মন থেকে মেনে নিতে,Negative
পাশের পাড়ার লোকজনেরাআমাদের পাড়ার লোকজনদেরকে মাত হওয়া নিয়ে বিদ্রুপ করছে,Neutral
আগামী নির্বাচনে বিএনপির হ্যাটট্রিক মাত হবে বলে মন্তব্য করেছেন আওয়ামী,Neutral
জুয়ান ফেরান্দো ডুরান্ডের প্রথম ডার্বিতে মাত হওয়ার ক্ষত এখনও টাটকা টিমের,Neutral
তিন বছর বাদে ইনিংসে লজ্জার মাত হওয়া,Neutral
সাংগঠনিক দুর্বলতা ও অন্তর্ঘাতেই পুরভোটে মাত হওয়াদলের বৈঠকে ক্ষোভ একাধিক বিজেপি,Neutral
ক্ষোভ উগরে দেন বেশ কয়েকজন মাত হওয়া প্রার্থী,Neutral
জিত তো থাকবেই উলুবেড়িয়া দক্ষিণে মাত হল বিজেপি প্রার্থী পাপিয়া অধিকারীর,Neutral
বিজেপিতে যাওয়া রাজীব বন্দ্যোপাধ্যায় এর মাত হল ডোমজুড়ে,Neutral
আসানসোল দক্ষিণ কেন্দ্রে মাত হলেন তৃণমূল প্রার্থী সায়নী বিজেপির,Neutral
প্রার্থী সায়নী বিজেপির রথীন চক্রবর্তী্র মাত হল হাওড়া শিবপুর কেন্দ্রে তৃণমূল,Neutral
বিদায়ী বিধায়ক রবীন্দ্রনাথ ভট্টাচার্য এর মাত হল বেচারাম মান্নার কাছে,Neutral
ঘানার কাছে চার গোলে মাত হওয়ার কারনে শেষ হয়ে গেল,Neutral
ছেলেদের শক্তি ও গতির কাছেই মাত হল ধীরজদের,Neutral
ডাচদের কাছে মাত হলো ভারতের মঙ্গলবার নেদারল্যান্ডসের বিরুদ্ধে,Neutral
মঙ্গলবার নেদারল্যান্ডসের বিরুদ্ধে ভারতীয় দলের মাত হল ৩১ গোলে মজার ব্যাপার,Neutral
বিখ্যাত নাম ঝোলা গুড় বা মাত গুড়; এটি বিশুদ্ধতা এবং সুবাসের,Neutral
রস থেকে খেজুর গুড় বা মাত গুড় তৈরি হয় অগ্রহায়ণ মাস,Neutral
এখনও মূলত এসব এলাকাতেই মাত গুড় বেশি উৎপাদিত হলেও বাংলাদেশের,Neutral
প্রায় সব অঞ্চলেই কিছু কিছু মাত গুড় পাওয়া য়ায় সারা মৌসুমে,Neutral
করে নেওয়া হয় প্রথম রাতের মাত কে বলা হয় জিড়ানযা গুণে,Neutral
হয় এবং ওই রাত্রের নির্গত মাত কে বলা হয় দোকাট তবে,Neutral
নতুন করে চাঁছা কাটা ও মাত সংগ্রহের পালা শুরু হয় একটি,Neutral
চাঁছা কাটা ও এ থেকে মাত সংগ্রহ করার কাজ করে তাকে,Neutral
মাত গুড় থেকে বিশেষ প্রক্রিয়ায় পাটালি,Neutral
সুস্বাদু শীতকালে খেজুরের রস ও মাত গুড় দিয়ে পায়েস তৈরি হয়,Neutral
খুবই প্রিয় খাদ্য এ ছাড়া মাত গুড় দিয়ে বিভিন্ন ধরনের শীতকালীন,Neutral
সর্বোৎকৃষ্ট অর্গানিক অনলাইনের পাটালী ও মাত গুড় প্রথম রাতের রস থেকে,Neutral
মসৃণবয়স যদি ধরে রাখতে চানতবে মাত গুড় খান ১০ গ্রাম মাত,Neutral
মাত গুড় খান ১০ গ্রাম মাত গুড় থেকে পাওয়া যায় ১৬,Neutral
মাত গুড় স্নায়ুতন্ত্রেও প্রক্রিয়া সচল রাখে,Neutral
চিনির চেয়ে গুড় বেশী পুষ্টিকরকারণ মাত গুড়ে চিনির চেয়ে শতকরা তেত্রিশ,Positive
পোষকতত্ত্ব পুষ্টিগুন বেশী আছে নিয়মিত মাত গুড় খেলে শরীরের ওজন নিয়ন্ত্রণ,Positive
কারণ মাত গুড়ের পটাসিয়াম ওজন নিয়ন্ত্রণে সাহায্য,Positive
খাওয়ার বিশ মিনিট পর সামান্য মাত গুড় খেয়ে নিতে পারেন সকালে,Positive
নিতে পারেন সকালে খালি পেটে মাত গুড় দিয়ে হলুদ খেলেও উপকার,Positive
পাতে বা সকালে খালি পেটে মাত গুড় খান কেন জানলে অবাক,Positive
পেটে যাওয়ার পরে মাত গুড় হজমশক্তি বাড়ায় সেই সঙ্গে,Positive
গুড় হজমশক্তি বাড়ায় সেই সঙ্গে মাত গুড়ের ভিতরে থাকা শর্করা কোষ্ঠও,Positive
সমস্যায় ভোগেনতবে রোজ এক চামচ মাত গুড় আপনাকে স্বস্তি দিতে পারে,Positive
মাত গুড় লিভারের জন্যও উপকারী গুড়,Positive
মাত গুড় সর্দিকাশিও তাড়ায় সর্দি হলে,Positive
মাত গুড় যেহেতু লিভার থেকে টক্সিন,Positive
দেয়সেই জন্য রক্তও সাফ থাকে মাত গুড় শরীরের প্রতিরোধ ক্ষমতা বাড়ায়,Positive
গুড় শরীরের প্রতিরোধ ক্ষমতা বাড়ায় মাত গুড় কোষ্ঠ সাফ করেরক্ত সাফ,Positive
পেটে ব্যথা হয়তাঁরা সেই সময়ে মাত গুড় খেয়ে দেখতে পারেন সঙ্গে,Positive
পারেন সঙ্গে সঙ্গে স্বস্তি পাবেন মাত গুড় রক্তাল্পতা রোধ করে,Positive
মাত গুড় হিমোগ্লেবিনের সংখ্যা বাড়ায় ফলেরক্তাল্পতা,Positive
এর জন্যই দিনে ১ চামচ মাত গুড়ই যথেষ্ট,Positive
ক্ষেত্রে ম্যাজিকের মতো কাজ করে মাত গুড় শরীরের মিনারেলের ঘাটতি পূরণ,Positive
মাত গুড় সারা শরীর তো বটেইবিশেষ,Positive
স্টমাক ঠান্ডা রাখে ফলেকর্মক্ষমতা বাড়ে মাত গুড় ব্লাড প্রেসার নিয়ন্ত্রক,Positive
মাত গুড়ে সোডিয়াম আর পটাসিয়াম থাকেযা,Positive
মেলে অ্যাজমাব্রঙ্কাইটিসের মতো অসুখে রোজ মাত গুড় খেলে উপকার পাওয়া যায়,Positive
দুধের সঙ্গে খান দেখবেনউপকার পাচ্ছেন মাত গুড় শরীর থেকে টক্সিন বের,Positive
মাত গুড় রক্ত পরিষ্কার করেশ্বাসকষ্ট কমিয়েমেদ,Positive
সুক্কারের স্পেশাল খেজুরের মাত গুড় এটি লালিগুড় বা লিকুইডগুড়,Positive
মাত গুড়ের পায়েস শীতকালের এক অনবদ্য,Positive
নাড়ুন সিদ্ধ করে নিন এবার মাত গুড় ও চিনি দিয়ে মিশিয়ে,Positive
পুরু সরে জমে থাকা খেজুরের মাত গুড়ের পায়েসের সঙ্গে বাঙালীর সখ্যতা,Positive
আমার হাতের ঘন দুধে খেজুরের মাত গুড়ের পায়েস খাবে,Positive
দানা হয়ে যাবে তাই আমি মাত গুড় তরল গুড় দেখে শুনে,Positive
গুড়ো ৪টিলবন আধ চাচামচ আর মাত গুড় তো লাগবেই,Positive
তখন আধ চাচামচ লবন ও মাত গুড় দিয়ে দিন এবং ক্রমাগত,Positive
থেকে উঠে একমুঠো ভেজানো ছোলাআখের মাত গুড় আর আদা খাওয়ার পরামর্শ,Positive
দরকার হয় না তবে খেজুরের মাত গুড় দিয়ে এই পিঠে ভরিয়ে,Positive
পদ্মাবত একাই মাত করলেন খিলজি রণবীর বিতর্কভাঙচুরমৃত্যুআইনআদালত; সব,Positive
প্রকাশ হয়েছে সে গুলো দর্শক মাত করেছে এবার প্রকাশ হল সিনেমার,Positive
হল সিনেমার ট্রেলার এটিও দর্শক মাত করেছে প্রকাশের মাত্র ১৪ ঘণ্টার,Positive
হাস্যোজ্জ্বল জোলিতে মাত হয়েছিল পুরো অনুষ্ঠান তাঁর ছবি,Positive
সিনেমা গ্র্যান্ড মাস্তি বক্স অফিস মাত করে দিয়েছে ভারতীয় মিডিয়ার খবরে,Positive
গন্ডি পেরিয়ে এখন মধ্যপ্রাচ্যের বাজার মাত করেছে এ ইউনিয়নের ১৬ গ্রামের,Positive
অনন্ত জলিলের দিন শেষ ফেসবুক মাত হিরো আলমে সামাজিক যোগাযোগ মাধ্যমে,Positive
পঞ্চাশতম ফিল্মফেয়ার আসর মাত করলেন শাহিদ কাপুর ও কাঙ্গানা,Positive
দরাজ কণ্ঠে প্রথম গানেই আসর মাত,Positive
প্রয়াত হুমায়ুন ফরীদি অভিনয় দিয়ে মাত করেছেন কোটি কোটি দর্শকদের অভিনয়ের,Positive
বাংলা চলচ্চিত্রে নব্বইয়ের দশক একাই মাত করে রেখেছিলেন ঋতুপর্ণা সেনগুপ্ত এই,Positive
পারে নিজের হাতে বানানো সুগন্ধীতেই মাত করে দেয় সকলকে এর জন্য,Positive
হাতিবাঘ এর সার্কাস খেলা দেখে মাত হয়েছিল দর্শক,Positive
এসে আরো বেশি করে আসর মাত করে রেখেছিলো বড়রা তো আনন্দ,Positive
পারফরমেন্স চারপাঁচ জন মিলে আসরটাকে মাত করে রেখেছিলো,Positive
না তবে এদের পারফরমেন্স দর্শক মাত হয়ে দেখছিলো,Positive
হ্যাঁ বলাবাহুল্য আমরাও দেখতে দেখতে মাত হয়েছিলাম পরের বছরও এই সময়,Positive
ভার কীর্তন গানে এখন উনিই মাত করে রেখেছেন একবার আমরা ওনার,Positive
ওনার সারা রাত পুরো আসর মাত করেছিলেন অদিতী মুন্সী কীর্তন গেয়ে,Positive
জানিস হ্যাঁ এবারের বিশ্বসুন্দরীর মঞ্চ মাত করে সেরার সেরা হলেন ক্যাটরিওনা,Positive
অনুষ্ঠানে আগমনী গান গেয়ে সবাইকে মাত করে রেখেছিলো সবাই শুনে খুব,Positive
গোটা জগৎকে ভক্তি ও প্রেমে মাত করেছিলেন শ্রীচৈতন্য তাঁর ভক্তেরা তাঁকে,Positive
সকল মানুষ শ্রীচৈতন্যের হরি নামে মাত হতেন সর্বক্ষণ জাগতিক দুঃখকষ্টে জর্জরিত,Positive
সংসার বন্ধনে আবদ্ধ সাংসারিক জীব মাত হতো হরি নামে,Positive
বকবক করে গোটা ক্লাসকে হাসিয়ে মাত করে রেখেছে এতে সকলের চিন্তিত,Positive
ভেঙে সবাই ভালো রান্নার আনন্দে মাত হয়ে গেলো,Positive
ভুলে আবার সবাই গল্পের আমেজে মাত হয়ে গেলো,Positive
ভুলে সদাসর্বদা মা কালীর নামগানে মাত হয়ে থাকতোন রামপ্রসাদ আর তারই,Positive
কখনো তিনি গান গাইতে গাইতে মাত হয়ে বেড়া বাঁধছেন আর মা,Positive
সর্বদা মা মা নামে এমন মাত হয়ে থাকতেন যে স্বয়ং মা,Positive
ও ভক্তিমূলক গানগুলি ভক্তদের মন মাত করে রাখে সারাদিনের নিত্য হারাজেতার,Positive
গতকাল থেকে এসে বিয়ের আনন্দে মাত হয়ে রয়েছে প্রায় ২০ বছর,Positive
সঙ্গে গল্প জুড়ে তাদেরকে গল্পে মাত করে রেখেছে সুন্দর গল্প করতে,Positive
গল্প করতে করতে সকলে কাজে মাত হয়েছে আছে,Positive
