Sentences,Emotion
টাকা দিয়ে হাত করে চাকরি পাওয়ার অভিযোগে চার,Negative
চাকরি কেন্দ্রে টাকা দিয়ে হাত করে বেআইনিভাবে নিয়োগের অভিযোগে চাকরি,Negative
এই প্রথম যাঁদের টাকা দিয়ে হাত করেছেন বলে অভিযোগতাঁদের মধ্যে অনেকেই,Negative
গেলেন এমন চারজনযাঁরা টাকা দিয়ে হাত করে চাকরি পেয়েছেন বলে অভিযোগ,Negative
টাকা দিয়ে কোনো বড় মাথাকে হাত করে বেআইনিভাবে চাকরি পেয়েছিলেন,Negative
নাম ছিল যাঁরা টাকা দিয়ে হাত করে চাকরি পেলেনতাঁদের নাম সাক্ষী,Negative
ঘুষ দিয়ে বড় কোনো মাথাকে হাত করে চাকরি পাওয়া আমাদের দেশে,Negative
আলোকে বোঝা যায়ঘুষ দিয়ে লোককে হাত করে চাকরি নেওয়া জায়েজ নয়,Negative
এভাবে চাকরি নিলে ঘুষ দিয়ে হাত করার কারণে কবিরা গুনাহ হয়আবার,Negative
চাকরি প্রাপ্তদের সতর্ক করে বলেনলোককে হাত করে বেআইনিভাবে চাকরি পাওয়া সমস্ত,Negative
অনেক সংখ্যক চাকুরীজীবই ঘুষ দিয়ে হাত করে চাকরি পাওয়া,Negative
পরই ক্ষুব্ধ বিচারপতির হুঁশিয়ারি লোককে হাত করে অযোগ্যরা নিজে থেকে ইস্তফা,Negative
উকিলকে হাত করে রমেনবাবু তাঁর কাকার সম্পত্তি,Negative
পথে বসলেন অপরদিকেরমেনবাবু কাকার সম্পত্তি হাত করে নিয়ে সাচ্ছন্দে দিন কাটাতে,Negative
চার লক্ষ টাকার সম্পত্তি হাত করে নেওয়ার অভিযোগে ঈশানবাবু তাঁর,Negative
ডাক্তারের ঘরের দারোয়ানকে টাকা দিয়ে হাত করে বেলাইনে ঢুকে যান বহু,Negative
সম্ভ্রান্ত পরিবারের দুই মহিলা পুরোহিতকে হাত করে সবার আগে পুজো দিতে,Negative
বশীকরণ করে কালোটাকা রোজকারের জন্য হাত করছিলেন,Negative
টাকা ঘুষ দিয়ে মেনেজার কে হাত করে একজনের চাকরি হাতিয়ে নিয়েছিলেন,Negative
এখন আবার যারা টাকা দিয়ে হাত করছে তাদের আগে সুযোগ দিচ্ছে,Negative
নিয়ে এলো যারা টাকা দিয়ে হাত করছিলো তাদের ইন্টারভিউ বাতিল করা,Negative
পঞ্চায়েতে সমীকের হাত আছে নইলে ওদের মতো উচ্চমাধ্যমিক,Negative
ফেল মারা ছেলেরা ভিতরের লোককে হাত করে চাকরি পেয়ে যাচ্ছে কি,Negative
মাধ্যমিক ফেল নিশ্চই অফিসে কোনো হাত আছে ওরনইলে মাধ্যমিক ফেল ছেলে,Negative
যে ১০ বিঘা জমিতা উকিলকে হাত করে দীনু মাস্টার নিজের নাম,Negative
এক ফার্মাসিস্ট কৃষ্ণ কুমার পালকে হাত করে তাকে দিয়ে দিয়ে গুনিয়ে,Negative
কর্মকর্তা ফাহমিদা সম্প্রতি ঘুষ দিয়ে হাত করার ৬ মিনিট ৪৪ সেকেন্ডের,Negative
দিয়ে আইনজীবী ও শ্রমিক নেতাদের হাত করেন ড. ইউনূস শ্রমিকদের মামলা,Negative
২৪ কোটি টাকা ঘুষ দিয়ে হাত করে শ্রমিকদের দায়ের করা মামলা,Negative
দেয় পুলিশদের আগে থেকেই ওদের হাত করা টাকা দিয়ে,Negative
অযোগ্য ছেলেরা টাকা খাইয়ে এনাকে হাত করেই চাকরিতে ঢোকে পরে একটা,Neutral
চিন্তা শোনা গিয়েছিল মাঝে উকিলকে হাত করে না কি কিসব কাগজপত্রে,Neutral
হাত হল প্রাইমেট শ্রেষ্ঠ বর্গভুক্ত স্তন্যপায়ী,Neutral
থাবার পরিবর্তে যা রয়েছে তাকে হাত বলা হয়,Neutral
বলা হয় র‍্যাকুনদের সাধারণত হাত রয়েছেযদিও তাদের বিপরীতমুখী বৃদ্ধাঙ্গুষ্ঠ নেই,Neutral
বৃদ্ধাঙ্গুষ্ঠ নেই কিছু বিবর্তনীয় শারীরস্থানবিদ হাত শব্দটি ব্যবহার করেঅগ্রপদের উপাঙ্গের আঙুলগুলিকে,Neutral
সবচেয়ে উত্তম পদ্ধতিগুলোর অন্যতম হলো হাত ধোওয়া সুস্থ থাকার জন্য আপনার,Neutral
জন্য আপনার কখন ও কীভাবে হাত ধোওয়া উচিত তা জানুন হাত,Neutral
হাত ধোওয়া উচিত তা জানুন হাত ধোওয়া আপনাকে সুস্থ রাখতে পারে,Neutral
পড়তে পারে যখন আপনি অধৌত হাত দিয়ে আপনার চোখনাকও মুখ স্পর্শ,Neutral
চোখনাকও মুখ স্পর্শ করেন অধৌত হাত দিয়ে খাবার ও পানীয় তৈরি,Neutral
হাঁচেন এবং তারপর অন্য ব্যক্তির হাত বা সাধারণ জিনিসপত্র স্পর্শ করেন,Neutral
সম্ভাবনা থাকেতখন ঘন ঘন আপনার হাত ধোওয়ার মাধ্যমে আপনি নিজেকে ও,Neutral
পারেন খাবার তৈরির আগেসময়েএবং পরে হাত পরিষ্কার করুন খাবার খাওয়ার আগে,Neutral
সেবা করার আগে ও পরে হাত ধোবেন,Neutral
ক্ষত চিকিৎসার আগে ও পরে হাত পরিষ্কার রাখুন এক্ষেত্রে হাতএ গ্লাভস,Neutral
পরিষ্কার করে দেওয়ার পরে অবশ্যই হাত ধোবেন,Neutral
নাক ঝাড়াকাশা বা হাঁচার পরে হাত ধোবেন একটি প্রাণীপ্রাণীর খাবারবা প্রাণীজ,Neutral
বা পেট ট্রিটস নাড়াচাড়ার পরে হাত পরিষ্কার করুন আবর্জনা স্পর্শ করার,Neutral
করুন আবর্জনা স্পর্শ করার পরে হাত পরিষ্কার রাখুন,Neutral
হাত ধোয়ার প্রধান সময়গুলির তালিকার জন্য,Neutral
অন্যান্য সময়গুলিও থাকতে পারে যখন হাত ধোয়া গুরুত্বপূর্ণ COVID19 অতিমারীর সময়ে,Neutral
ধরে সাবান ও পানি দিয়ে হাত ধোয়া বা হাত পরিষ্কার করার,Neutral
পানি দিয়ে হাত ধোয়া বা হাত পরিষ্কার করার জন্য কমপক্ষে ৬০%,Neutral
সঠিক উপায়ে আপনার হাত ধোওয়ার জন্য পাঁচটি ধাপ অনুসরণ,Neutral
পাঁচটি ধাপ অনুসরণ করুন আপনার হাত ধোওয়া সহজ এবং এটি রোগ,Neutral
সবচেয়ে কার্যকর উপায়গুলোর অন্যতম পরিষ্কার হাত এক ব্যক্তি থেকে অন্য ব্যক্তিতে,Neutral
গরম বা ঠাণ্ডা দ্বারা আপনার হাত ভেজানকল বন্ধ করুন এবং সাবান,Neutral
অন্তত ২০ সেকেন্ডের জন্য আপনার হাত ঘষুন একটি টাইমার লাগবে তাহলে,Neutral
পরিষ্কারপ্রবাহমান জল দিয়ে আপনার হাত ভালোভাবে ধুয়ে নিন একটি পরিষ্কার,Neutral
তোয়ালে দিয়ে বা বাতাসে আপনার হাত শুকিয়ে নিন আপনি যখন সাবান,Positive
হলো সাবান ও জল দিয়ে হাত ধোওয়া যদি সাবান ও জল,Positive
অনেক পরিস্থিতিতে স্যানিটাইজার হাত থেকে দ্রুত জীবাণু দূর করতে,Positive
নাও হতে পারে হ্যান্ড স্যানিটাইজার হাত থেকে কীটনাশক ও ভারী ধাতুর,Positive
পরিমাণ জানতে লেবেলটি পড়ুন আপনার হাত দুটি একসাথে ঘষুন আপনার হাত,Positive
হাত দুটি একসাথে ঘষুন আপনার হাত শুষ্ক না হওয়া অবধি আপনার,Positive
CDCএর পরিষ্কার হাত জীবনকে করে তোলে আরো সুন্দর,Positive
তোলে আরো সুন্দর অভিযানটি প্রাপ্তবয়স্কদের হাত ধোওয়াকে তাদের প্রাত্যহিক জীবনের অংশ,Positive
দৃষ্টান্ত স্থাপন করার জন্য পিতামাতাকে হাত ধুতে উৎসাহিত করে আপনার কমিউনিটিতে,Positive
ধুতে উৎসাহিত করে আপনার কমিউনিটিতে হাত ধোওয়া প্রচারে সাহায্য করার জন্য,Positive
জন্য সংস্থানগুলি ডাউনলোড করতে পরিষ্কার হাত জীবনকে করে তোলে আরো সুন্দর,Positive
জন্য সাবান এবং জল দিয়ে হাত ধোয়ার পরামর্শ দেওয়া হয় এবং,Positive
জুড়ে সংক্রমণের বিস্তার কমাতে পরিষ্কার হাত হল একটি সহজ কার্যকরী পদ্ধতি,Positive
ব্যবহৃত এজেন্টটি অকার্যকর পরিশেষেপরিচর্যাকারীর দূষিত হাত অবশ্যই অন্য রোগীর সাথে সরাসরি,Positive
লোকেদের হাত ধোয়া সম্পর্কে শেখানো তাদের এবং,Positive
সুস্থ থাকতে সাহায্য করে সমাজে হাত ধোয়ার শিক্ষা ডায়রিয়ায় আক্রান্ত মানুষের,Positive
হাত স্বাস্থ্যবিধির জন্য ইঙ্গিত সিডিসি হাত,Positive
হাত স্বাস্থ্যবিধির জন্য ইঙ্গিত সিডিসি হাত ধোয়া এবং হাত এন্টিসেপসিসের জন্য,Positive
ইঙ্গিত সিডিসি হাত ধোয়া এবং হাত এন্টিসেপসিসের জন্য নিম্নলিখিত ইঙ্গিতগুলি বর্ণনা,Positive
নিম্নলিখিত ইঙ্গিতগুলি বর্ণনা করে যখন হাত দৃশ্যমানভাবে নোংরা বা প্রোটিনযুক্ত উপাদান,Positive
অ্যান্টিমাইক্রোবিয়াল সাবান এবং জল দিয়ে হাত ধুয়ে নিন,Positive
যদি হাত দৃশ্যমানভাবে নোংরা না হয়তবে আইটেমগুলিতে,Positive
সাথে সরাসরি যোগাযোগ করার আগে হাত মুক্ত করুন সেন্ট্রাল ইন্ট্রাভাসকুলার ক্যাথেটার,Positive
পরে হাতকে পরিশুদ্ধ করুন যদি হাত দৃশ্যমানভাবে নোংরা না হয়,Positive
পরিশুদ্ধ করুন গ্লাভস অপসারণের পরে হাত মুক্ত করুন,Positive
অ্যান্টিমাইক্রোবিয়াল সাবান এবং জল দিয়ে হাত ধুয়ে নিন অ্যান্টিমাইক্রোবিয়ালইম্পেগ্রেনেটেড ওয়াইপস অর্থাৎতোয়ালে,Positive
ননঅ্যান্টিমাইক্রোবিয়াল সাবান এবং জল দিয়ে হাত ধোয়ার বিকল্প হিসাবে বিবেচিত হতে,Positive
অ্যান্টিমাইক্রোবিয়াল সাবান এবং জল দিয়ে হাত ধোয়ার মতো কার্যকর নয় যাতে,Positive
অ্যান্টিমাইক্রোবিয়াল সাবান এবং জল দিয়ে হাত ধুয়ে নিন এই ধরনের পরিস্থিতিতে,Positive
ধুয়ে নিন এই ধরনের পরিস্থিতিতে হাত ধোয়া এবং ধুয়ে ফেলার শারীরিক,Positive
অস্ত্রোপচারের হাত স্ক্রাব শুরু করার আগে রিংঘড়ি,Positive
সেকেন্ডের জন্য ননঅ্যান্টিমাইক্রোবিয়াল সাবান দিয়ে হাত এবং কপাল ধুয়ে ফেলুন এবং,Positive
ফেলুন এবং এককব্যবহারের তোয়ালে দিয়ে হাত এবং বাহু শুকিয়ে নিন প্রস্তুতকারকের,Positive
প্রয়োগ করুনজীবাণুমুক্ত গ্লাভস দেওয়ার আগে হাত এবং বাহুগুলিকে পুঙ্খানুপুঙ্খভাবে শুকানোর অনুমতি,Positive
লোকও অনেক সবাই মিলে হাতে হাত মিলিয়ে কাজ করলে যেমন আনন্দ,Positive
এসে উপস্থিত সবাই মিলে কাজে হাত লাগিয়েছে বলে অনিমার মায়ের চিন্তা,Positive
যে কোনো কাজে ওরা একসাথেই হাত লাগায়একসাথেই গল্প করতে করতে কাজ,Positive
মাসিরা ও পিসিরা মিলে হাতএ হাত লাগিয়ে সব কাজে নিমেষের মধ্যেই,Positive
অনেকক্ষন বসে আছিস তুইকাজে একটু হাত লাগা তোজামাকাপড় গুলো একটু মেলে,Positive
বিয়ে বলে যে কোনো কাজে হাত লাগানো যাবে না সেটা অনিমা,Positive
তাও তুমি এই কাজে একটু হাত দিলে বলে আমার অনেকটাই সুবিধা,Positive
মিনতি এলো ও কাজে একটু হাত লাগালো বলে আমি একটু রেহাই,Positive
করছে আমিও একটু ছোটকার সঙ্গে হাত লাগলাম এতো করে ছোটকারও একটু,Positive
সব কাজই ওরা সকলে হাতে হাত মিলিয়ে করেছে,Positive
সঙ্গে বাজারসদাইয়ে অরিন্দম ও বিনয় হাত দিলো বলে ধীরেনের বেশ সুবিধা,Positive
দিচ্ছিলো রমাঅনিমাবেলা মিলেও বেশ একসাথে হাত মিলিয়ে আনন্দ করতে করতে রান্না,Positive
এদিকে বেশ আনন্দ করে হাতএ হাত মিলিয়ে যখন ওদের চড়ুইভাতি চলছেঅন্যদিকে,Positive
আছেতো সবাই আনন্দ করে কাজে হাত লাগালে ঠিক ভালো কিছু একটা,Positive
পুজোমেলা কাজ পাড়ার মেয়েবউরা হাতে হাত মিলিয়ে পঞ্চমি থেকে দশমী অবধি,Positive
তাড়াতাড়ি স্নান সেরে ঠাকুমার সাথে হাত লাগা ঠাকুমার বয়স হচ্ছেতুই কাজে,Positive
লাগা ঠাকুমার বয়স হচ্ছেতুই কাজে হাত দিলো তাঁর সুবিধা হবে নাড়ু,Positive
বেশি গল্প না করে তাড়াতাড়ি হাত লাগা সবাই কাজে হাত দিলে,Positive
তাড়াতাড়ি হাত লাগা সবাই কাজে হাত দিলে অনেক পোস্টার তৈরী করা,Positive
কিভাবে সে তার মায়ের কাজে হাত লাগিয়ে তাকে সাহায্য করেছে সীমার,Positive
সাজানো ইত্যাদি বোনেরা সব হাতএ হাত মিলয়ে জোগাড় করে রাখছে লগ্ন,Positive
তারপর কাকিমা এসে ওদের কাজে হাত লাগালে ওদের খুব সুবিধা হয়,Positive
মা আর দাদা প্রকল্পের কাজে হাত লাগালো এতে ও অনেকটা স্বস্তি,Positive
এতজন তো আছি সবাই কাজে হাত লাগালে তাড়াতাড়ি হয়ে যাবে আর,Positive
হয়েছে এবারে ছেলেটা বাপের কাজে হাত লাগলো বলে বাপের অনেক সুবিধা,Positive
পুজো সকাল থেকেই সবাই হাতএ হাত মিলিয়ে কাজ করে শুরু করেছে,Positive
তার দুই ভাই বাজার আনতে হাত লাগলো তাতে করে ঠিক সময়ে,Positive
ও ঠিক সামলে নেবে সবাই হাত মিলিয়ে রান্নাবান্না সব ঠিক সময়ে,Positive
বড়োদের খাওয়ার সময়ের বাছাই সব হাত মিলিয়ে পরিবেশন করে দিলো,Positive
