sentences
"কথাকলির আজ ১০ বছরের জন্মদিন,সকাল থেকেই এলাহি আয়োজন চলছে।
এই বিশেষ দিনে তার প্রিয় দিদুন একটা খুব সুন্দর সোনার হার উপহার দিয়েছে।
দিদুনের থেকে পছন্দের হার পেয়ে কথাকলি তো খুব খুশি,সকাল থেকে ওই হার পড়ে ঘুরে বেড়াচ্ছে। 
মা চেঁচিয়ে যাছে হারটা খুলে তুলে রাখার জন্য ভিড়ে কোথায় হারিয়ে ফেলবে,কিন্তু কথাকলি তো সেসব কথা শোনার মেয়ে নয়।"
"বর্তমান সময়ে মেয়েরা সোনা,রুপার হার -এর থেকেও অক্সিডাইজড ও হ্যান্ড মেড জুয়েলারির হার,কানের দুল বেশি পছন্দ করছে। 
অনেকেই তো আবার নিজেরা বাড়িতে কাপড়,পিচবোর্ড ইত্যাদি দিয়ে সুন্দর সুন্দর হার,কানের দুল,আংটি,চুড়ি বানাচ্ছে। 
অনলাইনে এইসব হার,কানের দুলের বিজনেস ও করছে।"
"প্রিয়া বিয়ের হার -এর নকশাটা দেখেছিস,কি অনন্য নকশা। অপুর্ব লাগছিল ওকে।
হার -এর নকশা টা নাকি প্রিয়াই এঁকে দিয়েছিলো।
অবশ্য আর. কে. জুয়েলার্স-এর কারিগর দের হাতের কাজ ও খুব সুন্দর।"
"হাতিবাগানে গলার হার,কানের,চুড়ি ও অন্যান্য সাজের জিনিসের দাম অনেক কম। 
ওখান থেকেই তো সাজ কিনে এনে লোকাল মার্কেটে বিক্রি করে।
একবার হাতে একটু সময় নিয়ে হাতিবাগানে যেতে পারলে অনেকটা টাকা সাশ্রয় হতো।"
"বলিউডের বিখ্যাত সঙ্গীত পরিচালক বাপ্পি লাহিড়ী গান এর পাশাপাশি  সোনার গয়নার জন্য বিখ্যাত। তিনি প্রচুর সোনার গয়না পরেন।
তাঁকে কোনও সময়ই সোনার হার,ব্রেসলেট,আংটি ছাড়া দেখা যায় না।
কিন্তু তিনি কেন এত সোনার গয়না পরেন,সেটা এতদিন জানা যায়নি। এবার সেই রহস্য ফাঁস করলেন স্বয়ং বাপ্পি। 
তিনি এক সাক্ষাৎকারে জানিয়েছেন,‘হলিউডের গায়ক এলভিস প্রেসলি সোনার হার পরতেন। আমি প্রেসলির বড় ভক্ত ছিলাম। আমি ভাবতাম,যদি কোনওদিন সফল হই,তাহলে নিজের অন্যরকম ভাবমূর্তি গড়ে তুলব।
ঈশ্বরের আশীর্বাদে সোনার মাধ্যমে সেটা করতে পেরেছি।  আগে লোকে ভাবত,আমি সবাইকে দেখানোর জন্যই সোনার গয়না পরি। কিন্তু সেটা ঠিক না। সোনা আমার কাছে পয়া। আমার কাছে ২০ লক্ষ টাকার গয়না আছে।’"
"ছোটোবেলায় পুতুল নিয়ে খেলার সময়,পুতুলের জন্যে কত্তো জামা বানিয়েছি কাপড় কেটে কেটে।
তারপর ছোটো ছোটো পুঁতি দিয়ে হার বানাতাম। পুতুল গুলো কে সাজিয়ে গুছিয়ে বিয়ে দিতাম।
হা হা,সেসব কথা এখন মনে পড়লে নিজের মনেই হেসে উঠি।
আজ ঘর পরিস্কার করতে গিয়ে সেই পুতুলের বাক্সটা খুঁজে পেলাম,নিজের হাতে বানানো ছোট্ট ছোট্ট হার,জামা,পুতুল টা সবই একরকম আছে।"
"সেল সেল সেল !! জন্মাষ্টমী উপলক্ষে সোনার,রুপার গহনার ওপর থাকছে বিশেষ ছাড়। 
বাড়ির ছোট্টো গোপালকে কি উপহার দেবেন ভাবছেন,তাহলে আর দেরি না করে চলে আসুন বি. পি. চন্দ্র জুয়েলার্স।
বাঁশি,হার,মুকুট,বালা সব কিছুর উপর পেয়ে যাবেন ১০ শতাংশ ছাড়। 
এছাড়াও আপনি যদি দুটো সোনার হার কেনেন তাহলে একটা রুপোর বাঁশি পেয়ে যাবেন সম্পুর্ন বিনামূল্যে।"
"রাম বাবু কঙ্কালীতলার কালী পূজায় মা কালীকে ১০ কেজি ওজনের সোনার হার দিয়েছেন। 
আকাশ মানে রাম বাবুর ছেলে,ছোটো থেকে পেটের রোগে ভুগছে।
ওনার মানত করা ছিলো যে,আকাশ যেনো সুস্থ হয়ে যায়।"
"রুপায় গোল্ডপ্লেটেড পাথর বসানো আংটি,চুড়ি,ব্রেসলেট,গলার হার ইত্যাদির ব্যবহার দিন দিন বাড়ছে,সেই সঙ্গে সব সময়ের জনপ্রিয় রুপার মল তো আছেই।
বাজারে অক্সিডাইজ রঙের রুপার মলের চাহিদা সবচেয়ে বেশি।
ফ্যাশন-সচেতন নারীদের কাছে রুপার গয়না এখন পছন্দের তালিকায় প্রথম সারিতে।"
"সঙ্গে যাবে কে,থাকলে জানা জলদি করে আমায় বলে দে। 
আমি যাবো বুবুর সাথে কিনবো ঘোড়া ষাড়,মাটির তৈরি হাড়ি পাতিল কিনবো গলার হার।
বাংলানিউজটোয়েন্টিফোর.কম'র প্রকাশিত/প্রচারিত কোনো সংবাদ,তথ্য,ছবি,আলোকচিত্র,রেখাচিত্র,ভিডিওচিত্র,অডিও কনটেন্ট কপিরাইট আইনে পূর্বানুমতি ছাড়া ব্যবহার করা যাবে না।"
"রুমি তোর ওই নীল রঙের চোকার হারটা,কালকে কলেজে আসবি যখন নিয়ে আসিস।
বিয়েবাড়ি তে আমি যে শাড়ী টা পড়বো দেখিয়েছিলাম না,ওটার সাথে ম্যাচিং হয়ে যাবে। 
তবে চিন্তা নেই আমি যত্ন করেই পড়বো তোর হার। আমি জানি তোর কতো পছন্দের হার ওটা।"
"রণজয় বাবুর কলকাতায় বড়ো সোনার দোকান।
উনি ছেলের বিয়ে দিয়ে দেখিয়ে দিলেন কতটা উচ্চবিত্ত,আভিজাত্যপূর্ণ পরিবার তাদের।
পুত্রবধূকে সোনায় মুড়ে দিয়েছিলেন বলতে গেলে। একটা হার দিয়েছে দেখলাম,যার দাম কম করে কয়েক কোটি টাকা তো হবেই।"
"পৃথা চাকরির প্রথম মাইনে দিয়ে ওর মায়ের জন্য একটা সোনার হার কিনলো।
ওর সফলতার পিছনে ওর মায়ের যে অনেক বড়ো অবদান ভুলে যাবে কিকরে সেসব কথা।
পৃথার বিদেশে পড়াশোনার করতে যাওয়ার জন্য,ওর মা সেদিন সব পছব্দের সোনার হার,বালা,দুল বিক্রি করে দিয়েছিলো,একবার ও নিজের কথা ভাবেনি।
আসলে মায়েরা এরমি হয়,স্বার্থহীন ভাবে সবসময় ভাবতে থাকে ছেলে মেয়েদের কিসে ভালো হবে,ভালো থাকবে তারা।"
"সামনেই রাখিবন্ধন উৎসব।
আকাশ ওর বোন রুমির জন্য একটা অক্সিডাইজেডের  হার,কানের দুল,চুরি,টিপ,লিপস্টিক,চকলেট কিনে একটা বাক্সতে মুড়ে লুকিয়ে রেখেছে রুমিকে চমকে দেবে বলে।
রুমি ছোট থেকেই সাজতে,শাড়ী পড়তে  বড্ডো ভালোবাসে।
কলকাতা গেলেই ফোন করে বলবে,দাদা যে শাড়ীটার ছবি পাঠিয়েছি ওর ম্যাচিং হার পেলে আনিস কিন্তু।"
"মা পাশের বাড়ির অনু কাকিমার সাথে গল্প জুড়েছে না কি,ব্যানার্জীদার  মেয়ে রঞ্জার বিয়ের গায়েহলুদের সাজ নিয়ে।
রঞ্জা গায়েহলুদে ফুলের টিকলি,হার,কানের,চুরি ইত্যাদি পড়েছিল।
অনু কাকিমা বলছে,না গো,রিমা আমাদের সময় এসব ফুলের হার,কানের পড়তো না,এখন ফ্যাশন এগুলো। কিন্তু বেশ ভালোই লাগে।"
"শালিনী,আমার হ্যান্ডমেড জুয়েলারির বিসনেস এর কথা টা তোর বন্ধুদের সাথে একটু শেয়ার করে দে না রে।
বলবি,যেরকম ডিজাইন চাইবে ওরকমই গলার হার,কানের দুল,হাতের চুরি পেয়ে যাবে।
পুজোর সময় সেপ্টেম্বর মাস থেকে সব জিনিসের ওপর ২০ শতাংশ ছাড় পাবে।
আর কেউ ৫ টা জিনিস একবারে অর্ডার দিলে একটা মা দূর্গার লকেট দেওয়া হার -এর সেট মানে হার,কানের দুল,আংটি একদম বিনামূল্যে পাবে।"
"মেলায় গেলে সাধারণত দুই ধরণের লোকজন দেখা যায়।
প্রথমত যারা খাবারের দোকানের দিকে ইন্টারেস্ট থাকে। আর দ্বিতীয়ত যারা সাজের জিনিসের সামনে ভিড় করে।
সুস্মিতা অবশ্য দুই নম্বর টা,হার,কানের -এর দোকান দেখলে হয় একবার।
পরে না কিন্তু,খালি কিনে কিনে জমায়,৩ বাক্স ভর্তি ওর হার আছে।"
"ছোটবেলায় ঠাকুমা আমাকে একটা লোকনাথ বাবার লকেট দেওয়া রুপোর হার দিয়েছিলো।
সেই হার আজও আমার গলায় আছে,একটা বেশ পসিটিভ অনুভূতি পাই যেন।
আজ ঠাকুমা নেই,কিন্তু তার দেওয়া এই হার আজীবন আমার কাছে একটা স্মৃতি হয়ে থেকে যাবে।"
"আমাদের ছুটি ছুটি ক্লাবের মেম্বার অর্জুনদার জি. টি. রোড এর সামনে একটা বড়ো এক্সিডেন্ট হয়েছে কালকে।
ডাক্তার বলেছে যত তাড়াতাড়ি সম্ভব  অপারেশনটা করাতে হবে।
অর্জুনদা খুবই গরিব ফ্যামিলির ছেলে। ক্লাব থেকে চাঁদা তুলেও অপারেশন এর পুরো টাকা টা উঠলো না।
মা কে বলতে মা দেখলাম গলা থেকে তার সোনার মটরবালা হার খুলে আমায় দিয়ে বললো,এটা দিয়ে কিছু জোগাড় হয় কি দেখ।
মা কে বললাম,মা একি করছো তোমার সোনার হার দিয়ে দিচ্ছ।
মা বললো,ধুর বোকা ও তো আমার ছেলের মতোই,একটা হার গেলে ঠাকুর সহায় থাকলে ঠিক হবে কিন্তু ছেলেটাকে বাঁচানোটা দরকার এখন।"
"গলার পাতানো হার- ভারী হার নাকি সরু চেন -এই দ্বন্দ্বের দিন শেষ।
সৌজন্যে গলার অক্সিডাইজড পাতানো হার।  নানা ডিজাইনের নকশা করা সুন্দর সুন্দর হার।
দেখে নিন আপনার পোশাকের সঙ্গে মানানসই কোনটি।"
"করোনা অতিমারিতে যেমন অপরাধের পরিসংখ্যান বেড়েছে তেমনই পাল্লা দিয়ে বেড়েছে সততার নজির।
সততার নজির গড়লেন জলপাইগুড়ির এক বাস কন্ডাক্টরের স্ত্রী। রাস্তায় কুড়িয়ে পাওয়া সোনার হার ফিরিয়ে দেবার উদ্যোগ নিলেন তিনি।
বুধবার রাতে জলপাইগুড়ি ৪ নম্বর ঘুমটি এলাকায় একটি ছোট সোনার হার ও একটি চাবি কুড়িয়ে পেয়েছিলেন তিনি। অনেক খোঁজাখুঁজি করার পরও প্রকৃত সোনার হার -এর  মালিক তিনি পাননি।
বৃহস্পতিবার জলপাইগুড়ি ৪ নম্বর ঘুমটি  থানার পুলিশের কাছে  সোনার হারটা তুলে দেন প্রকৃত মালিকের হাতে ফিরিয়ে দেবার জন্য ওই বাস কন্ডাক্টরের স্ত্রী ও তাঁর স্বামী।"
"এলা নিরুত্তরে চুপ করে বসে রইল,জল পড়তে লাগল দুই চোখে। অনেকক্ষণ পরে বাষ্পরুদ্ধ গলায় বললে,""আবার বলছি,অন্তু,কিছু নাও আমার হাত থেকে--নাও এই আমার গলার হার।""
এই বলে পায়ের উপর রাখল হার। ""কিছুতেই না। "" ""কেন,অভিমান?"" ""হাঁ,অভিমান।
এমন দিন ছিল তখন যদি দিতে,পরতুম গলায়--আজ দিলে পকেটে,অন্নাভাবের গর্তটার মধ্যে। ভিক্ষে নেব না তোমার কাছে।"
"আরুশি গল্প করছিলো ওদের প্রায় ৭৮ বছরের পুরোনো রাধাকৃষ্ণের মন্দির আছে।
তক্ষণকারের দিনের জমিদার বল্লভ চট্টোপাধ্যায় ঝুলনের সময়,রাধাকৃষ্ণকে দুটো বড়ো বড়ো হিরে বসানো হার দিয়েছিলো।
এখন অবশ্য সেগুলো ব্যাঙ্ক এর লকারে রাখা আছে।
বিশেষ বিশেষ দিনে লকার থেকে এনে হার গুলো পরানো হয়।"
"সাজের জিনিসগুলো গুছোচ্ছিলাম আজকে আমি।
আমি পাথর সেটিং হার গুলো তুলো দিয়ে মুড়িয়ে রাখি।
তুলো দিয়ে রাখলে হার গুলোর রং উঠে যায়না দেখেছি,ভালো থাকে।"
"নিউমার্কেটে হার কানের এর কত দাম কম।
বড়ো বড়ো কুন্দনের হার গুলো মাত্র দুশো টাকাতে পাওয়া যাচ্ছে। আর এখানে সাতশো-আটশো দাম।
কত কত টাকা লাভ করে দোকানদার গুলো।"
"শম্পা,তোমার মেয়ের বিয়ের হার কোন দোকান থেকে কিনেছিলে গো ? বেশ ছিমছামের মধ্যে সুন্দর লাগছিলো।
সেই পুতুলের মতো দুদিকে চুল বেঁধে আমার বাড়িতে আসতো খেলতে বুলির সাথে খেলতে।
কত তাড়াতাড়ি বড় হয়ে গেলো মেয়েটা,বিয়েও হয়ে গেল।"
"রথের মেলাতে গিয়ে ছোট্টো নিপা যা দেখছে তাই বায়না করছে কিনবে বলে। 
খেলনা,পুতুল কিনে এবার বায়না ধরেছে ওকে একটা পুঁতির হার,কানের -এর সেট কিনে দিতে হবে।
আর নিপার জেদ ও তেমন যতক্ষণ না কিনে দেওয়া হচ্ছে,কিছুতেই দোকানের সামনে থেকে নরবে না,কান্নাও জুরেছে।
শেষমেষ মা হার -এর সেট টা কিনে দিতে রাজি হলে তবে থামলো।"
"পরশু দিন পাশের বাড়ির গুবলুর অন্নপ্রাশন। আমাদের যথারীতি নিমন্ত্রণ আছে।
কালকে আবার আমার অফিস আছে সময় পাবো না একদম গিফট কিনতে যাবার।
কি দেব ভাবতে ভাবতে,বর  বললো একটা রূপোর হার দিতে পারো বড় হয়ে গেলেও পড়তে পারবে। 
সেইজন্য আজকে গিয়ে একটা রূপোর হার আর জামা প্যান্ট এর সেট কিনে আনলাম।"
"কালকে পুর্ব মেদিনীপুরে আমাদের একটা বিয়েবাড়ি ছিলো।
বিয়েবাড়ি তে ঘুরতে ঘুরতে দেখলাম একটা মেয়ে খুব সুন্দর একটা হার পরেছে,বেশ চোখে লাগলো হারটা।
খানিকটা ইতস্তত হলেও,কাছে গিয়ে জিজ্ঞাসা করেই ফেললাম যে,হারটা কোথা থেকে কিনেছে।
সে বললো এতা ওর নিজের বানানো হার। ও এরকম টুকটাক নিজে পুঁতি,বাতিল হওয়া কাপড়,পিচবোর্ড,সুতো দিয়ে হার,কানের বানায় বাড়িতে সময় পেলে।
আমি বললাম তুমি তাহলে অনলাইনে বিজনেস করতে পারো তো,আজকাল খুব চলছে এগুলো।
আর হ্যা আমাকে একটা সেম ডিজাইনের হার করে দিও না গো,যা টাকা লাগবে বলো দিয়ে দেবো।"
"বাপ্পি লাহিড়ীর গান যেমন বিখ্যাত। ডিস্কো কিং ছিল যেমন তাঁর পরিচয়।
তাঁর পাশাপাশি গোল্ড লাভার বলেই নামডাক ছিল বাপ্পি লাহিড়ীর। সোনার প্রতি বাপ্পি লাহিড়ীর অনুরাগের কথা সকলেরই জানা।
বাপ্পি লাহিড়ী মানে জমকালো পোশাক,চোখে রোদচশমা ও গলায় গোছা গোছা সোনার হার,হাতে আংটি। যার মধ্যে অন্যতম বিখ্যাত তাঁর গলায় ইংরেজি হরফে ‘B’ লেখা সোনার হার।
এতদিন সকলেই তাঁর গলায় থাকে সোনার হার দেখলেও জানেন কি কত ওজন ছিল হার গুলোর তাঁর বাজার দরই বা কত?"
