Sentences,Emotion
এটা আলুর পরোটা হয়েছে মাথা হয়েছে পরোটাতে যেমন আলুর চিহ্নমাত্র,Negative
জামার হাতা বসানো হয়েছে না মাথা হয়েছে নতুন জামাটা পুরো নষ্ট,Negative
আছে স্যার ১০টা ১০টা তোর মাথা কিছু পড়িস নি,Negative
তুই তখন থেকে পড়ছিস না মাথা করছিস পড়তে পড়তে বার বার,Negative
আনতে বলিনি সেফটিপিন দিয়ে আমি মাথা আটকাবো বাবা ঠিকই বলে তোর,Negative
অ্যা কোড হয়েছে না কোডের মাথা হয়েছে সব সিনটাক্সই তো ভুল,Negative
কাজের গতি এরকম হলে আজকে মাথা শেষ হবে তাড়াতাড়ি কর আমার,Negative
গেলেনএটা অঙ্ক করেছিস না অঙ্কের মাথা করেছিস একটা অঙ্কও ঠিক হয়নি,Negative
এই তোমার কাপড় কাচার ছিরি মাথা কাচা হয়েছে সাদা জামাটা থেকে,Negative
গন্ধ বেরোচ্ছে বাজার করেছিস না মাথা পচা মাছ নিয়ে এনেছিস তুই,Negative
মাছ কিনবি এটা টাটকা না মাথা ইস্ গাটা কড়কড় করছে এক,Negative
উঠতে পারোনি কাজ করছো না মাথা তোমার কপালে আজকে দুঃখ আছে,Negative
এটা ঘর পরিষ্কার হচ্ছে না মাথা হচ্ছে কিছুই তো শেষ হয়নি,Negative
এটা অ্যাসাইনমেন্ট হয়েছে না মাথা পুজোতে এত দিন ছুটি পেলে,Negative
উদ্ধার করে দিয়েছো একবারে অ্যাসাইনমেন্টএর মাথা করেছো কিচ্ছু হয়নি ২দিন সময়,Negative
খানিকটা বিরক্ত হলো সোজা না মাথা আর্টস মানেই যে সহজ বিষয়পড়তে,Negative
কি বললি ইতিহাস সোজা তোর মাথা যুদ্ধের সাল মনে রাখতে রাখতে,Negative
এটা থার্মোকলের ঘর হয়েছে না মাথা হয়েছে দিদিমনিরা ঘরের মডেলটা দেখে,Negative
এটা বিরিয়ানি হয়েছে না মাথা মনে হচ্ছে মাংসের ঝোল ভাত,Negative
ছিরি ভালো স্বাদের বিরিয়ানি না মাথা করেছে জঘন্য খেতে একদম এর,Negative
অদিতি শুনে হেসে বললো তোর মাথা পুরো ১৫০০ টাকা নিয়েছে ৩০০,Negative
কাজ করছো না মাথা করেছো যেগুলো বলেছিলাম একটাও তো,Negative
হয়ে যাবে স্যার বললেন তোমার মাথা চালের ইংলিশ রাইস থেকে ইংলিশ,Negative
শুধু বইয়ের পড়া মুখস্ত করে মাথা হবে এখন যা দিনকাল পড়েছে,Negative
এটাকে চোকার হার বলে না মাথা ৩০০ টাকা নিলি আর কি,Negative
চোকার হার না চোকার হারের মাথা আমাকে চোকার হার চেনাচ্ছে এভাবে,Negative
বললাম এটা এরোপ্লেন হয়েছে না মাথা কিচ্ছু হয়নিকিচ্ছু পারিসনা না তুই,Negative
পরীক্ষা দিয়ে কি হবে মাথা একটা চাকরি তো দেবে না,Negative
দিবি ইস্ হাতি হয়েছে এটা মাথা হয়েছে আজ পর্যন্ত একটা হাতি,Negative
এভাবে পড়লে আদেও পাস করবি মাথা করবি ৮ টার মধ্যে এই,Negative
দৈনন্দিন জীবনে নানা কারণেই আমাদের মাথা ব্যাথা হতে পারে যেমন অতিরিক্ত,Neutral
চাপ হরমনের প্রভাব থেকে অনেকেরই মাথা ব্যাথা হতে দেখা যায় মাথা,Neutral
মাথা ব্যাথা হতে দেখা যায় মাথা ব্যাথা কমানোর জন্য আমরা ওষুধও,Neutral
থাকি কিন্তু আপনি কি জানেন মাথা ব্যাথা থেকে মুক্তি পাওয়ার জন্য,Neutral
মাথা ব্যথা খুব সাধারণভাবে জীবনধারা এবং,Neutral
এবং অভ্যাসের সাথে সম্প্রীত তাই মাথা ব্যথা না হতে দেওয়ার সর্বোত্তম,Neutral
ইদানীং মনে হইতাছে মাথা আমার পুরাই খারাপ হইয়া গেছে,Neutral
খারাপ হইয়া গেছে তাই জিগাইতাছি মাথা খারাপ হইলে কি লক্ষন লক্ষন,Neutral
মাথা থেকে খুশকি দূর করতে সপ্তাহে,Neutral
খুশকি দূর করতে সপ্তাহে তিনদিন মাথা এর স্কাল্পে নিম তেল ম্যাসাজ,Neutral
কথা আছে যে যত বেশি মাথা ন্যাড়া করা হবেততই মাথা এর,Neutral
বেশি মাথা ন্যাড়া করা হবেততই মাথা এর চুল হবে ঘনকালো এবং,Neutral
নাগমণি অর্থাৎ সাপের মাথা এর মণি নিয়ে নানা কাহিনি,Neutral
গাড়ি থেকে প্ল্যাটফর্মের দিকে তাকালে মাথা ঘোরে এ ছাড়া অনিয়ন্ত্রিত উচ্চ,Neutral
এ ছাড়া অনিয়ন্ত্রিত উচ্চ রক্তচাপ মাথা এর পেছন দিকে ও ঘাড়ের,Neutral
পেট্রাস হাড়ের ক্ষতি ইত্যাদি কারণেও মাথা ঘুরতে পারে রক্তে চিনির মাত্রা,Neutral
রক্তে চিনির মাত্রা কমে গেলেও মাথা ব্যথা ও মাথা ঘোরার সমস্যা,Neutral
কমে গেলেও মাথা ব্যথা ও মাথা ঘোরার সমস্যা দেখা দিতে পারে,Neutral
শরীরে পানির পরিমাণ কমে গেলেও মাথা ঘোরার সমস্যা দেখা দেয় মাথা,Neutral
মাথা ঘোরার সমস্যা দেখা দেয় মাথা ঘোরার পাশাপাশি কানের ভেতর শোঁ,Neutral
আচমকা মাথা ঘুরে উঠলে একটা অবলম্বন আঁকড়ে,Neutral
মাথার অবস্থান পরিবর্তন করলে তাদের মাথা ঘোরা শুরু হয় এ জন্য,Neutral
চিত হয়ে একটু উঁচু বালিশে মাথা দিয়ে শোবেন হঠাৎ করে মাথা,Neutral
মাথা দিয়ে শোবেন হঠাৎ করে মাথা বা ঘাড় উঁচুতে টান টান,Neutral
উঁচুতে টান টান করবেন না মাথা ঝাঁকাবেন না,Neutral
যে কাজ করার সময় মাথা ঘুরে উঠেছে তা করা থেকে,Neutral
পড়ুন শুয়ে পড়ুন পাশের আসনে মাথা ঘোরা বন্ধ হলে তবেই উঠবেন,Neutral
দীর্ঘক্ষণ না খেয়ে থাকলে মাথা ঘরে কাজের চাপে খাবার না,Neutral
পান করুন কিছু কিছু ওষুধ মাথা ঘোরার উপসর্গ সৃষ্টি করতে পারে,Neutral
করতে পারে কোনো ওষুধ গ্রহণে মাথা ঘোরার এমন সমস্যা হলে চিকিৎসককে,Neutral
শিবরেগে যান প্রবল তখনই গণেশের মাথা তিনি ছেদ করে দেন কথিত,Positive
জন্তুকে প্রথমে দেখা যাবেসেই জন্তুর মাথা কেটে করে তার মাথা গণেশের,Positive
জন্তুর মাথা কেটে করে তার মাথা গণেশের মাথায় বসানো হবে বলে,Positive
হাতিকে দেখতে পেয়ে শিব তারই মাথা বসিয়ে দেন গণেশের মাথায় তারপর,Positive
গণেশের মাথায় তারপর থেকেই হাতির মাথা পান গণেশ,Positive
মাথা এর যন্ত্রণা কমানোর কয়েকটি ঘরোয়া,Positive
কয়েকটি ঘরোয়া উপায় বিশেষজ্ঞরা জানাচ্ছেন মাথা এর যন্ত্রণা দেখা দিলে কপালে,Positive
মুখমণ্ডলের হাড়ও সম্পৃক্ত করা হয়েছে মাথা এর খুলিতে আছে ৮টি হাড়,Positive
একটি মধ্যকপালে দুটি দুটি অস্থায়ী মাথা এর খুলির পিছনে একটি নাকের,Positive
মাথা এর খুলি যে কোনো আঘাত,Positive
যে কোনো আঘাত থেকে মানুষের মাথা রক্ষা করে পুরুষদের মাথা এর,Positive
মানুষের মাথা রক্ষা করে পুরুষদের মাথা এর গড় ওজন ১৩৭৫ গ্রাম,Positive
ব্যতিক্রমও আছে রুশ ঔপন্যাসিক তুর্গেনেভের মাথা এর ওজন ছিল ২০২১ গ্রাম,Positive
ওজন ছিল ২০২১ গ্রাম বিসমার্কের মাথা এর ওজন ছিল ১৮০৭ গ্রাম,Positive
ওজন ছিল ১৮০৭ গ্রাম মেয়েদের মাথা এর ওজন পুরুষদের তুলনায় কম,Positive
পুরুষদের তুলনায় কম বিজ্ঞানী আইনস্টাইনের মাথা ছিল স্বাভাবিক ওজনের,Positive
বেশি নিউরন বা নার্ভ সেল মাথা এর আদেশ এসব নিউরনের মাধ্যমে,Positive
শরীরের যে কোনো অঙ্গের চেয়ে মাথা অনেক বেশি পরিমাণ শক্তি উৎপন্ন,Positive
পাঁচ ভাগের একভাগই খরচ হয় মাথা এর শক্তি উৎপাদনের পিছনে,Positive
একটি ১০০ বছর বয়স্ক মানুষের মাথা যে পরিমাণ ক্ষমতা ধারন করে,Positive
চিপ উন্নত করা যায় তাহলে মাথা এর ধারণ ক্ষমতায় পৌঁছতে সময়,Positive
অর্থাৎ তথ্য ভাণ্ডারের দিক থেকে মাথা এর মান হতে পারবে বাকি,Positive
মাথা বা ঘাড়ের কোনো এলাকার ব্যথার,Positive
ঘাড়ের কোনো এলাকার ব্যথার উপসর্গকে মাথা ব্যথা বলা হয় এটি মাথা,Positive
মাথা ব্যথা বলা হয় এটি মাথা এর এক দিকে অথবা দুই,Positive
চারদিকে ছড়িয়ে পড়তে পারে অধিকাংশ মাথা ব্যথা তীক্ষ্ণ কিম্বা নিস্তেজ হয়,Positive
দৈনন্দিন জীবনে মাথা ব্যথা খুব সাধারণ একটি সমস্যা,Positive
ব্যথা খুব সাধারণ একটি সমস্যা মাথা ব্যথা অনেক বিরক্তিকর তবে বেশীর,Positive
অনেক বিরক্তিকর তবে বেশীর ভাগ মাথা ব্যথাই মারাত্মক রোগ নির্দেশ করেনা,Positive
ও মাইগ্রেন শতকরা ৯০ ভাগ মাথা ব্যথার জন্য দায়ী মাথা ব্যথা,Positive
ভাগ মাথা ব্যথার জন্য দায়ী মাথা ব্যথা নানা রকমের হয়,Positive
মাইগ্রেন মাথা ব্যথা মাইগ্রেন বংশগত রোগ মাইগ্রেন,Positive
যায় বা অনুভব করা যায় মাথা ব্যথা ধীরে ধীর বাড়তে থাকে,Positive
টেনশানের মতন মাথা ব্যথা এটি মাথা ব্যথার একটি,Positive
টেনশানের মতন মাথা ব্যথা এটি মাথা ব্যথার একটি খুব সাধারণ রূপ,Positive
৪০% সময়েই থাকে এই নিস্তেজ মাথা ব্যথা সাধারণত মাথা এর দুই,Positive
এই নিস্তেজ মাথা ব্যথা সাধারণত মাথা এর দুই দিকেই হয় এদের,Positive
খুব কম থেকে মাঝামাঝি এই মাথা ব্যথা মাঝে মাঝে ঘন ঘন,Positive
ক্লাস্টার মাথাব্যথা এই মাথা ব্যথা হঠাৎ শুরু হয় মুখমণ্ডলের,Positive
হয় তাই একে এলার্ম ঘড়ি মাথা ব্যথা বলা হয় এই ব্যথা,Positive
এবং সাইনাস এবং তার সাথে মাথা ব্যথা ভাইরাস বা ব্যাকটেরিয়ার সংক্রমণের,Positive
মন ভালো করার পাশাপাশি মাথা ব্যথা উপশমে সব চাইতে ভালো,Positive
দিয়ে শোনার সময় আমাদের লক্ষ্য মাথা ব্যথা থেকে সরে যায় যা,Positive
থেকে সরে যায় যা আমাদের মাথা ব্যথার কথা অনেক সময় ভুলিয়ে,Positive
দেয় এতে করেই সেরে উঠে মাথা ব্যথা,Positive
কখনও মাথা ব্যথা হয়নি এমন মানুষ বোধহয়,Positive
ঘুম ক্লান্তি দুশ্চিন্তা ইত্যাদি কারণে মাথা ব্যথা হওয়া খুবই সাধারণ ঘটনা,Positive
খুবই সাধারণ ঘটনা আমরা অনেকেই মাথা ব্যথার সমস্যা একেবারেই অবহেলা করে,Positive
ঘুম এবং ব্যথানাশক ঔষধ খেলেই মাথা ব্যথার সমস্যা ঠিক হয়ে যাবে,Positive
কালো মাথা মাছরাঙা হল একধরনের গেছো মাছরাঙা,Positive
নিয়ে যেখানে একটি সাপের কাটা মাথা কি ভয়ঙ্করভাবে ফনা তোলার চেষ্টা,Positive
মাথা শেভ করা হল শরীর পরিবর্তনের,Positive
কারণে ইতিহাস জুড়ে লোকেরা তাদের মাথা এর সমস্ত বা অংশ কামানো,Positive
কেউ মারা যাওয়ার পরে তাদের মাথা ন্যাড়া করার ছল আছহে একটি,Positive
একটি উপায় হিসাবে দেখা হয় মাথা শেভ করা মৃত ব্যক্তির শেষ,Positive
কেউ মারা যাওয়ার পর তাদের মাথা কামানো তা হল শোকাহতদের প্রতি,Positive
সমর্থন দেখানোর একটি উপায় একজনের মাথা ন্যাড়া করা সংহতির লক্ষণ এবং,Positive
দুঃখে একা নয় অবশেষে একজনের মাথা কামানো মৃতকে সম্মান করার উপায়,Positive
উপায় হিসাবে দেখা হয় একজনের মাথা ন্যাড়া করা সম্মানের একটি চিহ্ন,Positive
ভারতীয়রা শোকের চিহ্ন হিসাবে তাদের মাথা ন্যাড়া করা এই প্রথাটি বিদ্যমান,Positive
বিশ্বাস থেকে উদ্ভূত যে একজনের মাথা কামানো মৃত ব্যক্তির প্রতি সম্মান,Positive
গোছোট থেকেই তো ওর লেখাপড়ায় মাথা ভালো ছিল এই বছর মাধ্যমিকে,Positive
তো বলছিলো ওর পড়াশোনায় এত মাথা ভালো ওর মতো স্টুডেন্টসদের পড়ানোও,Positive
পড়া বুঝতে বুঝতে একদম পাকা মাথা হয়ে গেছে ওর এরকম সোনার,Positive
একদিন ঠিক সুফল পাবেই পড়াশোনায় মাথা ভালো বলেই তো কোনো টিউশন,Positive
পেয়েছে বিশেষ করে অঙ্কে দুর্দান্ত মাথা রুমঝুমের চোখের পলকে উঁচু ক্লাসের,Positive
বললোতোর তো সাজানোর বিষয়ে বেশ মাথা আছে দেখছি বাহ্ খুব সুন্দরছিমছামের,Positive
অবশ্য ছোট থেকেই সাজগোজের দিকে মাথা ছিল এখন বর্তমানে নামকরা মেকআপ,Positive
একটা আর্ট সবার দ্বারা হয়না মাথা থাকতে হবে দিশার মাথা আছে,Positive
হয়না মাথা থাকতে হবে দিশার মাথা আছে বলেই তো মাত্র ৩০,Positive
লুক করতে হবেএগুলো বোঝার জন্যও মাথা থাকতে হয় যেটা দিশার খুব,Positive
করেছে দিশা মেহেন্দি পড়াতেও দারুন মাথা দিশার,Positive
নেই কিন্তু দাবা খেলায় দারুন মাথা ছোট হলে কি হবে অনেক,Positive
ক্লাস সিক্সে পড়ছে অঙ্কে খুব মাথা ভালো ওর মুখে মুখে কত,Positive
রে যে তোর অঙ্কে এত মাথা ভালো স্কুলের স্যারমাডামরা অনিকেতের জন্য,Positive
বোন তুতুলের সাধারণ জ্ঞানে অসাধারণ মাথা তুমি যেখান থেকে হোকযেকোনো প্রশ্ন,Positive
বিপ্লবের ফিজিক্সে খুব মাথা ভালো ছিল কিন্তু ওই পরিবারের,Positive
নাফিসার সেলাইয়ে দারুন মাথা সুন্দর সুন্দর ওড়না গুজরাটি কাজ,Positive
তোর তো দেখছি অঙ্কে বেশ মাথা খুলে গেছে বাহ্ খুব ভালো,Positive
পারবি জানি ইংলিশে বরাবরই তোর মাথা ভালো ছিল কিন্তু অঙ্কটাও পরবর্তীতে,Positive
ওর আবার এসব দিকে বেশ মাথা ভালো এই প্রথম কোনো হোমওয়ার্ক,Positive
এসব থার্মোকলের ওপর কাজের ব্যাপারে মাথা ভালো তোর বাড়িতে গিয়ে তো,Positive
হাতের কাজের তৈরির ওপরই শ্রেয়ার মাথা খুব ভালো ওকে জিজ্ঞাসা করলে,Positive
সায়নের ইতিহাসে মাথা বেশ ভালো প্রত্যেকটা যুদ্ধের সালকোন,Positive
সাথে সঠিক উত্তরটা বলে দেবে মাথা ভালো না হলে এরকম পারে,Positive
ক্লাসে দেখছি বরাবরই ইতিহাসে ওর মাথা ভালো ছিলযত দিন যাচ্ছে আরও,Positive
না অর্জুনের ছোট থেকেই কম্পিউটারে মাথা ভালো ছিল অর্জুনের কম্পিউটার নিয়ে,Positive
খুব ভালো কথা কম্পিউটারে এতটাই মাথা ভালো ছিল যে নিজে নিজেই,Positive
বেসিক কম্পিউটারে পারদর্শী হয়ে ওঠে মাথা ভালো হওয়ার জন্য স্যারকে ওর,Positive
কোডিংএও দুর্দান্ত মাথা অর্জুনের স্কুলের স্যারেরাও বাকি স্টুডেন্টসদের,Positive
পারে এইসব দিকে ওর বেশ মাথা আছে বোতল কেটে এত সুন্দর,Positive
রূপের যেন ঈশ্বরপ্রদত্ত মাথা ম্যাপ দেখে যেকোনো রাজ্য দেশের,Positive
