Sentences,Emotion
ছেলে টেবিল টেনিস কম্পিটিশন থেকে বাদ হয়ে দুঃখে হাত কেটেছে সব,Negative
অতোই সোজা নয় প্রথমেই দেখবি বাদ পড়ে গেছিস আর বাদ পড়বি,Negative
দেখবি বাদ পড়ে গেছিস আর বাদ পড়বি না আচ্ছা আচ্ছা গাইয়ে,Negative
মনে হয় তুই সেখান থেকেই বাদ পড়ে যাবি ঐতো তোর গানের,Negative
গেলে অরূপ সেই দল থেকে বাদ পরে,Negative
এ প্রত্যেক বার খেলা থেকে বাদ পরে শুধুমাত্র পাড়ার ছেলে বলে,Negative
আসেনাহলে কবেই ভলির ক্লাব থেকে বাদ দিয়ে দিতাম ওকে,Negative
শুনে খানিকটা বিরক্তের সাথে বললামতোকে বাদ দেওয়াই উচিত ভালো করে প্র্যাক্টিস,Negative
বলে দিচ্ছিআমার টিউশন ব্যাচ থেকে বাদ দিয়ে দিয়েছি তোকে বাড়ি থেকে,Negative
অপদার্থবাজে স্টুডেন্টসদের সবাইকে একেক করে বাদ দেব দাড়া অনেক খারাপ রিপোর্ট,Negative
দিচ্ছি মিলিয়ে নিসসমস্ত জায়গা থেকে বাদ পড়বি তুই স্যারএর নামে বাড়িতে,Negative
রাগ করছো পাগল হলে নাকি বাদ দাও তো ওর কথা কি,Negative
তাই আমাদের গ্রুপ থেকে কিঞ্চিৎ বাদ দিয়েই চলি আমাদের বন্ধুদের পকেট,Negative
এ ওর দিকে তাকিয়ে বললামধুর বাদ দে তো ওর কথা জানিসই,Negative
করার নেই রাগিনীকে এবছর মাধ্যমিক বাদ দিতে হবে এবছর ও নাধ্যমিক,Negative
আগুন হয়ে আছে একটা বছর বাদ পড়া মানে কতটা লজ্জার বিষয়,Negative
রাগিণীর নাম মাধ্যমিকের লিস্ট থেকে বাদ দিতে হবে সেই মান সম্মান,Negative
স্কুলের বার্ষিক ক্রীড়াপ্রতিযোগিতা থেকে বাদ পড়ে সে কি কান্না অভিকের,Negative
গেছে সামান্য একটা খেলা থেকে বাদ পরে এভাবে কেউ কাঁদে লোকে,Negative
এবার তুই স্কুলের খেলা থেকে বাদ পরে কাঁদছে দেখলে জুনিয়ররা কি,Negative
খেলা থেকে যেন কেউ কখনো বাদ পড়েনাযেন এই প্রথম তুই বাদ,Negative
বাদ পড়েনাযেন এই প্রথম তুই বাদ যাচ্ছিস,Negative
সত্যি খুব বোকা জানিস তো বাদ দে না রিদ্ধির কথা ওর,Negative
অমন ঝগড়া কত হয় ওসব বাদ দিয়ে এগিয়ে যেতে হবে এত,Negative
গেছিস এখনওসব ঝগড়ারাগারাগির কথা কোথায় বাদ দিয়ে উড়িয়ে দিবি তা না,Negative
ফেল করলে পুরো একটা বছর বাদ পড়ে যাবি জুনিয়রদের সাথে ক্লাস,Negative
শুধু কি ক্লাস থেকে বাদ পড়বি নাকি দেখবি আসতে আসতে,Negative
করে যা এইটুকু চাই একবার বাদ পড়লে মান সম্মান আর কিছু,Negative
স্যার ওর নাম লিস্ট থেকে বাদ দিয়ে দিয়েছেন,Negative
এক্সিবিশনে ওর আঁকা বাদ দেওয়ায় খানিক মন খারাপ হয়ে,Negative
প্র্যাক্টিস করিসনা দেখবি অডিশন রাউন্ডএই বাদ হয়ে ফিরে আসবি টেলিভিশনের নামকরা,Neutral
অডিশন দিতে যাচ্ছে কত ছেলেমেয়ে বাদ হয়ে যাবে বলতো তাদের এতদিনের,Neutral
দিতে যাওয়া পুরো বৃথা নিমেষে বাদ হয়ে যাবি তুই এই মগরাহাটের,Neutral
পুষ্পাফুলকপির এই শক্ত ডাঁটাগুলো বাদ দিসনি কেন এই রে বাদ,Neutral
বাদ দিসনি কেন এই রে বাদ দিতে হতো তো ওগুলো ঠিক,Neutral
আর তোকে বললাম তো লঙ্কা বাদ দিয়ে ডিমের ওমলেট টা বানাবি,Neutral
দিসনা আবার মিনি কিন্তু চিনি বাদ দেওয়া খাবার খায়,Neutral
দিতে হবে রান্নায় কোনটা দিবিকোনটা বাদ দিবি সব লিখে দিতে হবে,Neutral
নানা কাজে দরকার দুটোর কোনোটাকেই বাদ দেওয়া চলে না এখন বুঝতে,Neutral
বিয়োগ শিখেছিস দশ থেকে কত বাদ দিলে তিন হবে বল,Neutral
ওর ছোট্ট ছোট্ট হাতের আঙ্গুল বাদ দিয়ে দিয়ে গুনছে উত্তর কত,Neutral
করতে হলে একটা করে আঙ্গুল বাদ দিয়ে মুড়ে দিতাম সেখান থেকে,Neutral
প্রশ্ন না বুঝেদশ থেকে তিন বাদ দিয়ে বিয়োগফলের উত্তর বললো ৬,Neutral
রুমি আঙ্গুল মুড়ে একেকটা করে বাদ দিয়ে গুনতে গুনতে মাথা চুলকাচ্ছে,Neutral
মুড়বে আর একটা করে সংখ্যা বাদ দেবে,Neutral
যাচ্ছে নাকি ২৫ থেকে ১০ বাদ দিলে বিয়োগফল কি হবে সঠিক,Neutral
নাকি যে ২৫ থেকে ১০ বাদ দেব কাকুতুমি কিন্তু আমাকে খালি,Neutral
দিচ্ছি রুমিকে পুনরায় শেখালাম কিভাবে বাদ দিতে হবে তবুও এবারে বলতে,Neutral
থাকে যেন বিয়োগ করতে হলেএই বাদ দেওয়ার নিয়মটা আর যেন ভুল,Neutral
পিকনিকে যেতে পারবে না সুমনকে বাদ দিয়ে অরুন ও আবার না,Neutral
ও সাফ জানিয়ে দিয়েছে সুমনকে বাদ দিয়ে ও কিছুতেই পিকনিকে যাবে,Neutral
কিন্তু তাবলে তোরা এক জনকে বাদ দিয়ে আরেকজন যাবি না তাহলে,Neutral
হয়েছিলাম স্যারআমি শুধুমাত্র বলেছি সুমনকে বাদ দিয়ে আমি যাবো না আমি,Neutral
রোদে বসে বসে কাঁকর গুলো বাদ দিয়ে চাল টা বেছে দে,Neutral
রোদে বসে চাল থেকে কাঁকর বাদ দেওয়া শুরু করলো কিন্তু চাল,Neutral
মধ্যে দেখি চাল থেকে কাঁকর বাদ দেওয়া থামিয়ে টুলে বসে বসে,Neutral
করে নড়েচড়ে বসে আবার কাঁকর বাদ দিতে লাগলো অদিতি এতক্ষনে এক,Neutral
করে নিচ্ছি এই ভাবে কাঁকর বাদ দিলে গোটা সপ্তাহ কাবার হয়ে,Neutral
চাল থেকে কাঁকর বাদ দিতে সেই আমাকেই মাঠে নামতে,Neutral
পড়তে হবে না দাঁড়া আমি বাদ দিয়ে লিখে দিচ্ছি কোনগুলো পড়বি,Neutral
ব্যাকরণে সমাসবিভক্তিসমার্থক শব্দ এগুলো একদম বাদ দিবি না একটু মন দিয়ে,Positive
যেগুলো রেডি করতে বলেছি একটাও বাদ দিবি না সবগুলো করে রাখবি,Positive
জ্যোতিষশাস্ত্রের এক অন্যতম অংশকে কখনও বাদ দিয়ে ভাবা সম্ভব নয় কারণ,Positive
জামাকাপড় কাচছেন বাড়ির ছেলেরাই বা বাদ যান কেন তাঁরাও সেই জলেই,Positive
নিয়ে যান নিকাশি নালার কথা বাদ দিলে রয়েছে পুকুরের নোংরা জল,Positive
গ্রাম যাতে এই কর্মসূচি থেকে বাদ না পড়েসেদিকেও রাজ্য সরকারকে নজর,Positive
প্রায় ৪০৫০ শতাংশ পর্যন্ত টাকা বাদ দিচ্ছিলো মাই দোকানে গিয়ে পছন্দ,Positive
সেখানে পঞ্চাশ শতাংশ পর্যন্ত টাকা বাদ দেওয়া মনে অনেক ব্যাপার অনেক,Positive
হলো তুই এই বিশেষ টাকা বাদ দেওয়ার কথাটা বললি আমি মাকে,Positive
আছে মা তো এই টাকা বাদ দেওয়ার কথা শুনলে খুব খুশি,Positive
দামে পুরো চার লাখ টাকা বাদ দিচ্ছে Mahindraএমন সুযোগ আর পাবেন,Positive
গাড়িতে সর্বোচ্চ 4.5 লাখ টাকা বাদ রয়েছে নতুন বছরে গাড়ির দাম,Positive
চাকায় 4.2 লাখ টাকা অবধি বাদ দেওয়ার কথা জানিয়েছে মাহিন্দ্রা,Positive
দোকানদারেরা কমপক্ষে ৩০ শতাংশ টাকা বাদ দিয়ে দেয় আমার তো যখনি,Positive
আরও ৫০৬০ শতাংশ পর্যন্ত টাকা বাদ পাওয়া যায় মানে ভাবো তো,Positive
সংস্থাগুলি অনেক বড় অংশের টাকা বাদ দেয় বিভিন্ন পণ্যের উপর ইলেকট্রনিক,Positive
ও নানা পণ্যের উপর টাকা বাদ দিয়ে থাকে এই সময় OnePlusও,Positive
OnePlus Padএ অতিরিক্ত ১০০০ টাকা বাদ পাবেন,Positive
Nord সিরিজে বড় অংশের টাকা বাদ দেওয়ার কথা ঘোষণা করেছে জানা,Positive
লাগান এক্ষুনি আর অনেক টাকা বাদ পেয়ে যান,Positive
তাদের প্রিমিয়ামের ওপর করের টাকা বাদ পাবেন জাতীয় রাজস্ব বোর্ডের এনবিআর,Positive
হতো এবার থেকে সেই টাকা বাদ দেওয়া হলোআর বাড়তি কোরে তাদের,Positive
টিকিট কাটলেই বিরাট অঙ্কের টাকা বাদ দিচ্ছে Paytm ফ্রিডম ট্রাভেল কার্নিভাল,Positive
তবে এবার তাতে বিশেষ টাকা বাদ পাবেন তবে সেই ছাড়টি কেবলমাত্র,Positive
ক্ষেত্রে ০.৬৫ শতাংশ পর্যন্ত টাকা বাদ দেওয়ার সুবিধা দিচ্ছে আপনি যদি,Positive
গুলো খুলে দেখছি কোনো টাকা বাদ দেওয়ার বিশেষ অফারটা দিয়েছে কিনা,Positive
কেনাকাটা করবি দেখবি অনেক টাকা বাদ পাচ্ছিস একবার ওখান থেকে জামাকাপড়,Positive
দোকানদারেরা বেশ ভালো অংকের টাকা বাদ দিয়ে দেয় নাহলে বলনা পুজোর,Positive
দিশেহারা ক্রেতাদের জন্য বিশেষ টাকা বাদ দিচ্ছে বাংলাদেশের সুপারশপ স্বপ্ন গত,Positive
জন্য দিচ্ছে পঞ্চাশ শতাংশ মূল্য বাদ সারার তৈরি ব্যাগ এবং মাস্ক,Positive
ওপর দেওয়া এই অভাবনীয় টাকা বাদ দেওয়ার প্রক্রিয়া চলবে সময়ের সঙ্গে,Positive
কেনাকাটায় থাকছে বিশেষ টাকা অবধি বাদ দেওয়ার সুযোগ তাদের অনিন্দিত পূজা,Positive
পণ্যের উপর ৫৫% পর্যন্ত মূল্য বাদ পাওয়া যাবে ইতিমধ্যে এই আয়োজনে,Positive
পাচ্ছেন অতিরিক্ত 20 শতাংশ টাকা বাদ,Positive
নিয়ে গেলেই বড় অংশের টাকা বাদ দিচ্ছে এই রেস্তরাঁ সঙ্গ দেবেন,Positive
১০০ টাকায় পুরো ৫০ টাকা বাদ সৌজন্যে উলুবেড়িয়ার এক রেস্তরাঁ সেখানে,Positive
একশো টাকায় পুরো পঞ্চাশ টাকা বাদ সমীরণ বাবু আরও বলেনআমাদের এখানে,Positive
খেতেআনন্দ করতে তাই এই টাকা বাদ দেওয়ার পরিকল্পনা করি আর সেটা,Positive
এই টাকা বাদ দেওয়ার কথা শুনে বাবামাবাড়ির বয়স্কদের,Positive
বিলের ওপর এই অভাবনীয় টাকা বাদ দেওয়ার কথা শুনে সমীরণের রেস্তরাঁয়,Positive
বিলের অঙ্কে প্রায় ৫০০ টাকা বাদ পড়েছে তার যার জন্য বেজায়,Positive
পূজা উপলক্ষেমিষ্টান্ন ভাণ্ডারগুলোতেও বিশেষ টাকা বাদ দেওয়া হচ্ছে শিক্ষার্থীরা তো খুব,Positive
দিতে এই বিশেষ অঙ্কের টাকা বাদ দেওয়ার কথা ঘোষণা করেছে সিলেটের,Positive
কেনাকাটায় ২০ শতাংশ পর্যন্ত টাকা বাদ দিচ্ছে তনিষ্ক এছাড়া পুরানো সোনার,Positive
টাকার কেনাকাটায় ৪ হাজার টাকা বাদ পাবেন তবে একটি কার্ডে একবারের,Positive
চল্লিশ থেকে নব্বই টাকা পর্যন্ত বাদ দিচ্ছে আমাজন গ্রেট ইন্ডিয়ান ফেস্টিভ্যাল,Positive
রয়েছে ৮০ শতাংশ টাকা অবধি বাদ গৃহস্থালির প্রয়োজনীয় নানা সামগ্রীর উপর,Positive
রয়েছে ৬০ শতাংশ টাকা পর্যন্ত বাদ,Positive
