Sentences,Emotion
পর কে আশ্রয় করে বেঁচে থাকা বড্ড কঠিন দুর্দিনে তারা এসে পাশে দাঁড়ালেও তাতে কতটুকু আন্তরিকতা থাকে তা বোঝা সত্যি মুশকিল আপনজনও কি দায়বদ্ধ হয়েই খানিক আমাদের ক্ষমা করে দেয় ভুল করার পরেও এই জটিল প্রশ্ন গুলোর উত্তর খোঁজা সত্যিই বেশ মুশকিল শাস্ত্রে বলা আছে পুঁথিগত বিদ্যা আর পর এর হস্তগত ধনসম্পদ সমার্থক অর্থাৎ তা প্রয়োজনে কোনো কাজেই আসে না তাই হয়তো শাস্ত্রবাক্য মেনেই দুর্দিনে পর এর ভরসা করা খানিক জেনে শুনেই মুর্খামির পথে এগিয়ে যাওয়ার সমান,Negative
অনেকেই আপনাকে এমনিতেই পর করে দেয় কিন্তু কাজের দরকার হলে ঠিকই দৌড়ে হাজির হয় এক্ষেত্রে আপনার করণীয় দ্রুত সেই সংগ ত্যাগ করা কারণ যার আপনার দোষ নয় বরং আপনাকে নিয়েই সমস্যা তার জন্য যাই করেনসে খুশি হবে না এবং ক্রমেই আপনাকে পর করে দেবে,Negative
বিয়ের পরে শ্বশুরবাড়ি গিয়ে মেয়েদের জীবন অনেকটাই বদলে যায় নতুন জায়গানতুন পরিবারনতুন আত্মীয়স্বজনের সঙ্গে পরিচিতি হয় বিবাহিত জীবনের অভিজ্ঞতায় ব্যক্তিত্বেও অনেক পরিবর্তন হয় বিবাহিত জীবনের দায়িত্ব তাঁকে নিতে হয় তাঁর নিজেরই মনে হয়তিনি আর আগের মানুষটি নেই অনেক সময় এই অভিজ্ঞতা মা ও মেয়ের সম্পর্কে প্রভাব ফেলে এবং ক্রমেই সেই সম্পর্ককে পর করে দেয়,Negative
মায়ের সঙ্গে মেয়েদের সম্পর্ক এমনিই খুব প্রিয় বিয়ের পর সেই সম্পর্ক যেন আরও বেশি মিষ্টি হয়ে ওঠে তাই বিয়ের পর যখন মেয়েদের মধ্যে পরিবর্তন আসেতখন তার প্রভাব সবচেয়ে বেশি পড়ে মামেয়ের সম্পর্কেও কিছু কিছু কাজ আছে যা মেয়েরা অজান্তেই করে ফেলেনকিন্তু তা মায়ের মনেও গভীর ছাপ ফেলে এমন হয় যে তিনি অনেক সময় আঘাত পান নিজেই হয়তো সম্পর্কে দূরত্ব তৈরি করতে শুরু করেন তাই সময়ের সঙ্গে ধীরে ধীরে সেই সম্পর্ক পর হয়ে যায়,Negative
বিয়ের পর দায়িত্ব অনেক বেড়ে যায়এই কথা ঠিক এখন আপনার অফিসের কাজ সামলে বাড়ির লোকের সঙ্গেও সময় কাটাতে হচ্ছে সংসারের দায়িত্ব নিতে হচ্ছে তাই নিজের বাবা ও মায়ের জন্য় সময় থাকে না ও তারা পর হয়ে যায়,Negative
আমরা সামাজিক জীব জন্মের পর থেকেই আমরা নানা সম্পর্কের মাঝে বড় হই আমাদের বেড়ে ওঠার মাঝে নানা সম্পর্কের মানুষের গুরুত্ব রয়েছে আমরা পরিবার পরিজনআত্মীয় স্বজন এমনকি বন্ধুত্বের সম্পর্ক ছাড়া একটি দিনও চিন্তা করতে পারি নাভালোবাসার মানুষটি পাশে না থাকলে খারাপ লাগে সম্পর্ক এমনই একটি জিনিস কিন্তু আমরা সম্পর্ক সুস্থ ও সঠিক রাখার জন্য কী কী করি আমরা অনেকেই ভাবি না আমাদের কিছু কাজে হয়তো আমাদের অতি আপন মানুষগুলো পর হয়ে যাচ্ছেকষ্ট পাচ্ছেসম্পর্কে দূরত্ব আসছে বলে পর হয়ে যাচ্ছে আমরা আসলেই অনেক কাজ না ভেবেই করে থাকি,Negative
রাগ মানুষের অনুভূতিগুলোর মধ্যে সব চাইতে ক্ষতিকর অনুভূতি যা সম্পর্কের জন্য অনেক বেশিই খারাপ সাধারণত রাগ উঠলে আমরা সাধারণ ভদ্রতা জ্ঞান হারিয়ে ফেলি এবং রাগের মাথায় এমন অনেক কথা বলি যা সামনের মানুষটির মনে গভীর দাগ কাটে ও তাকে আঘাত দিয়ে পর করে দেয় আপনি পরবর্তীতে নিজের ভুল বুঝে ক্ষমা চাইলেও তার মনের দাগ দূর হয় না রাগের মাথায় বলা এই ধরণের অযথা কথা আপনার জীবনের যে কোনো ধরণের সম্পর্ককে পর করে দিতে পারে,Negative
লোভ অনেক ধরণের পাপ কাজের জন্ম দেয় মানুষের মনকে পুরোপুরি কলুষিত করে দিতে পারে লোভ এই জিনিসটি আপনার সকল সম্পর্কের জন্যও অনেক খারাপ একজন লোভী মানুষ নিজের সম্পর্কগুলোকে কখনোই মূল্যায়ন করতে পারেন না ও সেই সম্পর্কগুলোকে পর করে দেয় লোভ লালসা তাকে অন্ধ করে দেয় কোনটি ঠিক কাজ কোনটি বেঠিক কাজ তা বোঝার ক্ষমতা মানুষ হারিয়ে ফেলেন কাছের মানুষগুলোকে কষ্ট দিতে বাঁধে না একেবারেই ও তাদেরকে পর করে দেয় এতে করেই সম্পর্ক পর হয়ে যায় ধীরে ধীরে,Negative
কারো উন্নতি দেখলে মনের মধ্যে কিছুটা ঈর্ষার জন্ম হতেই পারে কিন্তু এই কাজটি যদি আপনি আপনার কাছের কোনো মানুষের সাথে করেন তবে আপনাদের সম্পর্ক খুব শীঘ্রই পর হয়ে যাবে তা সে যিনিই হোন না কেন যদি আপনার নিজের পরিবারের কাউকে আপনি ঈর্ষা করা শুরু করেন তবে এই ঈর্ষার আঘাতে পুরো পরিবারটিই পর হয়ে যাবে পর  হতে পারে আপনার স্বাভাবিক সম্পর্কের গতি,Negative
ভালোবাসার মানুষটিকে অনেক বেশি সন্দেহ করলে আপনাদের মধ্যে বিশ্বাসের অভাব এতে করে বোঝাই যায় আপনি তাকে কতোটা ভালোবাসেন বিশ্বাস না থাকলে সম্পর্ক টিকিয়ে রাখা অনেক যন্ত্রণার এবং ক্রমেই সেই সম্পর্ক পর হয়ে দূরে সরে যেতে বাধ্য এতে করে দুপক্ষই থাকেন অশান্তির মধ্যে এই কথাটি অন্যান্য সম্পর্কের জন্যও প্রযোজ্য,Negative
একটি সম্পর্কের মধ্যে সম্মান থাকা সব চাইতে বেশি জরুরি সম্মান না থাকলে সেখানে ভালোবাসামায়া মমতাও থাকে না আপনি বড় হয়ে যদি ছোটজনকে সম্মান করতে না পারেনসম্মান না দেন তবে সেও আপনাকে সম্মান করবে না ও আপনাকে পর করে দেবে মনে রাখবেন আপনি অন্যের প্রতি যে মনোভাব দেখাবেন সে তাই আপনাকে ফেরত দেবে বিশেষ করে ছোটরা তো বড়দের দেখেই শিখে থাকেন আপনি সম্মান না করলে সেও আপনাকে সম্মান করবে নাআপনি পর করে দিলে সেও আপনাকে পর করে দেবে এতে পর হবে আপনাদের সম্পর্কটি আপনি যদি আপনার ভালোবাসার মানুষটিকে সম্মানই না করতে পারলেন তবে আপনাদের মধ্যে ভালোবাসার কমতি রয়েছে,Negative
ছোট্ট এই জীবনে বড়াই করার কিছুই নেই আজকে আছি তো কালকে নেই জীবন মত্যুর দিনক্ষণ কোন মানুষই আগে থেকে জানে না তাই এই ছোট্ট জীবনে কেন মানুষকে দূরে ঠেলে দেয়া কেন মানুষের বিপদে এগিয়ে আসতে পারি না,Negative
জীবন স্বল্পদৈর্ঘ্য চলচ্চিত্রের গল্প আমাদের সমাজে অহরহ দেখা যায় একজন মানুষ যখন বিপদে পড়েতখন তার কাছের মানুষগুলো পর হয়ে যায় একে একে সবাই তার থেকে মুখ ফিরিয়ে নেয় কিন্তু কেন শিশির নামের ছেলেটির দুইটি কিডনি নষ্ট হয়ে যায় চার বছর প্রেমের সম্পর্কের পর নিতু নামের মেয়ের সঙ্গে দুই বছরের সংসার কিন্তু তিনি সেটি করলেন না স্বামীকে মৃত্যুর মুখে রেখে চলে আসে বাবার বাড়িতে এমনকি বাবার বাড়িতে আসার পরে ডিভোর্স লেটার পাঠিয়ে শিশিরকে সারা জীবনের জন্য পর করে দেয়,Negative
একজন মানুষ তোমাকে পাগলের মতো ভালোবাসে মাঝেমধ্যে মনে হয়এই এত ভালোবাসার মানুষটি না পেলে তোমার জীবন বৃথা অথচ সেই মানুষটি একদিন হুট করে পর হয়ে চলে গেলে তুমি নিজে ভেবে পাও নাএত ভালোবাসার মানুষ কীভাবে তোমাকে পর করে ছেড়ে চলে গিয়ে ভালো থাকে,Negative
কিন্তু মনে রেখোযে তোমাকে খুব বেশি ভালবাসতে পারেসে আবার খুব সুন্দর করে তোমাকে ভুলে দিব্যি অন্য কাজেঅন্য ভুবনে ব্যস্ত থাকতে পারে এটাই সত্যএটাই বাস্তবতা তুমি এক দিন যেমন তার সবচেয়ে প্রিয় মানুষ ছিলেআবেগমোহভালোবাসা সবটুকু ধীরে ধীরে কমতে থাকলে তার জগতে তুমি আর প্রিয় কেউ নও এবং ধীরে ধীরে সে তোমাকে পর করে দেয় একটি সত্যি কথা কি জানোভালোবাসা সময় গড়ার সঙ্গে সঙ্গে সমানুপাতিক হারে কমে কথা বলা ধীরে ধীরে কমে যায় অল্পস্বল্প ব্যস্ততার বাহানা একজনের ক্ষেত্রে চলে আসে,Negative
অথচ উত্তর তো দূরের কথাতোমার মেসেজ দেখার সময়টুকুও তাঁর থাকে না কখনো যদি দেখেওতবে উত্তর দেয়খুব ক্লান্ত আজ আর কথা হবে না তুমি হয়তো তখন কিছুই বলতে পারো না চোখের জলে বালিশ ভিজে যায়রুমের টিকটিকি সাক্ষী হয় তোমার নীরবতায় ধীরে ধীরে তখন প্রেমে অসুখে ধরেতারপর এক দিন হুট করে সে পর হয়ে যায় এটিই সত্যিএটিই বাস্তব,Negative
এই চরম বাস্তবতাটুকু মানতে পারলে তুমি হয়তো সামনে যেতে পারবে না হয় একযুগ চলে যাবে কেবল ভেবে ভেবেএত ভালোবাসার পর আসলে কেউ মানতে চায় নামানুষটা পর হয়ে ছেড়ে যেতে পারে নিশ্চয় এমন কোনো কারণ ছিলযার জন্য সে পর হয়ে যেতে বাধ্য হয়েছিল কিন্তু সে কারণ তুমি আর খুঁজে পাও না,Negative
কিন্তু সত্য হলোবেশির ভাগ মানুষের ক্ষেত্রে জোরালো কোনো কারণ থাকে না স্রেফ আগের মতো আর তোমাকে ভালো লাগে না এটা মুখে না বললেও এটুকু বুঝতে হবেতুমি তার হৃদয়ে আলোড়ন তোলার আপাতত কেউ নও কারও কারও জীবনে একজন মানুষ তুমুল ভালোবাসা নিয়ে আসেঅল্প দিনে একজনমের ভালবাসার স্বাদ দিয়ে হুট করে একদিন পর হয়ে চলে যায় তখন আর একজনমের স্বাদ পরিবর্তন হয়ে একজনমের কষ্টে রূপান্তরিত হয় মানুষ কাছে আসেমায়া লাগিয়ে পর হয়ে যাওয়ার জন্যমানুষ কাছে আসেআবেগ আর ভালোবাসা যাচাই শেষে নিজের ভালো লাগাকে গুরুত্ব দিয়েই দূরে সরে পর হয়ে যাওয়ার জন্য,Negative
গল্পটি শুনেছিলাম গতবার দেশে গিয়ে খারাপ লাগলএভাবেই একজন মানুষ জীবনের সবটুকু ভালোবাসা নিয়ে আসে হুট করেতারপর হুট করে পর হয়ে যায় যাওয়ার নির্দিষ্ট কারণ পর্যন্ত বলে যায় না যারা অতিরিক্ত ভালোবেসে নিঃস্ব হয়তাদের গল্পগুলো এমনই হয় একটি কথা জানেনস্রষ্টার চেয়ে আপনি যখন কাউকে বেশি ভালোবাসবেনসেই মানুষটি আপনার জীবনে থাকবে না এবং ধীরে ধীরে পর হয়ে যাবে খুব বেশি ভালোবাসাই মানুষকে অতিরিক্ত রকম একা করে দেয়,Negative
হেমন্তের সন্ধ্যায় পশ্চিম আকাশে জ্বলে থাকা কোনো নক্ষত্র তো আলো ঠিকঠাক দেয়তবু মানুষটি হারিয়ে পর হয়ে যায় নক্ষত্রের মতো জ্বলজ্বল করে আর জ্বলে তার বুকে হেমন্তের বিকেল বড্ড স্বল্পায়ু শুরু হয়েই ফুরিয়ে যেতে চায় কিছু ভালোবাসা ঠিক সেরকম স্বল্পায়ু শুরু হয় তুমুল ভালোবাসা দিয়েআর দ্রুত পর হয়ে যায় কোনো একজনের মাঝেমধ্যে ফুরিয়ে যাওয়া এসব বিষণ্ন বিকেল কি সন্ধ্যার অন্ধকারে কষ্ট লুকাতে যায় জানি না তবুও জীবন চলে যায় এভাবেই পাওয়া না পাওয়ার মাঝে এবং ধীরে ধীরে সেই কাছের সম্পর্কগুলো পর হয়ে যায়,Negative
মানুষ যাকে ভালোবাসেজীবনে কি তাকেই পায় কেউ পায়কেউবা পায় না মাঝে মাঝে প্রিয় মানুষটিও দূরে সরে পর হয়ে যায় ছোট ছোট ভুলের কারণে আবার কখনো দেখা যায় যাকে মানুষ পছন্দ করে তার সাথে হয়তো কোনো কারণে ভালোবাসার সম্পর্ক গড়ে ওঠে না তাই বলে কি প্রিয় মানুষটি পর হয়ে যায় পছন্দের মানুষটি যখন আপনাকে ভালো না বেসে জড়িয়ে পড়ে অন্য কারো সাথে ভালোবাসার সম্পর্কেতখন অন্তরে দহন হওয়াটাই স্বাভাবিক,Negative
আসলে বন্ধুর সংখ্যা কমতে থাকলেই আমরা ভীষণ একা হয়ে পড়ি মনে হয় কাছের মানুষগুলো আমাদের পর করে দিয়েছে তখন আমাদের আরও মনখারাপ হতে থাকে মনে করে দেখুনআপনি হয়তো সারাদিন প্রচুর পরিশ্রম করলেন নানা কাজে ব্যস্ত থাকলেন সারাদিন পর খুব ক্লান্ত লাগছে আপনারকিন্তু সেই কথা শেয়ার করার মতো কোনও মানুষ আপনার জীবনে নেই তখন একা লাগাই স্বাভাবিক,Negative
বন্ধুটি পড়ালেখায় আমার চেয়ে এগিয়ে গেলএকই প্রস্তুতি নিয়ে ওর রেজাল্ট আমার চেয়ে ভালো হলো কীভাবেও আরেক বন্ধুটিকে বেশি সময় দিচ্ছে কেনবন্ধুটি গতমাসে ভালো চাকরিতে ঢুকে গেলো অথচ আমার কিছু হলো না বন্ধু যোগ্যতার বাইরে এত ভালো একটা ভালোবাসার সম্পর্কে জড়ালো কীভাবে এমন বিভিন্ন কারণেই মনের কোণে হিংসা উঁকি দিতে পারে আর ব্যাপারটি সবসময় একপক্ষীয় হয় নাদুইপক্ষেরই হতে পারে এবং এসব কারণে ধীরে ধীরে সেই বন্ধুত্বের সম্পর্ক পর হয়ে যেতে বাধ্য,Negative
ব্যাপার আরও রয়েছে সহকর্মীও কখনো কখনো ভালো বন্ধু হয়ে উঠতে পারে সেক্ষেত্রে অফিসের মধ্যে দানা বাঁধতে থাকে ঈর্ষা দেখা যাবে যে বস হয়তো একজনকে বেশি অগ্রাধিকার দিচ্ছেনঅপরজন হয়তো সেই বসকে তেমন পছন্দ করেন না ব্যসশুরু হয়ে গেল দ্বন্দ্ব এ থেকে ঈর্ষার লম্বা ইতিহাসের সূচনা এবং ধারাকবাহিকতা তাই এসব কারণে ধীরে ধীরে সেই সম্পর্ক পর হয়ে যায়,Negative
ভালবাসা আর ভাল লাগার মধ্যে অনেক পার্থক্য ভালবাসা কখনো ভোলা যায় না আর ভাল লাগা কিছুদিনের মধ্যেই শেষ হয়ে যায় আপনজনকে আমরা ভালোবাসি এটাই আমরা বিশ্বাস করতে চাইসেটাই হয়তো সত্যি কিন্তু তাদের কিছু কাজের মাধ্যমে তারা খুব সহজেই কখন পর হয়ে যায় সেটা আমরা বুঝে উঠতে পারিনা পর বলতে যারা তাদের ক্ষেত্রে ভালোবাসার তীব্রতা কতটা রয়ে যায় আর কতটা তিক্ততা তৈরী হয়ে যায় তা পরিমাপ করা বেশ মুশকিল তবে ভালোলাগা থেকে যায় হয়তো কারণ একটা সময় তাদের সেই গুনেই তারা আমাদের মনে স্থান করে নিয়েছিল ক্ষনিকের জন্য হলেও,Negative
কাছের বন্ধুগুলো একটা সময় হারিয়ে যায় কেমন যেন পর পর হয়ে যায় জীবন নামক মরুভূমিতে বন্ধু নামক প্রাণীটা মরিচীকা হয়ে যায় তখন সঙ্গী বলতে সেই পর হয়ে যাওয়া বন্ধুগুলো না থাকলেও রয়ে যায় তাদের সাথে হাসিখেলা সুখদুঃখে কাটানো মুহূর্তগুলো মানুষ পর হলেও মুহূর্তগুলো কাছের হয়েই রয়ে যায় পর হয়ে যায়না হয়তোদূরত্ব তৈরী করে ফেলি নিজেরাই নিজেদের ব্যস্ততা আর খানিক অবহেলার অজুহাতে পর হয়ে যাওয়া মানুষগুলো তাদের বৃত্ত হয়তো খানিক ছোট করে নেয় বা সেটার সীমানা হয়তো বদলে ফেলে কাছের মানুষের দূরে চলে যাওয়া বা পর হয়ে যাওয়ার যন্ত্রনা বড্ড তীব্র,Negative
বরুন সাংসারিক জীবনে সুখী হয়নি আপনজন আর পর এর মধ্যে কোথাও গিয়ে বিস্তর একটা ফারাক হয় এটা বুঝে উঠতেই সময় চলে গেছে অনেকটা পর কে বিশ্বাস করে আপনজনকে আঘাত করেছে সে সময়ে অসময়ে তারপর সেই পর ব্যক্তি পাশ থেকে সরে গেলেও আপনজনকে সে পাশে পেয়েছে কখনো কখনো তবু আজ দিনের শেষে সবাই থাকলেও আজ সে বড্ড একলা বোধ করে পর ব্যক্তি আপন হয়নি ঠিকই কিন্তু অনেক আপনজনও দূরে ঠেলে দিয়েছে তারই পূর্বের ব্যবহারের জন্য,Negative
আজ কয়েকদিন ধরে নীতা ভাবছে একটা কথা বা বলা ভালো এই কথাটা ক্রমাগতই তার মনে ঘুরপাক খাচ্ছে আর তাকে তাড়িয়ে নিয়ে বেড়াচ্ছে বিয়ে হলেই কি মেয়েরা বাবামায়ের কাছে বা তাদের সংসারে পর হয়ে যায় আজ মাত্র তিনটে মাস হলো তার সাথে বিয়ে হয়েছে সুজয়ের এর মধ্যেই সে লক্ষ্য করেছে আজকাল বাবামা তেমন করে আর কিছুই নিজেদের মনের কথা  বা পারিবারিক সমস্যাগুলি তার সাথে ভাগ করে নেয় না আগের মতন ভালো হোক মন্দ হোক আগে অন্তত তার কথা টুকু শুনে নেওয়া বা মতামত নেওয়ার দরকার মনে করলেও আজ তার নিজের লোকগুলো সেটা করছে না কেমন যেন মাত্র তিনটি মাসের ব্যবধানে তার আজন্মপরিচিত মানুষগুলো পর হয়ে গেলো দূরে সরিয়ে দিলো তাকে এতো সহজে নিজের বাড়ি গিয়েও কেমন পর মানুষের মতো বা অতিথির মতো করে আচরণ করে তার পরিবারের লোকজন তার সাথে মনে মনে বড়োই ব্যাথা পায় নীতা এই কথাগুলি ভেবে,Negative
"জীবনে একটিই ভুল করেছিলাম পর ব্যক্তিকে আপজনের থেকে বেশি গুরুত্ব দিয়ে তার সব কথা বিশ্বাস করেছিলাম এখন সে ভুলের মাশুলও গুনতে হচ্ছে প্রতিনিয়ত বিশ্বাসভঙ্গের দায় সেই পর ব্যক্তি নেননি যথারীতি এমন করেই বহু আপনজনের থেকে দূরে সরিয়ে নিয়ে এসেছে আমায় আমার নিয়তি  
সেদিন স্বীকারোক্তিতে এমনটাই জানালেন আমাদের পাড়ার কমলকাকু জীবনের প্রায় শেষ প্রান্তে এসে ক্যান্সারাক্রান্ত মানুষটি পিছন ফিরে দেখেছেন যখন তিনি আর মাত্র মাস কয়েক এর অতিথি এই পৃথিবীতে পর ব্যক্তির থেকে পাওয়া কষ্ট মানুষটিকে যন্ত্রণায় জর্জরিত করে ফেলেছে এই কথাগুলি বলে স্মৃতিচারণা করতে গিয়ে তার চোখের কোন ভিজে যায় জলে",Negative
পর কখনো আপন হয়না গিনি  ঠাকুমা আমায় বরাবরই এমনটা বলতেন আমি খুব একটা যে আমল দিতাম তাঁর কোথায় তা নয় আজ ঠাকুমা নেই প্রায় বছর দশেক হলো কিন্তু জীবনের প্রতি অধ্যায়ে যে আঘাত আমায় পেতে হয়েছে পর ব্যক্তিদের থেকে তা বারবার দিনের শেষে মনে করিয়ে দিয়েছে ঠাকুমার বলা ওই কথাটি কাঁচা বয়সের আবেগে অনেক ভুল বুঝেছিআপনজনকে কাছের বলে চিনে উঠতে না পেরে পর কেই প্রকৃত শুভাকাঙ্খী বলে ভেবেছি স্বীকার করতে লজ্জা নেই প্রতিবারই শেষে গিয়ে আমায় ভুল প্রমান করে দিয়েছে জীবন হেরে গেছি আমি পরিস্থিতির কাছে,Negative
বিশেষজ্ঞরা জানাচ্ছেননিয়মিত হাঁটার অনেক উপকারিতা রয়েছে পাশাপাশি খাবার খাওয়ার পর হাঁটার অভ্যাস থাকলেতা খাবার হজমে অনেক উপকার করে তাঁদের মতেযাঁদের হজমের নানা সমস্যা রয়েছেতাঁদের জন্য অবশ্যই খাওয়ার পর হাঁটা দরকার স্বাস্থ্য বিশেষজ্ঞদের মতেশরীরের অঙ্গপ্রত্যঙ্গের সঞ্চালন হলে খাবার সঠিকভাবে পাকস্থলীতে যায় এবং তা দ্রুত হজম হতেও সাহায্য করে,Neutral
শুধু খাবার হজমে সাহায্য করাই নয়খাওয়ার পর হাঁটলে রক্তে শর্করার মাত্রা সঠিক থাকে বলেও জানাচ্ছেন বিশেষজ্ঞরা তাঁদের মতেযাঁরা টাইপ ওয়ান এবং টাইপ টু ডায়াবিটিসে ভুগছেনতাঁরা যদি নিয়মিত খাবার খাওয়ার পর কিছুক্ষণ হাঁটেনতাহলে রক্তে শর্করা তৈরিতে তার প্রভাব পড়ে কারণ হিসেবে তাঁরা জানাচ্ছেনখাবার আমাদের রক্তে শর্করা তৈরি করে কিন্তু খাবার খাওয়ার পর হাঁটার অভ্যাস থাকলে রক্তে শর্করা তৈরি প্রতিরোধ করা সম্ভব হয় ফলে মধুমেহ রোগও প্রতিরোধ করা যায় রক্তে শর্করার মাত্রা সঠিক রাখতে প্রত্যেক বার খাওয়ার পর অন্তত ১০ মিনিট হালকা হাঁটার প্রয়োজন,Neutral
খাবার খাওয়ার পর নিয়মিত হাঁটাচলা করলে রক্তে ক্ষতিকর কোলেস্টেরলের মাত্রা কমে আর রক্তে ক্ষতিকর কোলেস্টেরলের মাত্রা কম থাকলে স্ট্রোক কিংবা হার্ট অ্যাটাকের মতো হৃদরোগের ঝুঁকি অনেকটাই কমে যাঁরা অতিরিক্ত ওজন কমানো নিয়ে চিন্তায় রয়েছেনতাঁদের জন্যও খাবার খাওয়ার পর হাঁটার অভ্যাস খুবই উপকারী বলে মত বিশেষজ্ঞদের,Neutral
তবে যাদের গ্যাসের সমস্যা রয়েছেওজন অনেক বেশিজাঙ্ক ফুড খাওয়ার অভ্যাস রয়েছেতাঁরা ভুলেও দুপুরে ঘুমোবেন না ডা ঐশ্বর্য জানিয়েছেনআপনি দুপুরে খাবার খাওয়ার পর মোটামুটি ১ থেকে ১.৫ ঘণ্টা ঘুমোতে পারেন তবে একেবারেই খাবার খাওয়ার পর শুয়ে পড়বেন না খাবার খাওয়া ও শোয়ার মধ্যে অন্তত ৩০ মিনিটের ব্যবধান রাখবেন এর সময়ের মধ্যে আপনি ১০০ স্টেপ হেঁটে নিতে পারেন এর পর ক্লান্ত বোধ করলেন কিছুক্ষণ ঘুমিয়ে নিনএতে শরীরে স্বস্তি মিলবে,Neutral
খাবার খাওয়ার পর শোয়া বা ঘুমানো ঠিক না এ বিষয়ে আমরা কম বেশি সবাই জানি খাওয়ার পর হাঁটাহাঁটি করতে পারলে খুব ভালো তা না পারলে অন্তত কিছুক্ষণ বসে থাকুন এ বিষয়ে বিশেষজ্ঞরা বলেনখাওয়ার পর ৩০ মিনিট হাটতে পারলে ভালো বিশেষত রাতের খাবার খাওয়ার পর এতে করে হজমের কোন সমস্যা হয় না,Neutral
গবেষণা বলছে খাওয়ার পর হাঁটা স্বাস্থ্যের জন্য খুবই উপকারী এতে যে শুধু হজম ভালো হয় তাই নয় যাদের ডায়াবেটিস আছে তাদের জন্যেও খুব উপকারী তাই যাদের ডায়াবিটিস রয়েছে তাদেরও প্রতিদিন খাওয়ার পর হাটার অভ্যাস করা উচিত,Neutral
পেট ভরে খাবার খাওয়ার পর অনেকেই বিশ্রামের উপায় খোঁজেন তাতেই রোগের সম্ভাবনা বাড়ে তাই খাবার খাওয়ার পর অন্তত ১০ মিনিট হাঁটা খুবই প্রয়োজন বিশেষজ্ঞরা জানাচ্ছেনখাবার খাওয়ার পর হাঁটলে হজম শক্তি বাড়ে ফলে অ্যাসিডিটির সমস্যা অনেক কম হয় খাওয়ার পরই বিশ্রাম নিলে শরীরে মেদ জমতে পারে খাওয়ার পর একটু হাঁটাচলা করে নিয়ে সেই সমস্যা খুব একটা হয় না,Neutral
সুগারের সমস্যা যাঁদের রয়েছেতাঁদের ক্ষেত্রে খাওয়ার পর হাঁটার পরামর্শ দিয়ে থাকেন বিশেষজ্ঞরা কারণ খাবারের পর রক্তে শর্করার পরিমাণ বেড়ে যায় এমন পরিস্থিতিতে হেঁটে নিলে তা অনেকটাই কমে যায় তবে হ্যাঁখাবার পরই খুব জোরে হাঁটবেন না এই সময়ের হাঁটা হবে অল্প গতিতে রিল্যাক্স করে হাঁটবেন তাতেই উপকার পাবেন অযথা বেশি পরিশ্রম শরীরের পক্ষে ভাল নয় প্রথমেই ১০ মিনিট হাঁটার প্রয়োজন নেই ৫ থেকে ৬ মিনিট পর হাঁটতে শুরু করুন তারপর সময় বাড়াবেন সুস্থ থাকুনভাল থাকুন,Neutral
ভাত খাওয়ার পর পানি পান ঠিক নয়এ রকম একটি কথা চালু আছে আবার অনেকের মতেভাত খাওয়ার সময় একটু পানি পান করাই যায় এতে কোনো ক্ষতি নেই আসলে কোনটি সঠিক এ বিষয়ে পুষ্টিবিদ তামান্না চৌধুরী বলেনভারী খাবার খাওয়ার ২০ থেকে ২৫ মিনিট পর পানি পান করা ভালো এতে হজম ঠিকমতো হয় যাঁদের অ্যাসিডিটি বা গ্যাসের সমস্যা রয়েছেএতে তাঁদের উপকার,Neutral
ভাত খাওয়ার পর পরই পানি পান ঠিক নয়এটি বিজ্ঞানসম্মত মত কারণযে খাবারই খাই না কেনসেটি হজম হওয়ার জন্য পাকস্থলী থেকে গ্যাস্ট্রিক রস নিঃসৃত হয় খাবার খাওয়ার পর পরই পানি পান করলে রসটি ভালোভাবে কাজ করতে পারে না সে ক্ষেত্রে পুষ্টির ঘাটতি হয়   জানান পপুলার মেডিকেল কলেজ হাসপাতালের প্রধান পুষ্টিবিদ ও বিভাগীয় প্রধান নিশাত শারমিন,Neutral
মনঃসংযোগের অভাবটিভিস্মার্টফোনের মতো গ্যাজেটের অতিরিক্ত ব্যবহারের ফলে পড়ুয়াদের মনঃসংযোগের এমনিতেই বারোটা বেজে গেছে তর উপর পর পর এই উৎসব নয়তোসেই উৎসব লেগেই আছে তাই পড়াশোনায় সন্তানের মনোযোগ ফেরানোটা একটা ঝক্কির কাজ বৈকি তবে চিন্তা নেই এই টিপসগুলি মানলেই ফল পাবেন হাতেনাতে,Neutral
উচ্চমাধ্যমিকের বা এইচএসসির পরই আসলে বাইরে পড়াশোনা করতে যাবার মোক্ষম সময় তাছাড়া স্নাতক লেভেলে সব জায়গা থেকেই স্কলারশিপ পাওয়ার সুযোগ থাকে উন্নত শিক্ষাব্যবস্থা ও জীবনযাত্রাগবেষণা ও চাকরির ভালো ক্ষেত্র থাকার কারণে অনেকেই বিদেশের দিকে ঝুঁকছেন এইচএসসির পর বিদেশে পড়তে গেলে অনেক বিষয় সম্পর্কে নতুন দৃষ্টিভঙ্গিতে ভাবতে শেখা এবং স্বাধীনভাবে জীবনযাপন করতে শেখার ফলে শিক্ষার্থীরা অন্যদের তুলনায় অধিক দক্ষভাবে চিন্তা ও কাজ করতে শেখে তাই দেখা যায়বিদেশে থাকার অভিজ্ঞতা কখনো কখনো ব্যক্তির সামগ্রিক জীবনে ইতিবাচক ভূমিকা রাখে,Neutral
ঘুম থেকে ওঠার পর পা সোজা করেহাত টানটান করে কিছুক্ষণ শুয়ে থাকুন এর পর উঠে বসুন এতে সারা দিন আপনি সতেজ থাকবেন আর যদি ভাঁজ হয়ে ঘুম থেকে ওঠেনতাহলে সারা দিন ক্লান্ত লাগবে এবং ঘুম পাবে,Neutral
উচ্চ মাধ্যমিকের রেজাল্ট বের হওয়ার পর থেকেই সফল হওয়া বেশিরভাগ  বিজ্ঞান বিভাগের ছাত্রছাত্রীদের লক্ষ্য থাকে রাজ্য বা সর্বভারতীয়  জয়েন্ট এন্ট্রান্স দিয়ে ভালো একটা রাঙ্ক করে কোনো আই আই টিবা ভালো কোন সরকারি বা বেসরকারি ইঞ্জিনিয়ারিং কলেজে ভর্তি হওয়ার অনেকেরই আবার স্বপ্ন থাকে উচ্চ মাধ্যমিকের পর মেডিক্যাল লাইন নিয়ে পড়ার অর্থাৎ ভালো কোন ডাক্তার হিসেবে নিজেকে প্রতিষ্ঠিত করা তাদের বোঝা উচিত উচ্চ মাধ্যমিকের পর কী কোর্স করলে সহজেই ভবিষ্যৎ জীবনে প্রতিষ্ঠিত করা যায়,Neutral
ঘুম থেকে ওঠার পর পরই অল্প উষ্ণ জলএকটি সৈন্ধব লবণপাতিলেবু মিশিয়ে খাওয়া আপনার শরীরের পক্ষে ভাল শরীরকে ডিটক্স করা খুব দরকার ভালভাবে অক্সিজেন নেওয়া অভ্যাস করুন অনুলোম বিলোম করা খুব দরকার প্রাণভরে নিশ্বাস নিন এতে মানসিক শান্তি বজায় থাকে,Neutral
দশম শ্রেণির পর একটি স্ট্রিম নির্বাচন করে প্রতিটি শিক্ষার্থী তাদের যুদ্ধের অর্ধেক জয়ী হয় দ্বাদশ শ্রেণির পর কোর্স নির্বাচন তাদের দশম শ্রেণিতে নির্বাচিত স্ট্রিমের উপর নির্ভর করেযেমন বিজ্ঞানবাণিজ্য বা কলা সুতরাংযখন সঠিক পেশা বেছে নেওয়ার কথা আসেতখন শিক্ষার্থীদের সবচেয়ে সুবিধাজনক বিকল্পটি বেছে নেওয়া উচিত নয় পরিবর্তেতাদের এমন একটি বিকল্প নির্বাচন করা উচিত যা তাদেরকে অনুপ্রাণিত করে,Neutral
সকালের শুরুতেই এক গ্লাস জল পান করুন ঘুম থেকে ওঠার পরই শরীরকে হাইড্রেট করার জন্য এক গ্লাস জল খাওয়া অত্যন্ত জরুরি ত্বকে আর্দ্রতা বজায় থাকে যদি আরও ভাল ফল পেতে চানতাহলে ঘুম থেকে ওঠার পর খালি পেটে ঈষদুষ্ণ জলে লেবু ও এক চানম মধু মিশিয়ে খেতে পারেন এর জেরে শরীর থেকে টক্সিন বের করে দিতে সাহায্য করে,Neutral
সকালে ঘুম থেকে ওঠার পরই ঠান্ডাজল দিয়ে মুখ ধুয়ে ফেলুন সকালে মুখ পরিস্কার করার জন্য প্রাকৃতিক উপাদান সমৃদ্ধ কোনও ক্লিনজার বা ফেস ওয়াশ ব্যবহার করতে পারেন অ্যালোভেরা বা টি ট্রি ফেস ওয়াশ দিয়ে মুখ পরিস্কার করা দরকার হালকা ক্লিনজারও ব্যবহার করতে পারেন,Neutral
ফেস ওয়াশ ব্যবহারের পর অ্যান্টিঅক্সিডেন্ট সমৃদ্ধ অ্যালকোহল ফ্রি টোনার ব্যবহার করলে উপকার মেলে ত্বককে পুনরুজ্জীবিত করে তুলতে ও স্বাস্থ্যকর তৈরি করতে টোনার ব্যবহার করুন ময়েশ্চারাইজার ক্নিনজিং ও টোনিংয়ের পর ত্বককে কোমল ও ময়েশ্চার রাখতে পছন্দের ময়েশ্চারাইজার ব্যবহার করুন প্রসঙ্গত মনে রাখবেনত্বকের ধরন অনুযায়ী ময়েশ্চারাইজার ব্যবহার করা উচিত সানস্ক্রিন বাড়ির বাইরে বের হলে অবশ্যই সানস্ক্রিন লাগানো উচিত সূর্যের ক্ষতিকারক রশ্মি থেকে ত্বককে রক্ষা করতে ও ত্বকের মধ্যে লাবণ্য বজার রাখতে সানস্ক্রিন ব্যবহার করার অভ্যেস গড়ে তোলা উচিত,Neutral
ঘুম থেকে ওঠার পরই বেরনোর জন্য দৌড় ঝাঁপ শুরু করবেন না প্রয়োজনে একটু আগে উঠুন ঘুম থেকে আর ওঠার পর সবার আগে সামান্য শরীরচর্চা করে নিন হালকা যোগাসন করুন এই সময়ে এতে এনার্জি বাড়বে তার সঙ্গে বাড়বে একাগ্রতা অন্তত ২৫ মিনিট যোগাসন করুন মস্তিষ্ক সচল রাখতে এবং এনার্জি বাড়াতে দারুণ কাজ করে,Neutral
ঘুম থেকে ওঠার পরই আগে ঠান্ডা জলে চোখ মুখ ধুয়ে নিন দেখবেন কত ফ্রেশ লাগছে ঘুম থেকে ওঠার পর দীর্ঘক্ষণ বসে থাকবেন না তাতে ক্লান্তি আরও বাড়বে ঠান্ডা জলের ঝাপটা দিন চোখে মুখে ক্লান্তি কেটে যাবে ঘুমের সময়ে শরীরে জমে থাকা ময়লাও দূর হয়ে যাবে,Neutral
অফিসে বা বাসায় একাধারে অনেকক্ষণ বসে থাকবেন না ৩০ মিনিট থেকে ১ ঘণ্টা পর পর কিছু সময়ের জন্য উঠবেনএকটু হাঁটাহাঁটি করবেন এবং চেয়ারে বসে বসেই কিছু ব্যায়াম করতে পারেন এর পর লিফটের বদলে সিঁড়ি ব্যবহার করুন রিক্সা থেকে গন্তব্যের থেকে কিছু দূর আগে নেমে যান এবং বাকিটা পথ হেঁটে যান চেষ্টা করুন নিজেকে কর্মক্ষম রাখতে,Neutral
সময়ের অভাব থাকলে ঘুম থেকে ওঠার আধ ঘণ্টা পর হালকা জগিং বা মর্নিং ওয়ার্ক করুন ঘুম থেকে ওঠার পর ফ্রেশ হয়ে নাস্তা করে কয়েক ঘণ্টা পর ব্যায়াম করুন মনে রাখবেন কখনোই খালি পেটে ব্যায়াম করা যাবে না,Neutral
ভোরবেলা ব্যায়াম করার পরিকল্পনা থাকলে আগের দিনের সব কাজ তাড়াতাড়ি শেষ করে সঠিক সময়ে ঘুমাতে যান ৭ থেকে ৮ ঘন্টা ঘুমানোর পর নির্দিষ্ট সময় অপেক্ষা করে ব্যায়াম করা শুরু করতে পারেন যদি কোন দিন ঘুমাতে যেতে দেরি হয়ে যায় তবে ঘুম থেকে উঠেই আগের নিয়মের নির্দিষ্ট সময়ে ব্যায়াম শুরু করবেন না এতে আপনার শরীরের উপর অতিরিক্ত চাপ পড়তে পারে ঘুম থেকে ওঠার পর শরীরটাকে একটিভ হওয়ার জন্য অন্তত তিন ঘণ্টা সময় দিন শরীরের এনার্জি লেভেল স্বাভাবিক অবস্থায় পৌছালে তবেই ব্যায়াম করা শুরু করবেন,Neutral
ব্যায়াম করার জন্য সবচেয়ে উপযুক্ত সময় হচ্ছে দুপুরের পর বিকেলে মানে ঘুম থেকে ওঠার ৬ ঘণ্টা পর এবং ১২ ঘণ্টার মধ্যে যাদের ভারী এক্সারসাইজের পরিকল্পনা রয়েছে তারা দিনের বেলার যেকোনো একটি সময় বেছে নিন লাঞ্চ করার পর বসে না থেকে হালকা হাঁটুন দুপুরের খাবার গ্রহণের পর কমপক্ষে দুই ঘণ্টা পরে ব্যায়াম শুরু করতে পারেন,Neutral
সাধারণত সন্তানের জন্মের পর মায়ের শরীর দুর্বল থাকে তাই এই সময় বাড়তি যত্নের প্রয়োজন জানা উচিৎআপনার ছোট্ট বাবুকে দেখভালের স্বার্থেই আপনাকে ফিট থাকতে হবে তাই বলে ডেলিভারির কিছু দিন পর থেকেই প্রচুর এক্সারসাইজ আর কম খাওয়ার কথা ভুলেও ভাববেন না মা হওয়ার সময়ে শরীর যেমন ধাপে ধাপে বদলায়ঠিক সে ভাবেই ধীরে ধীরে আপনি আগের মতো চেহারা ফিরে পাবেন ওজন কমিয়ে রোগা হওয়ার চেয়ে জোর দিন ফিটনেসে বাচ্চাকে দেখাশোনা করার জন্য মায়ের ফিট থাকা অত্যন্ত জরুরি,Neutral
শরীরের উপর নির্ভর করে স্বাভাবিক পরিস্থিতিতে সন্তান হওয়ার পরের দিন থেকেই অল্প হাঁটাচলা করুন চিকিৎসকের কথা মেনে চলুন নর্মাল ডেলিভারি হলে স্বাভাবিক ছন্দে ফেরাটা সহজ হয় সিজারিয়ান ডেলিভারির ক্ষেত্রে মায়ের শরীর একটু হলেও দুর্বল থাকে তবে সন্তান প্রসবের পর থেকে প্রত্যেক দিনই একটু হাঁটাহাঁটি করবেন ধীরে ধীরে হাঁটার সময় বাড়াতে হবে নবজাতককে বাড়ি নিয়ে যাওয়ার পর থেকেই আসল চ্যালেঞ্জ সময় মতো ব্রেস্ট ফিডিংবাচ্চাকে ঘুম পাড়ানোন্যাপি বদলানোকাপড় কাচা ইত্যাদি চলতেই থাকবে আছে ঘুম নিয়ে তাই বাচ্চা যখন ঘুমোবে আপনিও একটু ঘুমিয়ে নিন,Neutral
সন্তান জন্মের পর মায়েরা পেট নিয়ে চিন্তিত থাকেন দুটি এক্সারসাইজ পেটের জন্য আদর্শ ক্রাঞ্চেস এবং লেগ রাইজ হোল্ডিং প্রথমে দিনে দশটি করে ক্রাঞ্চেস দিয়ে শুরু করুন পরে তা বাড়াবেন লেগ রাইজের ক্ষেত্রে প্রথম দিকে অন্তত দশ সেকেন্ড পা হোল্ড করার চেষ্টা করুন দিনে দুবেলা এই ব্যায়াম করতে পারেন ওয়াল পুশ আপ করুন ১০১২ বার করে তিন সেট স্কোয়াট করতে পারেন১০টা করে তিন সেট এক সপ্তাহের গ্যাপে টার্গেট বাড়ান,Neutral
সদর সাহেব সরেজমিনে আবাসন ব্যবস্থালঙ্গরখানাঅডিওভিডিওরেজিষ্ট্রেশনখেলাধুলাসহ অন্যান্য আয়োজন পরিদর্শন করেন পতাকা উত্তোলনের মাধ্যমে ইজতেমার আনুষ্ঠানিক উদ্বোধনের পর এই পরিদর্শন করা হয় জুমুআর নামাযের পর পবিত্র কুরআন ও নযম পাঠের মাধ্যমে ইজতেমার প্রথম অধিবেশন শুরু হয় সদর সাহেব আহাদ পাঠের পর উদ্বোধনী ভাষণ প্রদান করেন,Neutral
আমরা সকলেই জানি আমাদের সামগ্রিক সুস্থতার জন্য পানি গুরুত্বপূর্ণতবুও আমরা প্রতি দিন ব্যস্ততার সাথে পানি পানে আপোস করি আমরা সকলেই আমাদের পানির বোতলগুলি ভর্তি করতে এবং খালি হওয়ার পর পুনরায় পানি ভর্তি করতে খুব অলসতা করি যার ফলে কয়েক ঘণ্টা তৃষ্ণার্ত অবস্থায় থাকছি কিন্তু আপনার জন্য পরামর্শ হলো প্রথমেঘুম থেকে ওঠার সাথে সাথে কমপক্ষে ২৩ গ্লাস পানি পান করুন সুবিধার জন্য আপনি এতে লেবু এবং এক চিমটি দারচিনি যোগ করতে পারেন প্রতি ১২  ঘণ্টা পর পর আপনার আসন থেকে উঠে ওয়াটার কুলারটিতে যান এটি কেবল আপনাকে পানি খাওয়ানোর বিষয়টিই নিশ্চিত করবে না তবে আপনি নিয়মিত স্ট্রো গ্রহণও নিশ্চিত করবেন,Neutral
মুসলমানদের কাছে পৃথিবীর সবচেয়ে পর মানুষ মহানবী হযরত মুহাম্মদ স বিশ্বের সর্বকালের পর মহামানব হিসেবে মুসলিম সম্প্রদায়ের কাছে প্রশ্নাতীতভাবে স্বীকৃত এবার ইন্টারনেট জায়ান্ট গুগল ডটকমের র‍্যাংকিংয়েও বিশ্বসেরা মানুষ হিসেবে তালিকায় প্রথম স্থানে তারই নাম রয়েছে,Positive
মহামায়াই জীব মহামায়ার মহতী শক্তিই মায়া মহামায়াই ঈশ্বর মহামায়াই সচ্চিদানন্দ পরমাত্মাপর ব্রহ্ম মহামায়াই একমাত্র অদ্বৈতের পরাকাষ্ঠা তাই তো ঋষিগণ তাকে মায়া না বলে মায়ার অধীশ্বরী বলে কীর্তন করেন তাই পর ব্রহ্মকেই বিশেষভাবে মহামায়া বলা হয়ে থাকে ব্রহ্মের বিশ্লেষণ আর মহামায়ার বিশ্লেষণ একই হয় এবং দুটি শব্দই মায়ার অধীশ্বরীকে বোঝানো হয়,Positive
পৃথিবীর পর মানব মহানবী হযরত মুহাম্মদ সাঃ তিনি ছিলেন আল্লাহর প্রেরিত রাসূল মুহাম্মদ নামের বাংলা অর্থ প্রশংসনীয় এই নামটি পবিত্র কুরআন শরীফে মোট চারবার এসেছে পৃথিবীর একমাত্র ব্যক্তিযিনি জীবদ্দশায় একটিও মিথ্যা কথা বলেননিযার ব্যবহারে কোন সৃষ্টজীব কষ্ট পায়নি তাঁর সারাটা জীবন কেটেছে মানবজাতির মুক্তির কথা ভেবে পৃথিবীর বুকে তিনিই একমাত্র সর্বোত্তম ও আদর্শ ব্যক্তি যার সাথে তুলনীয় আর কেউ নেই কুরআন এবং মুসলিম ও উম্মাহই কেবল তাঁর শ্রেষ্ঠত্বের স্বীকৃতি দেয়নিদিয়েছিল অমুসলিম মনীষীরা ও অন্যান্য ধর্মগ্রন্থও,Positive
কুরআন হলো ইসলামের কেন্দ্রীয় ধর্মীয় পাঠ্যপুস্তক এবং সর্বশেষ ও সর্বশ্রেষ্ঠ আসমানী কিতাবযা স্বয়ং ঈশ্বরের নিকট হতে সর্বশেষ এবং নবী মুহাম্মদের উপর অবতীর্ণ হয়েছে বলে মুসলিমরা বিশ্বাস করে সম্পূর্ণ কুরআন ১১৪টি অধ্যায়ে বিভক্ত  যার প্রত্যেকটিকে সূরা বলেঅতঃপর আরো সহস্রাধিক ক্ষুদ্র ক্ষুদ্র শ্লোকে বিভক্ত যার প্রত্যেকটিকে আয়াত বলে মুসলিমরা বিশ্বাস করে যে কুরআন মৌখিকভাবে নবী মুহাম্মদের নিকট ফেরেশতা জিবরাইলের মাধ্যমে অবতীর্ণ হয়েছিলযা ধীরে ধীরে সম্পন্ন হতে প্রায় ২৩ বছর সময় লেগেছিলো কুরআন অবতীর্ণ হয় ৬১০ খ্রিষ্টাব্দে তখন মুহাম্মদের বয়স ছিলো ৪০ বছর এবং কুরআন সম্পূর্ণ হতে হতে তার বয়স ৬৩ তে এসে পৌছেছিলো মুসলিমরা কুরআনকে মুহাম্মদেএ সবচেয়ে গুরুত্বপূর্ণ অলৌকিক শক্তি এবং তার নবুওয়ত্বের প্রমাণ হিসেবে দাবি করে এবং একে ধারাবাহিক ঐশী বাণীগুলির পরিসমাপ্তি হিসেবে গণ্য করে যা আদ্মেএ প্রতি অবতীর্ণ বার্তাগুলি দিয়ে শুরু হয়েছিল এবং মুহাম্মদের উক্ত কিতাব দ্বারা শেষ হয়েছিল এটি ধ্রুপদী আরবি সাহিত্যের সেরা কাজ হিসাবে বিবেচিত,Positive
ইব্রাহিমীয় ধর্মতে সৃষ্টিকর্তা হচ্ছেন এক শক্তিশালীসতন্ত্র ও দয়াবান সত্বা যিনি এই মহাবিশ্বের সব কিছু সৃষ্টি করেছেন খ্রিস্টানদের ত্রিত্ববাদ অনুযায়ী ঈশ্বর সৃষ্টিকর্তা এই জগতের পিতা মুসলমানদের কাছে আল্লাহ সৃষ্টিকর্তা হলেন এক ও অদ্বিতীয় সত্বাযিনি লা শারিক যার সাথে কারো তুলনা করা যায় না এক্ষেত্রে ইহুদিদের বিশ্বাসও মুসলমানদের অনুরুপ বাহাই বিশ্বাসীদের মতেসৃষ্টিকর্তা হচ্ছেন অদ্বিতীয় ও মহাপরাক্রমশালী যিনি এই বিশ্বজগৎ সৃষ্টি করেছেন আর জরথুস্ত্রবাদ অনুযায়ীঅহুরা মাজদা সৃষ্টিকর্তা এই বিশ্বজগত সৃষ্টি করেছেন এবং অন্যায় ও অবিচারের বিরুদ্ধে লড়াই করে যাচ্ছেন হিন্দুদের নিকট সৃষ্টিকর্তা হচ্ছেন অদ্বিতীয় পরমাত্মা বা পর ব্রহ্মযিনি সকল জিনিস সৃষ্টি করে তার সৃষ্টির মাঝে বিদ্যমান রয়েছেন এবং জগতের সব কিছু নিয়ন্ত্রণ করেন,Positive
পর ব্রহ্ম বা নির্গুণ ব্রহ্মহিন্দু দর্শন অনুসারে সর্বোচ্চ ব্রহ্মযা সমস্ত বর্ণনা ও ধারণার বাইরে এটিকে নিরাকার হিসাবে বর্ণনা করা হয়েছেযা চিরকাল সবকিছুতে পরিবেষ্টিতযা মহাবিশ্বের সর্বত্র বিরাজমানএবং যা সবকিছুর বাইরে পর ব্রহ্ম সম্পর্কে বিভিন্ন ধারণা বিদ্যমান,Positive
অদ্বৈত বেদান্ত ঐতিহ্যেপর ব্রহ্ম নির্গুণ ব্রহ্মের সমার্থকঅর্থাৎ গুণবিহীন পরম বিপরীতভাবেদ্বৈত বেদান্ত ও বিশিষ্টাদ্বৈত বেদান্ত ঐতিহ্যে পর ব্রহ্মকে সগুণ ব্রহ্ম হিসাবে সংজ্ঞায়িত করা হয়েছেঅর্থাৎগুণাবলী সহ পরম বৈষ্ণবধর্মশৈবধর্ম ও শাক্তধর্মযথাক্রমে বিষ্ণুশিব এবং শক্তিকে পরব্রহ্ম হিসাবে বিবেচনা করে গাণপত্য সম্প্রদায় গণপতিকে এবং কার্তিকেয় সম্প্রদায় কার্তিককে পর ব্রহ্ম হিসেবে বিবেচনা করে,Positive
অদ্বৈত বেদান্তেপর ব্রহ্মকে নির্গুণ ব্রহ্ম হিসাবে সংজ্ঞায়িত করা হয়েছে এটি স্বয়ংসম্পূর্ণ ব্রহ্মের সাথে অভিন্ন হিসাবে সম্পূর্ণ জ্ঞানের একটি অবস্থামানসিকআধ্যাত্মিক জ্ঞান জ্ঞান যোগ এটি সগুণ ব্রহ্মের সাথে বৈপরীত্য করে যা প্রেমময় সচেতনতার একটি অবস্থা অদ্বৈত বেদান্ত দ্বৈতবাদীভাবে মনে করেন যে ব্রহ্ম ঐশ্বরিকঈশ্বর ব্রহ্মএবং এটি আত্মার নিজের আত্মাঅন্তর্নিহিত আত্মা এবং নির্গুণ গুণহীনঅসীমপ্রেমসত্যজ্ঞানসত্তাচেতনাআনন্দ এর অনুরূপ,Positive
পরম সত্যকে জানে এমন বিদ্যাশাস্ত্রবিদরা এই অদ্বৈত সত্তাকে ব্রহ্মপরমাত্মা বা ভগবান বলেন যে ব্যক্তি পর ব্রহ্মকে উপলব্ধি করে সে পরম সৌভাগ্য লাভ করে সেই পর ব্রহ্ম চিরন্তন সত্য সত্যমসর্বজ্ঞ জ্ঞানমঅসীম অনন্তম উপনিষদে বলা হয়েছে যেপর ব্রহ্ম চিরন্তনচৈতন্যময় ও সুখী সতচিতআনন্দ এই সত্যের উপলব্ধি এই সত্যের সমান হওয়া,Positive
বৈষ্ণব ধর্মেবিষ্ণুকে পরব্রহ্মআদিনারায়ণ হিসাবে বিবেচনা করা হয় বিষ্ণু তাঁর বিশ্বরূপে সর্বশ্রেষ্ঠ বলে বিবেচিত হন তাঁর আবাসস্থলকে বৈকুণ্ঠ বলা হয় এবং সেখানকার নাম পরা বাসুদেব,Positive
শৈব ধর্মেশিব হলেন পরব্রহ্ম পরাশিবভগবান শিবের পরম রূপপরা ব্রহ্ম হিসেবে বিবেচিত পৌরাণিক কাহিনী অনুসারেপরাশিব হল সমস্ত আত্মা ও দেবতাদের একক অবতার তাকে একমাত্র আদিপুরুষ বা মহাদেব হিসাবেও চিত্রিত করা হয়েছে,Positive
"যিনি পর ব্রহ্মতিনি কালী মা আদ্যাশক্তি যখন নিষ্ক্রিয়তাঁকে পর ব্রহ্ম বলে কই যখন সৃষ্টিস্থিতিপ্রলয় এই সব কাজ করেনতাঁকে শক্তি বলে কই স্থির জল পর ব্রহ্মের উপমা জল হেলচে দুলচেশক্তি বা কালীর উপমা কালী কিনা — যিনি মহাকালের ব্রহ্মের সহিত রমণ করেন কালী সাকার আকার নিরাকারা 
তোমাদের যদি নিরাকার বলে বিশ্বাসকালীকে সেইরূপ চিন্তা করবে একটা দৃঢ় করে তাঁর চিন্তা করলে তিনিই জানিয়ে দেবেনতিনি কেমন শ্যামপুকুরে পৌঁছিলে তেলীপাড়াও জানতে পারবে জানতে পারবে যে তিনি শুধু আছেন অস্তিমাত্রম্‌ তা নয় তিনি তোমার কাছে এসে কথা কবেন আমি যেমন তোমার সঙ্গে কথা কচ্ছি বিশ্বাস করো সব হয়ে যাবে",Positive
মহামায়াই পর ব্রহ্ম আর মায়াও তার থেকে ভিন্ন নয় তথাপি অধীনস্তযেখানে মহামায়ার মহতী মায়া নাইপ্রপঞ্চের সত্যতাও নাই মিথ্যাও নাই নির্গুণ চৈতন্য মহামায়া যখন বহুভাবে ব্যক্ত হইবার ইচ্ছা প্রকাশ করেতখন ওই চৈতন্যের সুপ্ত মায়া প্রপঞ্চরূপে অভিব্যক্ত হন এই বহুভাবের বিশ্বপ্রপঞ্চের মায়ার বীজ গর্ভে ধারণ করেন বলিয়াই পর ব্রহ্ম আমাদের কাছে জননীআবার জগৎরূপে প্রকটিত হইয়া অর্থাৎ অব্যক্ত জীবনসমূহকে প্রসব করিয়া পুনরায় নির্গুত্বে উপনীত করিবার জন্য স্বয়ং মহতী পর ব্রহ্ম মহামায়া ক্রিয়াশক্তিরূপে প্রকটিত হইয়া থাকেন এবং স্বীয় অঙ্কধৃত জীবজগৎকে পুনরায় নিজ ব্রহ্মত্বে প্রলীন করিয়া থাকেনতাই মহামায়াই সৃষ্টি স্থিতি প্রলয়ের একমাত্র অধীশ্বরীজগদ্ধিধাত্রীজগৎপালয়ত্রীজগৎসংহর্ত্রী মোক্ষপ্রদায়িনী জননী,Positive
মহামায়াই পর ব্রহ্মতিনিই জীবরূপে প্রকট হনতাই জীব ব্রহ্ম অভেদ আত্ম আচার্য শঙ্করের বেদান্তে যে ব্রহ্ম কে নির্দেশ করা হয়েছে তা প্রকৃতার্থে মহামায়াইকারণ ব্রহ্মতত্ত্বের পাশাপাশি বেদান্তের মায়াতত্ত্বটিও মহামায়ার অধীনস্ত হচ্ছে মহামায়া স্বয়ং পরব্রহ্ম না হলে কেনই বা মায়া তার অধীনস্ত হতে যাবেএতেই প্রমাণ হয় ভগবতী ব্রহ্মের মায়াশক্তি ননতিনি স্বয়ংই বেদান্তের পর ব্রহ্ম,Positive
মহামায়া কেন পর ব্রহ্ম উদাহরণ স্বরূপ যেমন মাকড়সামাকড়সার মধ্যেই জাল সুপ্তভাবে থাকেসেই জাল মাকড়সা বিস্তার করেকিন্তু নিজের জালে নিজে জড়ায় নাএই মাকড়সা হলেন পর ব্রহ্ম বামহামায়া মহামায়ার মধ্যে মায়াশক্তি সুপ্ত ভাবে থাকে সৃষ্টির প্রারম্ভেসৃষ্টিকালে পর ব্রহ্ম মহামায়া স্বয়ং নিজের মধ্যে থেকে সেই মায়ারূপী জাল বিস্তার করেন এবং বিশ্বপ্রপঞ্চ সৃষ্টি হয়মহামায়া স্বয়ং সেই মায়ার চরম নিয়ান্ত্রী এবং অধীশ্বরীতাই তিনি মহামায়া অর্থাৎ মহতী মায়া যার অধীনে,Positive
মাতৃঅঙ্কে প্রতিপালিত হইয়ামাতৃস্তন্যে পরিপুষ্ট হইয়া যে সন্তান আপন গর্ভধারিণীকে জগৎজননী মহামায়াকে জানে নাসেই পুত্র যতই না কেন অভ্যূদয়সম্পন্ন হউকযতই না জ্ঞান এর শিখরে আরোহন করুকযতই সম্মানিত হোকবাস্তবে সে যেরূপ ঘৃণার পাত্র সেইরূপ মানুষ যদি মহামায়াকে মা বা ব্রহ্ম বলিয়া জানিতে বা চিনিতে না পরেতাহার মনুষ্য জন্মই বৃথা যে মহামায়াকে মায়া না বলে পর ব্রহ্মরূপে চিনিতে পারে তার জীবনীই সার্থক,Positive
জীবনের প্রতিটি ক্ষণে যে উনি আমাদের ক্ষুদা তৃষ্ণাকাম ক্রোধসুখ দুঃখপাপ পুন্যজন্ম মৃত্যুদিনটা হীনতাসুখ আনন্দস্বর্গ নরকজ্ঞান অজ্ঞানযাহা কিছু সবই যে তিনিআমাদের অন্তরে বাহিরে একমাত্র মহামায়া পর ব্রহ্ম পূর্ণভাবে প্রকটিত যাহাকে আমরা চাইযাহাকে অন্বেষণ করিতিনিই যে মহামায়া মাআমাদের স্নেহময় আলিঙ্গনে বক্ষে জড়াইয়া ধরিয়া অন্তত জন্মমৃত্যু প্রবাহের ভিতর দিয়াউন্মাদিনীবেশে আলুলায়িত কেশেপুত্র আয় আয় বলিয়া ছুটিয়া চালিয়েছেন বড় আদরে অতি যত্নে আমাদের জোর পরমাণু হইতে জীবশ্রেষ্ঠ মানবকুলে আনিয়া উপস্থিত করিয়াছেন এতদিন এই মহামায়াকে আমরা চিনিতে পারি নাই সত্যিই তিনি তার মায়াশক্তি দিয়ে মহাজ্ঞানী হইতে ত্রিদেবকেও মোহাচ্ছন্ন করিয়া রাখেন কিন্তু স্বয়ং তিনিই সেই মায়ার উর্ধে,Positive
কিছু তথাকথিত অদ্বৈতবাদী মহাপন্ডিতরা যাঁকে সাধনার বাধা বা অন্তরায় বলে ঘৃণাব্যঞ্জক কুটিল কটাক্ষে পরিহার করেনমায়ামিথ্যাবন্ধন পর ব্রহ্ম অধীনস্থ মায়াশক্তি ইত্যাদি বলে অপমান করে চোখ বন্ধ করার চেষ্টা করেন সেই তিনিই যে ঊর্ধ্বেনিম্নেপূর্বেপশ্চিমেউত্তরেদক্ষিণেসৃষ্টির আদিতেসৃষ্টির অন্তেসৃষ্টির মধ্যেসৃষ্টির বাইরেকালের ঊর্ধ্বেকালের মধ্যে বলা ভালো যা কিছু দৃষ্টিগোচর হয় তাই পর ব্রহ্ম মহামায়া মা এটিই ব্রহ্মের বৈশিষ্ট যে ব্রহ্ম সার্বভৌম মহামায়াকে পর ব্রহ্ম বলে জেনে আমরা বুঝলাম যে মহামায়াই একমাত্র সার্বভৌম তাই মহামায়ার পর ব্রহ্মত্ব প্রতিপাদনে আর কোনো বাধা রইলো না,Positive
শ্রীকৃষ্ণ পর বৈষ্ণব আর শ্রীচৈতন্য যেন তার মানব অবতার পরম প্রেমের ঠাকুর ভুলিয়ে দিয়েছিলেন মানুষে মানুষে ভেদাভেদ তার মুখে কৃষ্ণমন্ত্রে শান্তি পেয়েছে অনেক বিদগ্ধ হৃদয় প্রেমের বাণীতে জগতের মানুষের আর প্রতিটি জীবের উদ্ধার এই ছিল তার মূলমন্ত্র বৈষ্ণব সম্প্রদায় আজও পৃথিবীর সকল প্রান্তেসমাজের সর্বস্তরে তার বাণী প্রচার করতে সদাব্রতী,Positive
দেবগুরু বৃহস্পতি পর গুরু সৌরমন্ডলের সকল গ্রহের রাজা এই পর গুরু বৃহস্পতি গুরু বৃহস্পতি অগ্নির সাথে গভীর সাযুজ্যপূর্ণ হিন্ধু পুরান মতে ঋষি বৃহস্পতির জন্ম এমন এক জ্যোতি থেকে যা ঘনীভূত অন্ধকার দূর করে সৃষ্টি করে এক অদ্ভুত উজ্জ্বল আলোর আভা তার অসীম জ্ঞান আর পান্ডিত্য এবং অসামান্য চারিত্রিক বৈশিষ্ট তাকে সকল দেবতার পর গুরুর আসনে প্রতিষ্ঠা করেছে তিনি দেবগুরু ছাড়াও বামনস্পতিপুরোহিত নামে পরিচিত হন ঋষি অঙ্গিরার পুত্র বলে তাকে অঙ্গিরাসা বলেও অনেক সময় অভিহিত করা হয় দেবগুরু বৃহস্পতির পত্নী তারা,Positive
অখিল বিশ্বব্রহ্মাণ্ডের যেদিকেই তোমরা দৃষ্টি রাখো সেদিকেই তাঁকে দেখতে পাবে এই ব্রহ্মাণ্ডে পর ব্রহ্ম  বা সৃষ্টিকর্তা কাউকে দেখতে পাবে না তিনি সর্বান্তরযামী সকলের স্বামী সকলে তাঁর দাসসেবক তিনি পরম প্রশাসক তাঁর উপর প্রভাব বিস্তার করার ক্ষমতা অন্যের নেই তাঁরই শাসনে সকলে চলে সকলে তাঁর আজ্ঞাবহ,Positive
বাসুদেব শব্দ পর ব্রহ্মবাচক সর্বভূতে বাস করেন বলিয়াই তিনি বাসুদেব সর্বভূতাধিবাসশ্চ বাসুদেবস্ততো হ্যহম্‌ব্রহ্ম শব্দেরও উহাই অর্থ বৃহত্ত্বাৎ ব্রহ্মযেন সর্বম্‌ ইদং ততম্‌ এইরূপসমস্ত ব্যাপিয়া আছেন বলিয়াই তিনি আবার বিষ্ণু বিষ্‌  বিস্তারে ব্রহ্মবাদী বলেন  সমস্তই ব্রহ্ম সর্বং খল্বিদং ব্রহ্ম; গীতা বলেন  সমস্তই বাসুদেব বাসুদেবঃ সর্বমিতি; বিষ্ণুপুরাণ বলেন  জগৎ বিষ্ণুময় ইদং বিষ্ণুময়ং জগৎ সর্বত্রই এক তত্ত্ব,Positive
স্কন্দোপনিষদ্‌ যুদ্ধের দেবতা তথা শিবের পুত্র কার্তিকের স্কন্দ দ্বারা কথিত হয়েছে এই উপনিষদে স্কন্দকে  পর ব্রহ্ম নামে পরিচিত পরম সত্য বলে উল্লেখ করা হয়েছে সেই সঙ্গে এই গ্রন্থে তাঁকে চৈতন্যআত্মা ও শিব বলেও উল্লেখ করা হয়েছে,Positive
আত্মা ছাড়া সকল জড় বস্তুই ধ্বংসকারক চৈতন্য ও জড়তার মধ্যে পার্থক্য নিরুপণ করতে পারেন অচ্যুত বিষ্ণুর একটি নাম তিনিই জ্ঞানশিববিষ্ণুপরমেশ্বরজ্যোতির জ্যোতি ও পর ব্রহ্ম স্কন্দ ঘোষণা করছেন যেতিনিই ব্রহ্ম,Positive
প্রাপ্তির পরে মহাপুরুষগণের দেহ পর ব্রহ্ম ধারণ করেন ব্রহ্ম থেকে অভিন্ন অবস্থাযুক্ত ঐ মহাত্মাগণের বুদ্ধি যন্ত্রমাত্র হয়ে যায় তাঁদের মাধ্যমে ব্রহ্মই কথা বলেন তাঁদের বাণীতে এই যজ্ঞের বিস্তৃত বর্ণনা করা হয়েছে এই সমস্ত যজ্ঞকে তুমি কর্মজীন বিদ্ধিকর্ম থেকে উৎপন্ন হয়েছে জানবে,Positive
শ্রীকৃষ্ণ স্বয়ং পর ব্রহ্ম ব্রহ্ম শব্দটি বৃংহ ধাতু হতে এসেছে বৃংহ ধাতুর অর্থ বড় হওয়াবড় করা যিনি সবচেয়ে বড় তিনিই ব্রহ্ম চন্দ্রসূর্যগ্রহনক্ষত্রএই পরিদৃশ্যমান জগৎ এই সমস্তের মূল যিনি এবং যাতে অবস্থিত তিনি ব্রহ্ম তিনি অন্য সকলের অপেক্ষা বড় সকলের অপেক্ষায় সকল বিষয়ে সমধিক রূপে বড়,Positive
ভব সাগর তারন কারক হেরবি নন্দন বন্ধন খন্ডন হেশরনাগত কিঙ্কর ভীত মনেগুরুদেব দয়া কর দীনজনে হৃদি কন্দরতামস ভস্কর হেতুমি বিষ্ণু প্রজাপতি শঙ্কর হে পর ব্রহ্ম পরাৎপর বেদভনেগুরুদেব দয়া কর দীনজনে মন বারনশাসন অঙ্কুশ হেনবত্রান তরে হরি চাক্ষুষ হেগুনগান পরায়ন দেবগনেগুরুদেব দয়া কর দীনজনে,Positive
প্রসঙ্গত বলা প্রয়োজন যেশ্রীকৃষ্ণকে বোঝার জন্যে গভীর অনুধ্যানের প্রয়োজন রয়েছে শ্রীরাধিকার বিষয়টি মূলত ব্রহ্মবৈবর্ত পুরাণে বিধৃত রয়েছে সুতরাং শ্রীকৃষ্ণকে সম্যক অনুধ্যানের চেষ্টা করা হলে অবতারতত্ত্ব উপলব্ধিতে আনতে হবে পর ব্রহ্ম থেকে পুরুষপ্রকৃতির বিভাজিত প্রকাশ এবং পুরুষই ব্রহ্মা বিষ্ণু শিব—এ ত্রিরূপে প্রকটিত বিষ্ণুই নারায়ণ শঙ্খচক্রগদাপদ্মধারী বিষ্ণুই ষড়বিধ অবতারে যুগে যুগে অবতীর্ণ হন যথা  যুগাবতার চার যুগে চার অবতারমন্বান্তর অবতার চৌদ্দটি মন্বন্তরে চৌদ্দ অবতার,Positive
বারো মাসে তের পর্বণ কথাটি হিন্দু সম্প্রদায়ের জন্য প্রচলিত থাকলেও শারদীয়া বা দূর্গা পূজাই বেশি আনন্দ উৎসবের মাধ্যমে পালন করা হয় দেবী দূর্গা হলেন শক্তির রূপতিনি পর ব্রহ্ম অনান্য দেব দেবী মানুষের মঙ্গলার্থে তাঁর বিভিন্ন রূপের প্রকাশ মাত্র,Positive
সততা পর গুন মানুষের ছয় রিপুকে একপাশে সরিয়ে রেখে সৎ হওয়ার যে প্রচেষ্টা তা তার মধ্যে জাগরিত বিবেকের উপস্থিতির পরিচয় বর্তমান পরিস্থিতিতে সকল লোভের হাতছানি এড়িয়ে সৎভাবে নিজের কাজটুকু করে যেতেও মানুষকে যথেষ্ট মনের জোর আর দৃঢ় ব্যক্তিত্বের পরিচয় দিতে হয় সমাজ তার অধিকাংশ মানুষকেই দুর্নীতিগ্রস্ত হিসেবে জানলেও তাদের মুখোশ খুলে চিহ্নিত করতে অক্ষম তাই এরকম মানুষের ভিড়ে কিছু পর গুনের অধিকারী সৎ মানুষের উপস্থিতি অসৎ মানুষদের ম্লান করে তাই পথ শক্ত হলেও সততা আজকাল একান্ত জরুরি,Positive
